season,event_slug,caption_key,judge_id,judge_number
2013,2013-a-blast-in-the-burg,CG,c-costanza-1,1
2013,2013-a-blast-in-the-burg,GE1,m-thompson-1,1
2013,2013-a-blast-in-the-burg,GE2,s-page-1,1
2013,2013-a-blast-in-the-burg,MA,c-romanowski-1,1
2013,2013-a-blast-in-the-burg,MB,c-phillips-1,1
2013,2013-a-blast-in-the-burg,MP,j-missing-1,1
2013,2013-a-blast-in-the-burg,VA,w-chumley-1,1
2013,2013-a-blast-in-the-burg,VP,j-missing-1,1
2013,2013-alabama-sounds-of-summer,CG,l-carlson-1,1
2013,2013-alabama-sounds-of-summer,GE1,d-deems-1,1
2013,2013-alabama-sounds-of-summer,GE2,j-denton-1,1
2013,2013-alabama-sounds-of-summer,MA,r-rios-1,1
2013,2013-alabama-sounds-of-summer,MB,b-taylor-1,1
2013,2013-alabama-sounds-of-summer,MP,a-dunn-1,1
2013,2013-alabama-sounds-of-summer,VA,j-carlisle-1,1
2013,2013-alabama-sounds-of-summer,VP,k-miller-1,1
2013,2013-brass-impact,CG,r-solomon-1,1
2013,2013-brass-impact,GE1,j-corradino-1,1
2013,2013-brass-impact,GE2,j-bell-1,1
2013,2013-brass-impact,MA,d-mcgrath-1,1
2013,2013-brass-impact,MB,b-fabrizio-1,1
2013,2013-brass-impact,MP,m-mullinix-1,1
2013,2013-brass-impact,VA,j-carlisle-1,1
2013,2013-brass-impact,VP,e-warren-1,1
2013,2013-cavalcade-of-brass,CG,r-kemp-1,1
2013,2013-cavalcade-of-brass,GE1,m-czapinksi-1,1
2013,2013-cavalcade-of-brass,GE2,r-isoda-1,1
2013,2013-cavalcade-of-brass,MA,l-eubanks-1,1
2013,2013-cavalcade-of-brass,MB,c-phillips-1,1
2013,2013-cavalcade-of-brass,MP,c-romanowski-1,1
2013,2013-cavalcade-of-brass,VA,c-moss-1,1
2013,2013-cavalcade-of-brass,VP,j-orefice-1,1
2013,2013-celebration-in-brass,CG,t-ochran-1,1
2013,2013-celebration-in-brass,GE1,m-turner-1,1
2013,2013-celebration-in-brass,GE2,p-hinman-1,1
2013,2013-celebration-in-brass,MA,j-bell-1,1
2013,2013-celebration-in-brass,MB,j-harper-1,1
2013,2013-celebration-in-brass,MP,m-davis-1,1
2013,2013-celebration-in-brass,VA,w-chumley-1,1
2013,2013-celebration-in-brass,VP,j-gilley-1,1
2013,2013-corps-at-the-crest-san-diego,CG,g-oliviero-1,1
2013,2013-corps-at-the-crest-san-diego,GE1,m-stone-1,1
2013,2013-corps-at-the-crest-san-diego,GE2,j-bell-1,1
2013,2013-corps-at-the-crest-san-diego,MA,j-kennedy-1,1
2013,2013-corps-at-the-crest-san-diego,MB,p-haines-1,1
2013,2013-corps-at-the-crest-san-diego,MP,j-missing-1,1
2013,2013-corps-at-the-crest-san-diego,VA,c-nelson-1,1
2013,2013-corps-at-the-crest-san-diego,VP,r-solomon-1,1
2013,2013-corps-at-the-crest-walnut,CG,r-solomon-1,1
2013,2013-corps-at-the-crest-walnut,GE1,m-stone-1,1
2013,2013-corps-at-the-crest-walnut,GE2,m-griffin-1,1
2013,2013-corps-at-the-crest-walnut,MA,p-haines-1,1
2013,2013-corps-at-the-crest-walnut,MA,m-griffin-1,2
2013,2013-corps-at-the-crest-walnut,MB,j-bell-1,1
2013,2013-corps-at-the-crest-walnut,MP,j-kennedy-1,1
2013,2013-corps-at-the-crest-walnut,VA,l-carlson-1,1
2013,2013-corps-at-the-crest-walnut,VA,m-stone-1,1
2013,2013-corps-at-the-crest-walnut,VP,c-nelson-1,1
2013,2013-dci-arkansas,CG,m-stone-1,1
2013,2013-dci-arkansas,GE1,j-orefice-1,1
2013,2013-dci-arkansas,GE2,a-lo-1,1
2013,2013-dci-arkansas,MA,j-webb-1,1
2013,2013-dci-arkansas,MB,w-dillon-1,1
2013,2013-dci-arkansas,MP,t-fox-1,1
2013,2013-dci-arkansas,VA,b-mascaro-1,1
2013,2013-dci-arkansas,VP,c-nelson-1,1
2013,2013-dci-atlanta-southeastern-championship,CG,d-torchia-1,1
2013,2013-dci-atlanta-southeastern-championship,GE1,m-kelly-1,1
2013,2013-dci-atlanta-southeastern-championship,GE2,j-harper-1,1
2013,2013-dci-atlanta-southeastern-championship,MA,j-harper-1,1
2013,2013-dci-atlanta-southeastern-championship,MA,d-mcgrath-1,1
2013,2013-dci-atlanta-southeastern-championship,MB,g-boulden-1,1
2013,2013-dci-atlanta-southeastern-championship,MP,c-rothe-1,1
2013,2013-dci-atlanta-southeastern-championship,VA,m-kelly-1,1
2013,2013-dci-atlanta-southeastern-championship,VA,m-lentz-1,1
2013,2013-dci-atlanta-southeastern-championship,VP,k-miller-1,1
2013,2013-dci-capitol-classic-corps-show,CG,c-dillon-1,1
2013,2013-dci-capitol-classic-corps-show,GE1,c-costanza-1,1
2013,2013-dci-capitol-classic-corps-show,GE2,m-rubino-1,1
2013,2013-dci-capitol-classic-corps-show,MA,m-davis-1,1
2013,2013-dci-capitol-classic-corps-show,MA,m-rubino-1,2
2013,2013-dci-capitol-classic-corps-show,MB,s-page-1,1
2013,2013-dci-capitol-classic-corps-show,MP,j-wilson-1,1
2013,2013-dci-capitol-classic-corps-show,VA,j-sterrett-1,1
2013,2013-dci-capitol-classic-corps-show,VA,c-costanza-1,1
2013,2013-dci-capitol-classic-corps-show,VP,m-thompson-1,1
2013,2013-dci-championships-open-class-championship-finals,CG,c-dillon-1,1
2013,2013-dci-championships-open-class-championship-finals,GE1,c-williams-1,1
2013,2013-dci-championships-open-class-championship-finals,GE2,r-greenwell-1,1
2013,2013-dci-championships-open-class-championship-finals,MA,b-fabrizio-1,1
2013,2013-dci-championships-open-class-championship-finals,MB,s-page-1,1
2013,2013-dci-championships-open-class-championship-finals,MP,c-rothe-1,1
2013,2013-dci-championships-open-class-championship-finals,VA,j-sturgeon-1,1
2013,2013-dci-championships-open-class-championship-finals,VP,w-chumley-1,1
2013,2013-dci-dallas-presented-by-north-texas-festival-of-drums-and-bugles,CG,c-nelson-1,1
2013,2013-dci-dallas-presented-by-north-texas-festival-of-drums-and-bugles,GE1,m-stone-1,1
2013,2013-dci-dallas-presented-by-north-texas-festival-of-drums-and-bugles,GE2,d-carbone-1,1
2013,2013-dci-dallas-presented-by-north-texas-festival-of-drums-and-bugles,MA,t-fox-1,1
2013,2013-dci-dallas-presented-by-north-texas-festival-of-drums-and-bugles,MB,a-lo-1,1
2013,2013-dci-dallas-presented-by-north-texas-festival-of-drums-and-bugles,MP,g-fugett-1,1
2013,2013-dci-dallas-presented-by-north-texas-festival-of-drums-and-bugles,VA,j-orefice-1,1
2013,2013-dci-dallas-presented-by-north-texas-festival-of-drums-and-bugles,VP,b-mascaro-1,1
2013,2013-dci-eastern-classic,CG,s-adamo-1,1
2013,2013-dci-eastern-classic,GE1,r-kemp-1,1
2013,2013-dci-eastern-classic,GE1,m-turner-1,2
2013,2013-dci-eastern-classic,GE2,g-fugett-1,1
2013,2013-dci-eastern-classic,GE2,k-turner-1,2
2013,2013-dci-eastern-classic,MA,j-kennedy-1,1
2013,2013-dci-eastern-classic,MB,a-lo-1,1
2013,2013-dci-eastern-classic,MP,j-prosperie-1,1
2013,2013-dci-eastern-classic,VA,g-oliviero-1,1
2013,2013-dci-eastern-classic,VP,j-orefice-1,1
2013,2013-dci-eastern-classic-2,CG,s-adamo-1,1
2013,2013-dci-eastern-classic-2,GE1,r-kemp-1,1
2013,2013-dci-eastern-classic-2,GE1,m-turner-1,2
2013,2013-dci-eastern-classic-2,GE2,g-fugett-1,1
2013,2013-dci-eastern-classic-2,GE2,k-turner-1,2
2013,2013-dci-eastern-classic-2,MA,j-kennedy-1,1
2013,2013-dci-eastern-classic-2,MB,a-lo-1,1
2013,2013-dci-eastern-classic-2,MP,j-prosperie-1,1
2013,2013-dci-eastern-classic-2,VA,g-oliviero-1,1
2013,2013-dci-eastern-classic-2,VP,j-orefice-1,1
2013,2013-dci-houston-presented-by-the-exsightment-of-sound,CG,m-turner-1,1
2013,2013-dci-houston-presented-by-the-exsightment-of-sound,GE1,r-kemp-1,1
2013,2013-dci-houston-presented-by-the-exsightment-of-sound,GE2,d-carbone-1,1
2013,2013-dci-houston-presented-by-the-exsightment-of-sound,MA,a-lo-1,1
2013,2013-dci-houston-presented-by-the-exsightment-of-sound,MB,l-eubanks-1,1
2013,2013-dci-houston-presented-by-the-exsightment-of-sound,MP,j-pipitone-1,1
2013,2013-dci-houston-presented-by-the-exsightment-of-sound,VA,d-torchia-1,1
2013,2013-dci-houston-presented-by-the-exsightment-of-sound,VP,f-morris-1,1
2013,2013-dci-in-the-heartland,CG,j-gilley-1,1
2013,2013-dci-in-the-heartland,GE1,d-deems-1,1
2013,2013-dci-in-the-heartland,GE2,j-webb-1,1
2013,2013-dci-in-the-heartland,MA,b-taylor-1,1
2013,2013-dci-in-the-heartland,MB,d-davis-1,1
2013,2013-dci-in-the-heartland,MP,a-dunn-1,1
2013,2013-dci-in-the-heartland,VA,j-corradino-1,1
2013,2013-dci-in-the-heartland,VP,r-ryles-1,1
2013,2013-dci-minnesota,CG,m-lentz-1,1
2013,2013-dci-minnesota,GE1,l-carlson-1,1
2013,2013-dci-minnesota,GE1,d-niebauer-1,2
2013,2013-dci-minnesota,GE2,w-dillon-1,1
2013,2013-dci-minnesota,GE2,n-jones-1,2
2013,2013-dci-minnesota,MA,k-turner-1,1
2013,2013-dci-minnesota,MA,w-dillon-1,1
2013,2013-dci-minnesota,MA,n-jones-1,2
2013,2013-dci-minnesota,MB,m-mcgahey-1,1
2013,2013-dci-minnesota,MP,m-griffin-1,1
2013,2013-dci-minnesota,VA,l-carlson-1,1
2013,2013-dci-minnesota,VA,k-giese-1,1
2013,2013-dci-minnesota,VA,d-niebauer-1,2
2013,2013-dci-minnesota,VP,b-jones-1,1
2013,2013-dci-north-alabama,CG,l-carlson-1,1
2013,2013-dci-north-alabama,GE1,b-jones-1,1
2013,2013-dci-north-alabama,GE2,n-jones-1,1
2013,2013-dci-north-alabama,MA,j-kennedy-1,1
2013,2013-dci-north-alabama,MB,c-crotts-1,1
2013,2013-dci-north-alabama,MP,g-fugett-1,1
2013,2013-dci-north-alabama,VA,j-carlisle-1,1
2013,2013-dci-north-alabama,VP,k-giese-1,1
2013,2013-dci-north-dallas-presented-by-coserv-electric-for-red-river-thunder,CG,r-kemp-1,1
2013,2013-dci-north-dallas-presented-by-coserv-electric-for-red-river-thunder,GE1,f-morris-1,1
2013,2013-dci-north-dallas-presented-by-coserv-electric-for-red-river-thunder,GE2,d-davis-1,1
2013,2013-dci-north-dallas-presented-by-coserv-electric-for-red-river-thunder,MA,l-eubanks-1,1
2013,2013-dci-north-dallas-presented-by-coserv-electric-for-red-river-thunder,MB,m-mcgahey-1,1
2013,2013-dci-north-dallas-presented-by-coserv-electric-for-red-river-thunder,MP,m-griffin-1,1
2013,2013-dci-north-dallas-presented-by-coserv-electric-for-red-river-thunder,VA,d-torchia-1,1
2013,2013-dci-north-dallas-presented-by-coserv-electric-for-red-river-thunder,VP,m-turner-1,1
2013,2013-dci-southern-mississippi,CG,d-niebauer-1,1
2013,2013-dci-southern-mississippi,GE1,l-carlson-1,1
2013,2013-dci-southern-mississippi,GE2,j-denton-1,1
2013,2013-dci-southern-mississippi,MA,a-dunn-1,1
2013,2013-dci-southern-mississippi,MB,r-rios-1,1
2013,2013-dci-southern-mississippi,MP,j-prosperie-1,1
2013,2013-dci-southern-mississippi,VA,s-pizani-1,1
2013,2013-dci-southern-mississippi,VP,j-carlisle-1,1
2013,2013-dci-southwestern-championships-the-alamodome,CG,j-gilley-1,1
2013,2013-dci-southwestern-championships-the-alamodome,GE1,m-czapinksi-1,1
2013,2013-dci-southwestern-championships-the-alamodome,GE1,f-morris-1,2
2013,2013-dci-southwestern-championships-the-alamodome,GE2,j-allison-dma-1,1
2013,2013-dci-southwestern-championships-the-alamodome,GE2,j-bell-1,2
2013,2013-dci-southwestern-championships-the-alamodome,MA,d-carbone-1,1
2013,2013-dci-southwestern-championships-the-alamodome,MB,a-cook-1,1
2013,2013-dci-southwestern-championships-the-alamodome,MP,m-griffin-1,1
2013,2013-dci-southwestern-championships-the-alamodome,VA,t-ochran-1,1
2013,2013-dci-southwestern-championships-the-alamodome,VP,m-thompson-1,1
2013,2013-dci-st-louis,CG,j-howell-1,1
2013,2013-dci-st-louis,GE1,k-miller-1,1
2013,2013-dci-st-louis,GE2,a-lo-1,1
2013,2013-dci-st-louis,MA,d-bryan-1,1
2013,2013-dci-st-louis,MB,p-haines-1,1
2013,2013-dci-st-louis,MP,j-pipitone-1,1
2013,2013-dci-st-louis,VA,l-carlson-1,1
2013,2013-dci-st-louis,VP,k-baker-1,1
2013,2013-dci-world-championship-finals,CG,l-carlson-1,1
2013,2013-dci-world-championship-finals,GE1,m-czapinksi-1,1
2013,2013-dci-world-championship-finals,GE1,r-kemp-1,2
2013,2013-dci-world-championship-finals,GE2,j-bell-1,1
2013,2013-dci-world-championship-finals,GE2,w-dillon-1,2
2013,2013-dci-world-championship-finals,MA,d-mcgrath-1,1
2013,2013-dci-world-championship-finals,MB,a-lo-1,1
2013,2013-dci-world-championship-finals,MP,j-prosperie-1,1
2013,2013-dci-world-championship-finals,VA,m-lentz-1,1
2013,2013-dci-world-championship-finals,VP,m-turner-1,1
2013,2013-dci-world-championships-open-class-championship-prelims,CG,m-thompson-1,1
2013,2013-dci-world-championships-open-class-championship-prelims,GE1,c-costanza-1,1
2013,2013-dci-world-championships-open-class-championship-prelims,GE2,s-page-1,1
2013,2013-dci-world-championships-open-class-championship-prelims,MA,c-romanowski-1,1
2013,2013-dci-world-championships-open-class-championship-prelims,MB,c-phillips-1,1
2013,2013-dci-world-championships-open-class-championship-prelims,MP,m-davis-1,1
2013,2013-dci-world-championships-open-class-championship-prelims,VA,j-sterrett-1,1
2013,2013-dci-world-championships-open-class-championship-prelims,VP,k-baker-1,1
2013,2013-dci-world-championships-prelims,CG,g-oliviero-1,1
2013,2013-dci-world-championships-prelims,GE1,m-kelly-1,1
2013,2013-dci-world-championships-prelims,GE1,d-niebauer-1,2
2013,2013-dci-world-championships-prelims,GE2,j-allison-dma-1,1
2013,2013-dci-world-championships-prelims,GE2,j-harper-1,2
2013,2013-dci-world-championships-prelims,MA,a-cook-1,1
2013,2013-dci-world-championships-prelims,MB,g-boulden-1,1
2013,2013-dci-world-championships-prelims,MP,m-griffin-1,1
2013,2013-dci-world-championships-prelims,VA,k-giese-1,1
2013,2013-dci-world-championships-prelims,VP,m-thompson-1,1
2013,2013-dci-world-championships-semifinals,CG,d-torchia-1,1
2013,2013-dci-world-championships-semifinals,GE1,k-miller-1,1
2013,2013-dci-world-championships-semifinals,GE1,f-morris-1,2
2013,2013-dci-world-championships-semifinals,GE2,n-jones-1,1
2013,2013-dci-world-championships-semifinals,GE2,k-turner-1,2
2013,2013-dci-world-championships-semifinals,MA,j-kennedy-1,1
2013,2013-dci-world-championships-semifinals,MB,m-mcgahey-1,1
2013,2013-dci-world-championships-semifinals,MP,g-fugett-1,1
2013,2013-dci-world-championships-semifinals,VA,t-ochran-1,1
2013,2013-dci-world-championships-semifinals,VP,j-orefice-1,1
2013,2013-drum-corps-an-american-tradition,CG,m-czapinksi-1,1
2013,2013-drum-corps-an-american-tradition,GE1,s-adamo-1,1
2013,2013-drum-corps-an-american-tradition,GE2,w-dillon-1,1
2013,2013-drum-corps-an-american-tradition,MA,d-bryan-1,1
2013,2013-drum-corps-an-american-tradition,MB,m-hoskins-1,1
2013,2013-drum-corps-an-american-tradition,MP,g-howarth-1,1
2013,2013-drum-corps-an-american-tradition,VA,b-mascaro-1,1
2013,2013-drum-corps-an-american-tradition,VP,c-moss-1,1
2013,2013-drum-corps-an-american-tradition-2,CG,m-stone-1,1
2013,2013-drum-corps-an-american-tradition-2,GE1,j-howell-1,1
2013,2013-drum-corps-an-american-tradition-2,GE2,m-mast-1,1
2013,2013-drum-corps-an-american-tradition-2,MA,n-jones-1,1
2013,2013-drum-corps-an-american-tradition-2,MB,p-mcgarr-1,1
2013,2013-drum-corps-an-american-tradition-2,MP,m-griffin-1,1
2013,2013-drum-corps-an-american-tradition-2,VA,f-miller-1,1
2013,2013-drum-corps-an-american-tradition-2,VP,b-thomas-1,1
2013,2013-drum-corps-an-american-tradition-3,CG,m-kelly-1,1
2013,2013-drum-corps-an-american-tradition-3,GE1,c-williams-1,1
2013,2013-drum-corps-an-american-tradition-3,GE2,j-mitchell-1,1
2013,2013-drum-corps-an-american-tradition-3,MA,w-dillon-1,1
2013,2013-drum-corps-an-american-tradition-3,MB,m-mast-1,1
2013,2013-drum-corps-an-american-tradition-3,MP,m-griffin-1,1
2013,2013-drum-corps-an-american-tradition-3,VA,m-stone-1,1
2013,2013-drum-corps-an-american-tradition-3,VP,s-adamo-1,1
2013,2013-drums-across-cajun-field,CG,d-niebauer-1,1
2013,2013-drums-across-cajun-field,GE1,s-pizani-1,1
2013,2013-drums-across-cajun-field,GE2,g-boulden-1,1
2013,2013-drums-across-cajun-field,MA,j-pipitone-1,1
2013,2013-drums-across-cajun-field,MB,b-taylor-1,1
2013,2013-drums-across-cajun-field,MP,j-prosperie-1,1
2013,2013-drums-across-cajun-field,VA,d-burke-1,1
2013,2013-drums-across-cajun-field,VP,j-carlisle-1,1
2013,2013-drums-across-kansas,CG,j-corradino-1,1
2013,2013-drums-across-kansas,GE1,j-carlisle-1,1
2013,2013-drums-across-kansas,GE2,m-mullinix-1,1
2013,2013-drums-across-kansas,MA,d-davis-1,1
2013,2013-drums-across-kansas,MB,d-mcgrath-1,1
2013,2013-drums-across-kansas,MP,j-pipitone-1,1
2013,2013-drums-across-kansas,VA,e-warren-1,1
2013,2013-drums-across-kansas,VP,k-miller-1,1
2013,2013-drums-across-nebraska,CG,j-gilley-1,1
2013,2013-drums-across-nebraska,GE1,m-czapinksi-1,1
2013,2013-drums-across-nebraska,GE2,j-harper-1,1
2013,2013-drums-across-nebraska,MA,m-mast-1,1
2013,2013-drums-across-nebraska,MB,c-phillips-1,1
2013,2013-drums-across-nebraska,MP,c-romanowski-1,1
2013,2013-drums-across-nebraska,VA,t-ochran-1,1
2013,2013-drums-across-nebraska,VP,m-thompson-1,1
2013,2013-drums-across-the-tri-state,CG,f-miller-1,1
2013,2013-drums-across-the-tri-state,GE1,b-thomas-1,1
2013,2013-drums-across-the-tri-state,GE2,c-phillips-1,1
2013,2013-drums-across-the-tri-state,MA,s-calhoun-1,1
2013,2013-drums-across-the-tri-state,MB,m-hoskins-1,1
2013,2013-drums-across-the-tri-state,MP,d-bryan-1,1
2013,2013-drums-across-the-tri-state,VA,d-deems-1,1
2013,2013-drums-across-the-tri-state,VP,r-ryles-1,1
2013,2013-drums-along-the-mohawk,CG,j-howell-1,1
2013,2013-drums-along-the-mohawk,GE1,r-kemp-1,1
2013,2013-drums-along-the-mohawk,GE2,b-cappelluti-1,1
2013,2013-drums-along-the-mohawk,MA,k-turner-1,1
2013,2013-drums-along-the-mohawk,MB,p-mcgarr-1,1
2013,2013-drums-along-the-mohawk,MP,g-howarth-1,1
2013,2013-drums-along-the-mohawk,VA,b-mascaro-1,1
2013,2013-drums-along-the-mohawk,VP,m-turner-1,1
2013,2013-drums-along-the-rockies,CG,k-miller-1,1
2013,2013-drums-along-the-rockies,GE1,f-morris-1,1
2013,2013-drums-along-the-rockies,GE2,n-jones-1,1
2013,2013-drums-along-the-rockies,MA,a-cook-1,1
2013,2013-drums-along-the-rockies,MB,p-mcgarr-1,1
2013,2013-drums-along-the-rockies,MP,p-furnari-1,1
2013,2013-drums-along-the-rockies,VA,m-lentz-1,1
2013,2013-drums-along-the-rockies,VP,k-giese-1,1
2013,2013-drums-in-northern-virginia,CG,b-thomas-1,1
2013,2013-drums-in-northern-virginia,GE1,r-ryles-1,1
2013,2013-drums-in-northern-virginia,GE2,j-bell-1,1
2013,2013-drums-in-northern-virginia,MA,p-mcgarr-1,1
2013,2013-drums-in-northern-virginia,MB,s-calhoun-1,1
2013,2013-drums-in-northern-virginia,MP,t-fox-1,1
2013,2013-drums-in-northern-virginia,VA,f-miller-1,1
2013,2013-drums-in-northern-virginia,VP,d-deems-1,1
2013,2013-drums-of-summer,CG,j-gilley-1,1
2013,2013-drums-of-summer,GE1,r-kemp-1,1
2013,2013-drums-of-summer,GE2,d-davis-1,1
2013,2013-drums-of-summer,MA,d-carbone-1,1
2013,2013-drums-of-summer,MB,m-mast-1,1
2013,2013-drums-of-summer,MP,m-mullinix-1,1
2013,2013-drums-of-summer,VA,d-torchia-1,1
2013,2013-drums-of-summer,VP,m-turner-1,1
2013,2013-east-coast-classic,CG,g-oliviero-1,1
2013,2013-east-coast-classic,GE1,m-kelly-1,1
2013,2013-east-coast-classic,GE2,j-kennedy-1,1
2013,2013-east-coast-classic,MA,w-dillon-1,1
2013,2013-east-coast-classic,MB,d-mactaggart-1,1
2013,2013-east-coast-classic,MP,p-furnari-1,1
2013,2013-east-coast-classic,VA,d-torchia-1,1
2013,2013-east-coast-classic,VP,f-morris-1,1
2013,2013-emerald-city-music-games,CG,d-niebauer-1,1
2013,2013-emerald-city-music-games,GE1,j-carlisle-1,1
2013,2013-emerald-city-music-games,GE2,j-bell-1,1
2013,2013-emerald-city-music-games,MA,c-dunn-1,1
2013,2013-emerald-city-music-games,MB,p-mcgarr-1,1
2013,2013-emerald-city-music-games,MP,t-fox-1,1
2013,2013-emerald-city-music-games,VA,e-warren-1,1
2013,2013-emerald-city-music-games,VP,j-orefice-1,1
2013,2013-four-flags-spectacular,CG,m-thompson-1,1
2013,2013-four-flags-spectacular,GE1,c-costanza-1,1
2013,2013-four-flags-spectacular,GE2,c-phillips-1,1
2013,2013-four-flags-spectacular,MA,b-fabrizio-1,1
2013,2013-four-flags-spectacular,MB,s-page-1,1
2013,2013-four-flags-spectacular,MP,c-romanowski-1,1
2013,2013-four-flags-spectacular,VA,j-sterrett-1,1
2013,2013-four-flags-spectacular,VP,w-chumley-1,1
2013,2013-laguna-hills,CG,j-sterrett-1,1
2013,2013-laguna-hills,GE1,k-baker-1,1
2013,2013-laguna-hills,GE2,b-fabrizio-1,1
2013,2013-laguna-hills,MA,c-rothe-1,1
2013,2013-laguna-hills,MA,b-fabrizio-1,2
2013,2013-laguna-hills,MB,w-whaley-1,1
2013,2013-laguna-hills,MP,a-kristensen-1,1
2013,2013-laguna-hills,VA,c-dillon-1,1
2013,2013-laguna-hills,VA,k-baker-1,1
2013,2013-laguna-hills,VP,c-nelson-1,1
2013,2013-lake-erie-fanfare,CG,j-orefice-1,1
2013,2013-lake-erie-fanfare,GE1,d-niebauer-1,1
2013,2013-lake-erie-fanfare,GE2,m-rubino-1,1
2013,2013-lake-erie-fanfare,MA,b-cappelluti-1,1
2013,2013-lake-erie-fanfare,MB,c-crotts-1,1
2013,2013-lake-erie-fanfare,MP,m-griffin-1,1
2013,2013-lake-erie-fanfare,VA,j-carlisle-1,1
2013,2013-lake-erie-fanfare,VP,e-warren-1,1
2013,2013-legends-drum-corps-open,CG,c-dillon-1,1
2013,2013-legends-drum-corps-open,GE1,d-deems-1,1
2013,2013-legends-drum-corps-open,GE2,s-page-1,1
2013,2013-legends-drum-corps-open,MA,r-greenwell-1,1
2013,2013-legends-drum-corps-open,MB,b-fabrizio-1,1
2013,2013-legends-drum-corps-open,MP,m-davis-1,1
2013,2013-legends-drum-corps-open,VA,e-warren-1,1
2013,2013-legends-drum-corps-open,VP,j-orefice-1,1
2013,2013-loudest-show-on-earth,CG,j-sterrett-1,1
2013,2013-loudest-show-on-earth,GE1,m-thompson-1,1
2013,2013-loudest-show-on-earth,GE2,s-page-1,1
2013,2013-loudest-show-on-earth,MA,j-wilson-1,1
2013,2013-loudest-show-on-earth,MA,s-page-1,2
2013,2013-loudest-show-on-earth,MB,m-rubino-1,1
2013,2013-loudest-show-on-earth,MP,m-davis-1,1
2013,2013-loudest-show-on-earth,VA,c-costanza-1,1
2013,2013-loudest-show-on-earth,VA,m-thompson-1,1
2013,2013-loudest-show-on-earth,VP,c-dillon-1,1
2013,2013-midcal-champions-showcase,CG,d-torchia-1,1
2013,2013-midcal-champions-showcase,GE1,m-kelly-1,1
2013,2013-midcal-champions-showcase,GE2,k-turner-1,1
2013,2013-midcal-champions-showcase,MA,g-markham-1,1
2013,2013-midcal-champions-showcase,MB,d-mcgrath-1,1
2013,2013-midcal-champions-showcase,MP,a-kristensen-1,1
2013,2013-midcal-champions-showcase,VA,g-oliviero-1,1
2013,2013-midcal-champions-showcase,VP,r-solomon-1,1
2013,2013-mississippi-sound-spectacular,CG,d-burke-1,1
2013,2013-mississippi-sound-spectacular,GE1,d-niebauer-1,1
2013,2013-mississippi-sound-spectacular,GE2,w-dillon-1,1
2013,2013-mississippi-sound-spectacular,MA,j-denton-1,1
2013,2013-mississippi-sound-spectacular,MB,g-boulden-1,1
2013,2013-mississippi-sound-spectacular,MP,j-pipitone-1,1
2013,2013-mississippi-sound-spectacular,VA,j-carlisle-1,1
2013,2013-mississippi-sound-spectacular,VP,s-pizani-1,1
2013,2013-music-on-the-march,CG,m-turner-1,1
2013,2013-music-on-the-march,GE1,j-howell-1,1
2013,2013-music-on-the-march,GE2,j-bell-1,1
2013,2013-music-on-the-march,MA,w-dillon-1,1
2013,2013-music-on-the-march,MB,p-hinman-1,1
2013,2013-music-on-the-march,MP,d-carbone-1,1
2013,2013-music-on-the-march,VA,w-chumley-1,1
2013,2013-music-on-the-march,VP,c-moss-1,1
2013,2013-music-on-the-move,CG,l-carlson-1,1
2013,2013-music-on-the-move,GE1,j-howell-1,1
2013,2013-music-on-the-move,GE2,p-haines-1,1
2013,2013-music-on-the-move,MA,b-fabrizio-1,1
2013,2013-music-on-the-move,MB,a-lo-1,1
2013,2013-music-on-the-move,MP,d-bryan-1,1
2013,2013-music-on-the-move,VA,k-baker-1,1
2013,2013-music-on-the-move,VP,r-solomon-1,1
2013,2013-music-to-the-core,CG,k-baker-1,1
2013,2013-music-to-the-core,GE1,c-williams-1,1
2013,2013-music-to-the-core,GE2,r-greenwell-1,1
2013,2013-music-to-the-core,MA,c-rothe-1,1
2013,2013-music-to-the-core,MB,c-phillips-1,1
2013,2013-music-to-the-core,MP,j-wilson-1,1
2013,2013-music-to-the-core,VA,j-sturgeon-1,1
2013,2013-music-to-the-core,VP,c-dillon-1,1
2013,2013-nightbeat,CG,j-howell-1,1
2013,2013-nightbeat,GE1,m-kelly-1,1
2013,2013-nightbeat,GE2,j-allison-dma-1,1
2013,2013-nightbeat,MA,g-williams-1,1
2013,2013-nightbeat,MB,c-phillips-1,1
2013,2013-nightbeat,MP,d-bryan-1,1
2013,2013-nightbeat,VA,c-moss-1,1
2013,2013-nightbeat,VP,k-miller-1,1
2013,2013-pageant-of-drums,CG,w-chumley-1,1
2013,2013-pageant-of-drums,GE1,e-warren-1,1
2013,2013-pageant-of-drums,GE2,j-webb-1,1
2013,2013-pageant-of-drums,MA,r-isoda-1,1
2013,2013-pageant-of-drums,MB,l-eubanks-1,1
2013,2013-pageant-of-drums,MP,a-dunn-1,1
2013,2013-pageant-of-drums,VA,j-orefice-1,1
2013,2013-pageant-of-drums,VP,k-baker-1,1
2013,2013-percussion-on-the-pearl,CG,w-chumley-1,1
2013,2013-percussion-on-the-pearl,GE1,j-gilley-1,1
2013,2013-percussion-on-the-pearl,GE2,j-harper-1,1
2013,2013-percussion-on-the-pearl,MA,m-davis-1,1
2013,2013-percussion-on-the-pearl,MB,m-mcgahey-1,1
2013,2013-percussion-on-the-pearl,MP,b-cappelluti-1,1
2013,2013-percussion-on-the-pearl,VA,t-ochran-1,1
2013,2013-percussion-on-the-pearl,VP,j-howell-1,1
2013,2013-pro-football-hall-of-fame-enshrinement-festival-drum-corps-competition,CG,m-lentz-1,1
2013,2013-pro-football-hall-of-fame-enshrinement-festival-drum-corps-competition,GE1,t-ochran-1,1
2013,2013-pro-football-hall-of-fame-enshrinement-festival-drum-corps-competition,GE2,j-allison-dma-1,1
2013,2013-pro-football-hall-of-fame-enshrinement-festival-drum-corps-competition,MA,a-lo-1,1
2013,2013-pro-football-hall-of-fame-enshrinement-festival-drum-corps-competition,MB,j-mitchell-1,1
2013,2013-pro-football-hall-of-fame-enshrinement-festival-drum-corps-competition,MP,j-pipitone-1,1
2013,2013-pro-football-hall-of-fame-enshrinement-festival-drum-corps-competition,VA,b-mascaro-1,1
2013,2013-pro-football-hall-of-fame-enshrinement-festival-drum-corps-competition,VP,d-deems-1,1
2013,2013-rhythm-across-rice-lake,CG,c-williams-1,1
2013,2013-rhythm-across-rice-lake,GE1,c-dillon-1,1
2013,2013-rhythm-across-rice-lake,GE2,w-whaley-1,1
2013,2013-rhythm-across-rice-lake,MA,j-bell-1,1
2013,2013-rhythm-across-rice-lake,MB,l-appel-1,1
2013,2013-rhythm-across-rice-lake,MP,d-bryan-1,1
2013,2013-rhythm-across-rice-lake,VA,k-baker-1,1
2013,2013-rhythm-across-rice-lake,VP,j-sturgeon-1,1
2013,2013-river-city-rhapsody-la-crosse-wi,CG,j-missing-1,1
2013,2013-river-city-rhapsody-la-crosse-wi,GE1,r-kemp-1,1
2013,2013-river-city-rhapsody-la-crosse-wi,GE2,m-mcgahey-1,1
2013,2013-river-city-rhapsody-la-crosse-wi,MA,b-cappelluti-1,1
2013,2013-river-city-rhapsody-la-crosse-wi,MB,j-harper-1,1
2013,2013-river-city-rhapsody-la-crosse-wi,MP,m-davis-1,1
2013,2013-river-city-rhapsody-la-crosse-wi,VA,m-lentz-1,1
2013,2013-river-city-rhapsody-la-crosse-wi,VP,k-giese-1,1
2013,2013-shoremen-brass-classic,CG,m-thompson-1,1
2013,2013-shoremen-brass-classic,GE1,c-costanza-1,1
2013,2013-shoremen-brass-classic,GE2,r-greenwell-1,1
2013,2013-shoremen-brass-classic,MA,b-fabrizio-1,1
2013,2013-shoremen-brass-classic,MB,s-page-1,1
2013,2013-shoremen-brass-classic,MP,c-romanowski-1,1
2013,2013-shoremen-brass-classic,VA,j-sterrett-1,1
2013,2013-shoremen-brass-classic,VP,w-chumley-1,1
2013,2013-so-cal-classic-open-class-championships,CG,c-nelson-1,1
2013,2013-so-cal-classic-open-class-championships,GE1,c-dillon-1,1
2013,2013-so-cal-classic-open-class-championships,GE2,a-kristensen-1,1
2013,2013-so-cal-classic-open-class-championships,MA,w-whaley-1,1
2013,2013-so-cal-classic-open-class-championships,MA,a-kristensen-1,2
2013,2013-so-cal-classic-open-class-championships,MB,b-fabrizio-1,1
2013,2013-so-cal-classic-open-class-championships,MP,c-rothe-1,1
2013,2013-so-cal-classic-open-class-championships,VA,k-baker-1,1
2013,2013-so-cal-classic-open-class-championships,VA,c-dillon-1,1
2013,2013-so-cal-classic-open-class-championships,VP,j-sterrett-1,1
2013,2013-soaring-sounds-34,CG,m-lentz-1,1
2013,2013-soaring-sounds-34,GE1,t-ochran-1,1
2013,2013-soaring-sounds-34,GE2,r-greenwell-1,1
2013,2013-soaring-sounds-34,MA,b-fabrizio-1,1
2013,2013-soaring-sounds-34,MB,a-lo-1,1
2013,2013-soaring-sounds-34,MP,j-pipitone-1,1
2013,2013-soaring-sounds-34,VA,b-mascaro-1,1
2013,2013-soaring-sounds-34,VP,d-deems-1,1
2013,2013-the-beanpot-invitational,CG,m-stone-1,1
2013,2013-the-beanpot-invitational,GE1,d-burke-1,1
2013,2013-the-beanpot-invitational,GE2,j-kennedy-1,1
2013,2013-the-beanpot-invitational,MA,j-mitchell-1,1
2013,2013-the-beanpot-invitational,MB,d-mactaggart-1,1
2013,2013-the-beanpot-invitational,MP,p-furnari-1,1
2013,2013-the-beanpot-invitational,VA,d-torchia-1,1
2013,2013-the-beanpot-invitational,VP,f-morris-1,1
2013,2013-the-masters-of-the-summer-music-games,CG,m-lentz-1,1
2013,2013-the-masters-of-the-summer-music-games,GE1,k-miller-1,1
2013,2013-the-masters-of-the-summer-music-games,GE2,j-kennedy-1,1
2013,2013-the-masters-of-the-summer-music-games,MA,g-markham-1,1
2013,2013-the-masters-of-the-summer-music-games,MB,n-jones-1,1
2013,2013-the-masters-of-the-summer-music-games,MP,g-fugett-1,1
2013,2013-the-masters-of-the-summer-music-games,VA,k-giese-1,1
2013,2013-the-masters-of-the-summer-music-games,VP,b-jones-1,1
2013,2013-the-music-man-s-festival-of-brass,CG,c-dillon-1,3
2013,2013-the-music-man-s-festival-of-brass,GE1,k-baker-1,1
2013,2013-the-music-man-s-festival-of-brass,GE2,r-greenwell-1,2
2013,2013-the-music-man-s-festival-of-brass,MA,j-wilson-1,2
2013,2013-the-music-man-s-festival-of-brass,MB,w-whaley-1,1
2013,2013-the-music-man-s-festival-of-brass,MP,c-rothe-1,3
2013,2013-the-music-man-s-festival-of-brass,VA,c-williams-1,2
2013,2013-the-music-man-s-festival-of-brass,VP,j-sturgeon-1,1
2013,2013-the-music-mans-festival-of-brass,CG,c-dillon-1,1
2013,2013-the-music-mans-festival-of-brass,GE1,k-baker-1,1
2013,2013-the-music-mans-festival-of-brass,GE2,r-greenwell-1,1
2013,2013-the-music-mans-festival-of-brass,MA,j-wilson-1,1
2013,2013-the-music-mans-festival-of-brass,MB,w-whaley-1,1
2013,2013-the-music-mans-festival-of-brass,MP,c-rothe-1,1
2013,2013-the-music-mans-festival-of-brass,VA,c-williams-1,1
2013,2013-the-music-mans-festival-of-brass,VP,j-sturgeon-1,1
2013,2013-the-whitewater-classic,CG,w-chumley-1,1
2013,2013-the-whitewater-classic,GE1,r-kemp-1,1
2013,2013-the-whitewater-classic,GE2,r-isoda-1,1
2013,2013-the-whitewater-classic,MA,n-jones-1,1
2013,2013-the-whitewater-classic,MA,r-isoda-1,2
2013,2013-the-whitewater-classic,MB,p-mcgarr-1,1
2013,2013-the-whitewater-classic,MP,a-dunn-1,1
2013,2013-the-whitewater-classic,VA,e-warren-1,1
2013,2013-the-whitewater-classic,VA,r-kemp-1,1
2013,2013-the-whitewater-classic,VP,j-orefice-1,1
2013,2013-three-rivers-summer-music-games,CG,g-oliviero-1,1
2013,2013-three-rivers-summer-music-games,GE1,r-kemp-1,1
2013,2013-three-rivers-summer-music-games,GE2,j-mitchell-1,1
2013,2013-three-rivers-summer-music-games,MA,p-hinman-1,1
2013,2013-three-rivers-summer-music-games,MB,g-boulden-1,1
2013,2013-three-rivers-summer-music-games,MP,t-fox-1,1
2013,2013-three-rivers-summer-music-games,VA,f-miller-1,1
2013,2013-three-rivers-summer-music-games,VP,b-thomas-1,1
2013,2013-tour-of-champions,CG,d-torchia-1,1
2013,2013-tour-of-champions,GE1,m-kelly-1,1
2013,2013-tour-of-champions,GE2,w-dillon-1,1
2013,2013-tour-of-champions,MA,a-cook-1,1
2013,2013-tour-of-champions,MB,k-turner-1,1
2013,2013-tour-of-champions,MP,m-griffin-1,1
2013,2013-tour-of-champions,VA,s-adamo-1,1
2013,2013-tour-of-champions,VP,m-thompson-1,1
2013,2013-tour-of-champions-buffalo,CG,k-miller-1,1
2013,2013-tour-of-champions-buffalo,GE1,g-oliviero-1,1
2013,2013-tour-of-champions-buffalo,GE2,j-mitchell-1,1
2013,2013-tour-of-champions-buffalo,MA,p-hinman-1,1
2013,2013-tour-of-champions-buffalo,MB,g-boulden-1,1
2013,2013-tour-of-champions-buffalo,MP,g-howarth-1,1
2013,2013-tour-of-champions-buffalo,VA,d-niebauer-1,1
2013,2013-tour-of-champions-buffalo,VP,j-orefice-1,1
2013,2013-tour-of-champions-central-missouri,CG,j-missing-1,1
2013,2013-tour-of-champions-central-missouri,GE1,r-kemp-1,1
2013,2013-tour-of-champions-central-missouri,GE2,j-bell-1,1
2013,2013-tour-of-champions-central-missouri,MA,w-dillon-1,1
2013,2013-tour-of-champions-central-missouri,MB,p-hinman-1,1
2013,2013-tour-of-champions-central-missouri,MP,d-carbone-1,1
2013,2013-tour-of-champions-central-missouri,VA,c-moss-1,1
2013,2013-tour-of-champions-central-missouri,VP,m-turner-1,1
2013,2013-tour-of-champions-northern-illinois,CG,d-niebauer-1,1
2013,2013-tour-of-champions-northern-illinois,GE1,b-jones-1,1
2013,2013-tour-of-champions-northern-illinois,GE2,d-mcgrath-1,1
2013,2013-tour-of-champions-northern-illinois,MA,p-haines-1,1
2013,2013-tour-of-champions-northern-illinois,MB,a-lo-1,1
2013,2013-tour-of-champions-northern-illinois,MP,d-bryan-1,1
2013,2013-tour-of-champions-northern-illinois,VA,m-lentz-1,1
2013,2013-tour-of-champions-northern-illinois,VP,k-giese-1,1
2013,2013-tour-of-championships-texas,CG,m-thompson-1,1
2013,2013-tour-of-championships-texas,GE1,k-miller-1,1
2013,2013-tour-of-championships-texas,GE2,n-jones-1,1
2013,2013-tour-of-championships-texas,MA,c-crotts-1,1
2013,2013-tour-of-championships-texas,MB,g-boulden-1,1
2013,2013-tour-of-championships-texas,MP,d-carbone-1,1
2013,2013-tour-of-championships-texas,VA,b-mascaro-1,1
2013,2013-tour-of-championships-texas,VP,j-gilley-1,1
2013,2013-wdbj-7-summer-music-games-of-southwest-virginia,CG,s-adamo-1,1
2013,2013-wdbj-7-summer-music-games-of-southwest-virginia,GE1,m-czapinksi-1,1
2013,2013-wdbj-7-summer-music-games-of-southwest-virginia,GE2,m-rubino-1,1
2013,2013-wdbj-7-summer-music-games-of-southwest-virginia,MA,m-griffin-1,1
2013,2013-wdbj-7-summer-music-games-of-southwest-virginia,MB,c-crotts-1,1
2013,2013-wdbj-7-summer-music-games-of-southwest-virginia,MP,j-missing-1,1
2013,2013-wdbj-7-summer-music-games-of-southwest-virginia,VA,b-mascaro-1,1
2013,2013-wdbj-7-summer-music-games-of-southwest-virginia,VP,c-moss-1,1
2013,2013-western-corps-connection,CG,m-stone-1,1
2013,2013-western-corps-connection,GE1,l-carlson-1,1
2013,2013-western-corps-connection,GE2,j-allison-dma-1,1
2013,2013-western-corps-connection,MA,j-bell-1,1
2013,2013-western-corps-connection,MA,j-allison-dma-1,2
2013,2013-western-corps-connection,MB,p-haines-1,1
2013,2013-western-corps-connection,MP,m-griffin-1,1
2013,2013-western-corps-connection,VA,c-nelson-1,1
2013,2013-western-corps-connection,VA,l-carlson-1,1
2013,2013-western-corps-connection,VP,r-solomon-1,1
2014,2014-a-knight-of-music-and-motion,CG,d-deems-1,1
2014,2014-a-knight-of-music-and-motion,GE1,c-costanza-1,1
2014,2014-a-knight-of-music-and-motion,GE2,g-boulden-1,1
2014,2014-a-knight-of-music-and-motion,MA,g-boulden-1,1
2014,2014-a-knight-of-music-and-motion,MA,c-phillips-1,1
2014,2014-a-knight-of-music-and-motion,MB,p-mcgarr-1,1
2014,2014-a-knight-of-music-and-motion,MP,m-davis-1,1
2014,2014-a-knight-of-music-and-motion,MP,t-fox-1,2
2014,2014-a-knight-of-music-and-motion,VA,c-costanza-1,1
2014,2014-a-knight-of-music-and-motion,VA,k-baker-1,1
2014,2014-a-knight-of-music-and-motion,VP,r-overvliet-1,1
2014,2014-cavalcade-of-brass,CG,m-czapinksi-1,1
2014,2014-cavalcade-of-brass,GE1,m-anderson-1,1
2014,2014-cavalcade-of-brass,GE2,n-jones-1,1
2014,2014-cavalcade-of-brass,MA,m-mullinix-1,1
2014,2014-cavalcade-of-brass,MB,a-cook-1,1
2014,2014-cavalcade-of-brass,MP,j-ausdemore-1,1
2014,2014-cavalcade-of-brass,VA,d-torchia-1,1
2014,2014-cavalcade-of-brass,VP,e-warren-1,1
2014,2014-corps-at-the-crest-los-angeles,CG,r-kemp-1,1
2014,2014-corps-at-the-crest-los-angeles,GE1,k-giese-1,1
2014,2014-corps-at-the-crest-los-angeles,GE2,w-dillon-1,1
2014,2014-corps-at-the-crest-los-angeles,MA,r-rodriguez-1,1
2014,2014-corps-at-the-crest-los-angeles,MB,j-harper-1,1
2014,2014-corps-at-the-crest-los-angeles,MP,c-rothe-1,1
2014,2014-corps-at-the-crest-los-angeles,VA,m-stone-1,1
2014,2014-corps-at-the-crest-los-angeles,VP,j-sturgeon-1,1
2014,2014-corps-at-the-crest-san-diego,CG,m-stone-1,1
2014,2014-corps-at-the-crest-san-diego,GE1,r-kemp-1,1
2014,2014-corps-at-the-crest-san-diego,GE2,j-harper-1,1
2014,2014-corps-at-the-crest-san-diego,MA,c-rothe-1,1
2014,2014-corps-at-the-crest-san-diego,MB,w-dillon-1,1
2014,2014-corps-at-the-crest-san-diego,MP,r-rodriguez-1,1
2014,2014-corps-at-the-crest-san-diego,VA,k-giese-1,1
2014,2014-corps-at-the-crest-san-diego,VP,j-sturgeon-1,1
2014,2014-cyo-nationals-tribute,CG,j-corradino-1,1
2014,2014-cyo-nationals-tribute,GE1,f-morris-1,1
2014,2014-cyo-nationals-tribute,GE2,d-shaffer-1,1
2014,2014-cyo-nationals-tribute,MA,j-kennedy-1,1
2014,2014-cyo-nationals-tribute,MB,j-denton-1,1
2014,2014-cyo-nationals-tribute,MP,p-furnari-1,1
2014,2014-cyo-nationals-tribute,VA,g-oliviero-1,1
2014,2014-cyo-nationals-tribute,VP,h-nguyen-1,1
2014,2014-dci-arkansas,CG,g-oliviero-1,1
2014,2014-dci-arkansas,GE1,j-gilley-1,1
2014,2014-dci-arkansas,GE2,s-page-1,1
2014,2014-dci-arkansas,MA,g-schallert-1,1
2014,2014-dci-arkansas,MB,j-bell-1,1
2014,2014-dci-arkansas,MP,d-carbone-1,1
2014,2014-dci-arkansas,VA,b-jones-1,1
2014,2014-dci-arkansas,VP,t-cole-1,1
2014,2014-dci-atlanta-southeastern-championship,CG,m-stone-1,1
2014,2014-dci-atlanta-southeastern-championship,GE1,m-anderson-1,1
2014,2014-dci-atlanta-southeastern-championship,GE1,m-turner-1,2
2014,2014-dci-atlanta-southeastern-championship,GE2,j-harper-1,1
2014,2014-dci-atlanta-southeastern-championship,GE2,k-turner-1,2
2014,2014-dci-atlanta-southeastern-championship,MA,j-harper-1,1
2014,2014-dci-atlanta-southeastern-championship,MA,a-lo-1,1
2014,2014-dci-atlanta-southeastern-championship,MB,s-page-1,1
2014,2014-dci-atlanta-southeastern-championship,MP,a-kristensen-1,1
2014,2014-dci-atlanta-southeastern-championship,MP,c-rothe-1,2
2014,2014-dci-atlanta-southeastern-championship,VA,m-anderson-1,1
2014,2014-dci-atlanta-southeastern-championship,VA,g-oliviero-1,1
2014,2014-dci-atlanta-southeastern-championship,VP,b-jones-1,1
2014,2014-dci-championships-prelims,CG,l-carlson-1,1
2014,2014-dci-championships-prelims,GE1,m-czapinksi-1,1
2014,2014-dci-championships-prelims,GE1,s-sybilski-1,2
2014,2014-dci-championships-prelims,GE2,r-greenwell-1,1
2014,2014-dci-championships-prelims,GE2,g-fugett-1,2
2014,2014-dci-championships-prelims,MA,a-lo-1,1
2014,2014-dci-championships-prelims,MB,p-mcgarr-1,1
2014,2014-dci-championships-prelims,MP,j-prosperie-1,1
2014,2014-dci-championships-prelims,MP,a-dunn-1,2
2014,2014-dci-championships-prelims,VA,k-giese-1,1
2014,2014-dci-championships-prelims,VP,j-orefice-1,1
2014,2014-dci-dallas-presented-by-north-texas-festival-of-drums-and-bugles,CG,l-carlson-1,1
2014,2014-dci-dallas-presented-by-north-texas-festival-of-drums-and-bugles,GE1,s-sybilski-1,1
2014,2014-dci-dallas-presented-by-north-texas-festival-of-drums-and-bugles,GE2,d-davis-1,1
2014,2014-dci-dallas-presented-by-north-texas-festival-of-drums-and-bugles,MA,m-mcgahey-1,1
2014,2014-dci-dallas-presented-by-north-texas-festival-of-drums-and-bugles,MB,r-rios-1,1
2014,2014-dci-dallas-presented-by-north-texas-festival-of-drums-and-bugles,MP,g-howarth-1,1
2014,2014-dci-dallas-presented-by-north-texas-festival-of-drums-and-bugles,VA,j-sturgeon-1,1
2014,2014-dci-dallas-presented-by-north-texas-festival-of-drums-and-bugles,VP,b-mascaro-1,1
2014,2014-dci-denton-presented-by-coserv-electric-for-red-river-thunder,CG,m-turner-1,1
2014,2014-dci-denton-presented-by-coserv-electric-for-red-river-thunder,GE1,k-miller-1,1
2014,2014-dci-denton-presented-by-coserv-electric-for-red-river-thunder,GE2,g-fugett-1,1
2014,2014-dci-denton-presented-by-coserv-electric-for-red-river-thunder,MA,d-carbone-1,1
2014,2014-dci-denton-presented-by-coserv-electric-for-red-river-thunder,MB,a-lo-1,1
2014,2014-dci-denton-presented-by-coserv-electric-for-red-river-thunder,MP,a-dunn-1,1
2014,2014-dci-denton-presented-by-coserv-electric-for-red-river-thunder,VA,b-mascaro-1,1
2014,2014-dci-denton-presented-by-coserv-electric-for-red-river-thunder,VP,m-anderson-1,1
2014,2014-dci-eastern-classic,CG,r-solomon-1,1
2014,2014-dci-eastern-classic,GE1,m-kelly-1,1
2014,2014-dci-eastern-classic,GE1,m-stone-1,2
2014,2014-dci-eastern-classic,GE2,w-dillon-1,1
2014,2014-dci-eastern-classic,GE2,j-kennedy-1,2
2014,2014-dci-eastern-classic,MA,d-carbone-1,1
2014,2014-dci-eastern-classic,MB,p-mcgarr-1,1
2014,2014-dci-eastern-classic,MP,j-prosperie-1,1
2014,2014-dci-eastern-classic,MP,a-dunn-1,2
2014,2014-dci-eastern-classic,VA,d-torchia-1,1
2014,2014-dci-eastern-classic,VP,w-chumley-1,1
2014,2014-dci-eastern-classic-2,CG,r-solomon-1,1
2014,2014-dci-eastern-classic-2,GE1,m-kelly-1,1
2014,2014-dci-eastern-classic-2,GE1,m-stone-1,2
2014,2014-dci-eastern-classic-2,GE2,w-dillon-1,1
2014,2014-dci-eastern-classic-2,GE2,j-kennedy-1,2
2014,2014-dci-eastern-classic-2,MA,d-carbone-1,1
2014,2014-dci-eastern-classic-2,MB,p-mcgarr-1,1
2014,2014-dci-eastern-classic-2,MP,j-prosperie-1,1
2014,2014-dci-eastern-classic-2,MP,a-dunn-1,2
2014,2014-dci-eastern-classic-2,VA,d-torchia-1,1
2014,2014-dci-eastern-classic-2,VP,w-chumley-1,1
2014,2014-dci-eden-prairie,CG,m-stone-1,1
2014,2014-dci-eden-prairie,GE1,m-kelly-1,1
2014,2014-dci-eden-prairie,GE2,g-fugett-1,1
2014,2014-dci-eden-prairie,MA,a-lo-1,1
2014,2014-dci-eden-prairie,MA,g-fugett-1,1
2014,2014-dci-eden-prairie,MB,j-denton-1,1
2014,2014-dci-eden-prairie,MP,a-dunn-1,1
2014,2014-dci-eden-prairie,VA,w-chumley-1,1
2014,2014-dci-eden-prairie,VA,m-kelly-1,1
2014,2014-dci-eden-prairie,VP,r-solomon-1,1
2014,2014-dci-ft-wayne,CG,d-niebauer-1,1
2014,2014-dci-ft-wayne,GE1,j-corradino-1,1
2014,2014-dci-ft-wayne,GE2,j-webb-1,1
2014,2014-dci-ft-wayne,MA,j-kennedy-1,1
2014,2014-dci-ft-wayne,MB,a-cook-1,1
2014,2014-dci-ft-wayne,MP,j-queen-1,1
2014,2014-dci-ft-wayne,VA,k-baker-1,1
2014,2014-dci-ft-wayne,VP,d-deems-1,1
2014,2014-dci-in-the-heartland,CG,j-gilley-1,1
2014,2014-dci-in-the-heartland,GE1,d-niebauer-1,1
2014,2014-dci-in-the-heartland,GE2,p-hinman-1,1
2014,2014-dci-in-the-heartland,MA,d-davis-1,1
2014,2014-dci-in-the-heartland,MB,g-williams-1,1
2014,2014-dci-in-the-heartland,MP,g-howarth-1,1
2014,2014-dci-in-the-heartland,VA,g-oliviero-1,1
2014,2014-dci-in-the-heartland,VP,b-jones-1,1
2014,2014-dci-la-crosse,CG,m-stone-1,1
2014,2014-dci-la-crosse,GE1,m-kelly-1,1
2014,2014-dci-la-crosse,GE2,a-lo-1,1
2014,2014-dci-la-crosse,MA,a-lo-1,1
2014,2014-dci-la-crosse,MA,r-isoda-1,1
2014,2014-dci-la-crosse,MB,b-fabrizio-1,1
2014,2014-dci-la-crosse,MP,g-fugett-1,1
2014,2014-dci-la-crosse,VA,m-kelly-1,1
2014,2014-dci-la-crosse,VA,w-chumley-1,1
2014,2014-dci-la-crosse,VP,r-solomon-1,1
2014,2014-dci-north-alabama,CG,m-anderson-1,1
2014,2014-dci-north-alabama,GE1,m-stone-1,1
2014,2014-dci-north-alabama,GE2,g-fugett-1,1
2014,2014-dci-north-alabama,MA,c-phillips-1,1
2014,2014-dci-north-alabama,MB,a-lo-1,1
2014,2014-dci-north-alabama,MP,m-mullinix-1,1
2014,2014-dci-north-alabama,VA,g-oliviero-1,1
2014,2014-dci-north-alabama,VP,b-jones-1,1
2014,2014-dci-pittsburgh-presented-by-three-rivers-summer-music-games,CG,w-chumley-1,1
2014,2014-dci-pittsburgh-presented-by-three-rivers-summer-music-games,GE1,b-jones-1,1
2014,2014-dci-pittsburgh-presented-by-three-rivers-summer-music-games,GE2,a-lo-1,1
2014,2014-dci-pittsburgh-presented-by-three-rivers-summer-music-games,MA,w-whaley-1,1
2014,2014-dci-pittsburgh-presented-by-three-rivers-summer-music-games,MB,j-missing-1,1
2014,2014-dci-pittsburgh-presented-by-three-rivers-summer-music-games,MP,t-fox-1,1
2014,2014-dci-pittsburgh-presented-by-three-rivers-summer-music-games,VA,d-torchia-1,1
2014,2014-dci-pittsburgh-presented-by-three-rivers-summer-music-games,VP,r-solomon-1,1
2014,2014-dci-southern-mississippi,CG,k-giese-1,1
2014,2014-dci-southern-mississippi,GE1,k-miller-1,1
2014,2014-dci-southern-mississippi,GE2,p-hinman-1,1
2014,2014-dci-southern-mississippi,MA,g-markham-1,1
2014,2014-dci-southern-mississippi,MB,g-williams-1,1
2014,2014-dci-southern-mississippi,MP,g-howarth-1,1
2014,2014-dci-southern-mississippi,VA,f-miller-1,1
2014,2014-dci-southern-mississippi,VP,m-thompson-1,1
2014,2014-dci-southwestern-championship-the-alamodome,CG,l-carlson-1,1
2014,2014-dci-southwestern-championship-the-alamodome,GE1,m-czapinksi-1,1
2014,2014-dci-southwestern-championship-the-alamodome,GE1,s-sybilski-1,2
2014,2014-dci-southwestern-championship-the-alamodome,GE2,d-davis-1,1
2014,2014-dci-southwestern-championship-the-alamodome,GE2,n-jones-1,2
2014,2014-dci-southwestern-championship-the-alamodome,MA,j-kennedy-1,1
2014,2014-dci-southwestern-championship-the-alamodome,MB,m-mcgahey-1,1
2014,2014-dci-southwestern-championship-the-alamodome,MP,m-griffin-1,1
2014,2014-dci-southwestern-championship-the-alamodome,MP,r-rodriguez-1,2
2014,2014-dci-southwestern-championship-the-alamodome,VA,j-sturgeon-1,1
2014,2014-dci-southwestern-championship-the-alamodome,VP,b-mascaro-1,1
2014,2014-dci-st-louis,CG,s-adamo-1,1
2014,2014-dci-st-louis,GE1,j-howell-1,1
2014,2014-dci-st-louis,GE2,d-davis-1,1
2014,2014-dci-st-louis,MA,r-rios-1,1
2014,2014-dci-st-louis,MB,a-lo-1,1
2014,2014-dci-st-louis,MP,m-davis-1,1
2014,2014-dci-st-louis,VA,f-miller-1,1
2014,2014-dci-st-louis,VP,k-baker-1,1
2014,2014-dci-tour-of-champions-presented-by-the-pro-football-hall-of-fame,CG,j-howell-1,1
2014,2014-dci-tour-of-champions-presented-by-the-pro-football-hall-of-fame,GE1,g-oliviero-1,1
2014,2014-dci-tour-of-champions-presented-by-the-pro-football-hall-of-fame,GE2,r-greenwell-1,1
2014,2014-dci-tour-of-champions-presented-by-the-pro-football-hall-of-fame,MA,a-cook-1,1
2014,2014-dci-tour-of-champions-presented-by-the-pro-football-hall-of-fame,MB,p-mcgarr-1,1
2014,2014-dci-tour-of-champions-presented-by-the-pro-football-hall-of-fame,MP,g-howarth-1,1
2014,2014-dci-tour-of-champions-presented-by-the-pro-football-hall-of-fame,VA,k-giese-1,1
2014,2014-dci-tour-of-champions-presented-by-the-pro-football-hall-of-fame,VP,k-miller-1,1
2014,2014-dci-west,CG,m-czapinksi-1,1
2014,2014-dci-west,GE1,g-oliviero-1,1
2014,2014-dci-west,GE2,g-markham-1,1
2014,2014-dci-west,MA,a-kristensen-1,1
2014,2014-dci-west,MB,m-mcgahey-1,1
2014,2014-dci-west,MP,g-fugett-1,1
2014,2014-dci-west,VA,l-carlson-1,1
2014,2014-dci-west,VP,c-nelson-1,1
2014,2014-dci-world-championship-semifinals,CG,m-turner-1,1
2014,2014-dci-world-championship-semifinals,GE1,m-anderson-1,1
2014,2014-dci-world-championship-semifinals,GE1,r-kemp-1,2
2014,2014-dci-world-championship-semifinals,GE2,w-dillon-1,1
2014,2014-dci-world-championship-semifinals,GE2,m-mcgahey-1,2
2014,2014-dci-world-championship-semifinals,MA,d-carbone-1,1
2014,2014-dci-world-championship-semifinals,MB,s-page-1,1
2014,2014-dci-world-championship-semifinals,MP,m-griffin-1,1
2014,2014-dci-world-championship-semifinals,MP,r-rodriguez-1,2
2014,2014-dci-world-championship-semifinals,VA,g-oliviero-1,1
2014,2014-dci-world-championship-semifinals,VP,j-sturgeon-1,1
2014,2014-dci-world-championships-open-class-championship-finals,CG,d-deems-1,1
2014,2014-dci-world-championships-open-class-championship-finals,GE1,c-costanza-1,1
2014,2014-dci-world-championships-open-class-championship-finals,GE2,l-eubanks-1,1
2014,2014-dci-world-championships-open-class-championship-finals,MA,w-whaley-1,1
2014,2014-dci-world-championships-open-class-championship-finals,MB,s-page-1,1
2014,2014-dci-world-championships-open-class-championship-finals,MP,m-davis-1,1
2014,2014-dci-world-championships-open-class-championship-finals,MP,t-fox-1,2
2014,2014-dci-world-championships-open-class-championship-finals,VA,k-baker-1,1
2014,2014-dci-world-championships-open-class-championship-finals,VP,c-nelson-1,1
2014,2014-dci-world-championships-open-class-championship-prelims,CG,c-dillon-1,1
2014,2014-dci-world-championships-open-class-championship-prelims,GE1,d-niebauer-1,1
2014,2014-dci-world-championships-open-class-championship-prelims,GE2,g-boulden-1,1
2014,2014-dci-world-championships-open-class-championship-prelims,MA,c-phillips-1,1
2014,2014-dci-world-championships-open-class-championship-prelims,MB,b-fabrizio-1,1
2014,2014-dci-world-championships-open-class-championship-prelims,MP,t-fox-1,1
2014,2014-dci-world-championships-open-class-championship-prelims,MP,c-romanowski-1,2
2014,2014-dci-world-championships-open-class-championship-prelims,VA,j-gilley-1,1
2014,2014-dci-world-championships-open-class-championship-prelims,VP,r-overvliet-1,1
2014,2014-dci-world-championships-world-class-finals,CG,r-solomon-1,1
2014,2014-dci-world-championships-world-class-finals,GE1,m-kelly-1,1
2014,2014-dci-world-championships-world-class-finals,GE1,m-stone-1,2
2014,2014-dci-world-championships-world-class-finals,GE2,n-jones-1,1
2014,2014-dci-world-championships-world-class-finals,GE2,j-kennedy-1,2
2014,2014-dci-world-championships-world-class-finals,MA,g-markham-1,1
2014,2014-dci-world-championships-world-class-finals,MB,j-harper-1,1
2014,2014-dci-world-championships-world-class-finals,MP,a-kristensen-1,1
2014,2014-dci-world-championships-world-class-finals,MP,c-rothe-1,2
2014,2014-dci-world-championships-world-class-finals,VA,d-torchia-1,1
2014,2014-dci-world-championships-world-class-finals,VP,w-chumley-1,1
2014,2014-drum-corps-an-american-tradition,CG,m-kelly-1,1
2014,2014-drum-corps-an-american-tradition,GE1,m-czapinksi-1,1
2014,2014-drum-corps-an-american-tradition,GE2,a-lo-1,1
2014,2014-drum-corps-an-american-tradition,MA,m-griffin-1,1
2014,2014-drum-corps-an-american-tradition,MB,d-argul-1,1
2014,2014-drum-corps-an-american-tradition,MP,p-furnari-1,1
2014,2014-drum-corps-an-american-tradition,VA,s-adamo-1,1
2014,2014-drum-corps-an-american-tradition,VP,b-jones-1,1
2014,2014-drum-corps-an-american-tradition-2,CG,h-nguyen-1,1
2014,2014-drum-corps-an-american-tradition-2,GE1,m-turner-1,1
2014,2014-drum-corps-an-american-tradition-2,GE2,w-dillon-1,1
2014,2014-drum-corps-an-american-tradition-2,MA,j-kennedy-1,1
2014,2014-drum-corps-an-american-tradition-2,MB,d-argul-1,1
2014,2014-drum-corps-an-american-tradition-2,MP,m-griffin-1,1
2014,2014-drum-corps-an-american-tradition-2,VA,s-adamo-1,1
2014,2014-drum-corps-an-american-tradition-2,VP,m-thompson-1,1
2014,2014-drums-across-cajun-field,CG,f-miller-1,1
2014,2014-drums-across-cajun-field,GE1,k-miller-1,1
2014,2014-drums-across-cajun-field,GE2,d-carbone-1,1
2014,2014-drums-across-cajun-field,MA,k-turner-1,1
2014,2014-drums-across-cajun-field,MB,j-rinehart-1,1
2014,2014-drums-across-cajun-field,MP,j-prosperie-1,1
2014,2014-drums-across-cajun-field,VA,k-giese-1,1
2014,2014-drums-across-cajun-field,VP,m-thompson-1,1
2014,2014-drums-across-kansas,CG,j-gilley-1,1
2014,2014-drums-across-kansas,GE1,f-miller-1,1
2014,2014-drums-across-kansas,GE2,j-bell-1,1
2014,2014-drums-across-kansas,MA,a-lo-1,1
2014,2014-drums-across-kansas,MB,a-cook-1,1
2014,2014-drums-across-kansas,MP,d-carbone-1,1
2014,2014-drums-across-kansas,VA,t-ochran-1,1
2014,2014-drums-across-kansas,VP,f-morris-1,1
2014,2014-drums-across-nebraska,CG,j-gilley-1,1
2014,2014-drums-across-nebraska,GE1,r-kemp-1,1
2014,2014-drums-across-nebraska,GE2,d-carbone-1,1
2014,2014-drums-across-nebraska,MA,a-cook-1,1
2014,2014-drums-across-nebraska,MB,j-rinehart-1,1
2014,2014-drums-across-nebraska,MP,r-rodriguez-1,1
2014,2014-drums-across-nebraska,VA,unknown-unknown-1,2
2014,2014-drums-across-nebraska,VP,t-cole-1,1
2014,2014-drums-across-the-tri-state,CG,j-howell-1,1
2014,2014-drums-across-the-tri-state,GE1,c-moss-1,1
2014,2014-drums-across-the-tri-state,GE2,a-lo-1,1
2014,2014-drums-across-the-tri-state,MA,j-webb-1,1
2014,2014-drums-across-the-tri-state,MB,p-mcgarr-1,1
2014,2014-drums-across-the-tri-state,MP,a-dunn-1,1
2014,2014-drums-across-the-tri-state,VA,s-adamo-1,1
2014,2014-drums-across-the-tri-state,VP,j-missing-1,1
2014,2014-drums-along-the-rockies,CG,m-turner-1,1
2014,2014-drums-along-the-rockies,GE1,k-miller-1,1
2014,2014-drums-along-the-rockies,GE2,j-denton-1,1
2014,2014-drums-along-the-rockies,MA,n-jones-1,1
2014,2014-drums-along-the-rockies,MB,w-dillon-1,1
2014,2014-drums-along-the-rockies,MP,r-rodriguez-1,1
2014,2014-drums-along-the-rockies,VA,j-orefice-1,1
2014,2014-drums-along-the-rockies,VP,b-jones-1,1
2014,2014-drums-of-summer,CG,j-gilley-1,1
2014,2014-drums-of-summer,GE1,d-torchia-1,1
2014,2014-drums-of-summer,GE2,m-mcgahey-1,1
2014,2014-drums-of-summer,MA,j-bell-1,1
2014,2014-drums-of-summer,MB,d-davis-1,1
2014,2014-drums-of-summer,MP,j-missing-1,1
2014,2014-drums-of-summer,VA,t-ochran-1,1
2014,2014-drums-of-summer,VP,f-morris-1,1
2014,2014-drums-on-parade,CG,s-bertelle-1,1
2014,2014-drums-on-parade,GE1,j-howell-1,1
2014,2014-drums-on-parade,GE2,j-kennedy-1,1
2014,2014-drums-on-parade,MA,j-webb-1,1
2014,2014-drums-on-parade,MB,r-isoda-1,1
2014,2014-drums-on-parade,MP,g-fugett-1,1
2014,2014-drums-on-parade,VA,m-czapinksi-1,1
2014,2014-drums-on-parade,VP,j-orefice-1,1
2014,2014-emerald-city-music-games,CG,m-bowers-1,1
2014,2014-emerald-city-music-games,GE1,f-miller-1,1
2014,2014-emerald-city-music-games,GE2,j-denton-1,1
2014,2014-emerald-city-music-games,MA,p-haines-1,1
2014,2014-emerald-city-music-games,MB,g-boulden-1,1
2014,2014-emerald-city-music-games,MP,r-rodriguez-1,1
2014,2014-emerald-city-music-games,VA,j-orefice-1,1
2014,2014-emerald-city-music-games,VP,b-mascaro-1,1
2014,2014-gold-showcase-at-the-ranch,CG,d-deems-1,1
2014,2014-gold-showcase-at-the-ranch,GE1,c-costanza-1,1
2014,2014-gold-showcase-at-the-ranch,GE2,w-whaley-1,1
2014,2014-gold-showcase-at-the-ranch,MA,c-romanowski-1,1
2014,2014-gold-showcase-at-the-ranch,MB,p-hinman-1,1
2014,2014-gold-showcase-at-the-ranch,MP,d-bryan-1,1
2014,2014-gold-showcase-at-the-ranch,VA,c-dillon-1,1
2014,2014-gold-showcase-at-the-ranch,VP,c-nelson-1,1
2014,2014-greendale-drum-corps-show,CG,d-deems-1,1
2014,2014-greendale-drum-corps-show,GE1,s-bertelle-1,1
2014,2014-greendale-drum-corps-show,GE2,w-whaley-1,1
2014,2014-greendale-drum-corps-show,MA,p-mcgarr-1,1
2014,2014-greendale-drum-corps-show,MA,w-whaley-1,2
2014,2014-greendale-drum-corps-show,MB,l-appel-1,1
2014,2014-greendale-drum-corps-show,MP,m-davis-1,1
2014,2014-greendale-drum-corps-show,VA,c-nelson-1,1
2014,2014-greendale-drum-corps-show,VA,s-bertelle-1,1
2014,2014-greendale-drum-corps-show,VP,r-overvliet-1,1
2014,2014-innovations-in-brass-akron-the-2014-dci-tour-premiere,CG,m-kelly-1,1
2014,2014-innovations-in-brass-akron-the-2014-dci-tour-premiere,GE1,r-kemp-1,1
2014,2014-innovations-in-brass-akron-the-2014-dci-tour-premiere,GE2,n-jones-1,1
2014,2014-innovations-in-brass-akron-the-2014-dci-tour-premiere,MA,a-cook-1,1
2014,2014-innovations-in-brass-akron-the-2014-dci-tour-premiere,MB,j-harper-1,1
2014,2014-innovations-in-brass-akron-the-2014-dci-tour-premiere,MP,j-ausdemore-1,1
2014,2014-innovations-in-brass-akron-the-2014-dci-tour-premiere,VA,j-sturgeon-1,1
2014,2014-innovations-in-brass-akron-the-2014-dci-tour-premiere,VP,r-solomon-1,1
2014,2014-lake-erie-fanfare,CG,f-miller-1,1
2014,2014-lake-erie-fanfare,GE1,j-orefice-1,1
2014,2014-lake-erie-fanfare,GE2,j-denton-1,1
2014,2014-lake-erie-fanfare,MA,j-pipitone-1,1
2014,2014-lake-erie-fanfare,MB,g-boulden-1,1
2014,2014-lake-erie-fanfare,MP,g-howarth-1,1
2014,2014-lake-erie-fanfare,VA,b-mascaro-1,1
2014,2014-lake-erie-fanfare,VP,j-missing-1,1
2014,2014-legends-drum-corps-invitational,CG,k-baker-1,1
2014,2014-legends-drum-corps-invitational,GE1,d-niebauer-1,1
2014,2014-legends-drum-corps-invitational,GE2,w-whaley-1,1
2014,2014-legends-drum-corps-invitational,MA,m-davis-1,1
2014,2014-legends-drum-corps-invitational,MB,l-eubanks-1,1
2014,2014-legends-drum-corps-invitational,MP,t-fox-1,1
2014,2014-legends-drum-corps-invitational,VA,r-overvliet-1,1
2014,2014-legends-drum-corps-invitational,VP,c-nelson-1,1
2014,2014-legends-drum-corps-open,CG,c-dillon-1,1
2014,2014-legends-drum-corps-open,GE1,c-clayton-fisher-1,1
2014,2014-legends-drum-corps-open,GE2,g-boulden-1,1
2014,2014-legends-drum-corps-open,MA,l-eubanks-1,1
2014,2014-legends-drum-corps-open,MB,r-greenwell-1,1
2014,2014-legends-drum-corps-open,MP,c-romanowski-1,1
2014,2014-legends-drum-corps-open,VA,j-orefice-1,1
2014,2014-legends-drum-corps-open,VP,e-warren-1,1
2014,2014-midcal-champions-showcase,CG,l-carlson-1,1
2014,2014-midcal-champions-showcase,GE1,m-czapinksi-1,1
2014,2014-midcal-champions-showcase,GE2,g-fugett-1,1
2014,2014-midcal-champions-showcase,MA,m-mcgahey-1,1
2014,2014-midcal-champions-showcase,MB,g-markham-1,1
2014,2014-midcal-champions-showcase,MP,a-kristensen-1,1
2014,2014-midcal-champions-showcase,VA,g-oliviero-1,1
2014,2014-midcal-champions-showcase,VP,c-nelson-1,1
2014,2014-mississippi-sound-spectacular,CG,f-miller-1,1
2014,2014-mississippi-sound-spectacular,GE1,k-miller-1,1
2014,2014-mississippi-sound-spectacular,GE2,d-carbone-1,1
2014,2014-mississippi-sound-spectacular,MA,k-turner-1,1
2014,2014-mississippi-sound-spectacular,MB,g-schallert-1,1
2014,2014-mississippi-sound-spectacular,MP,j-prosperie-1,1
2014,2014-mississippi-sound-spectacular,VA,k-giese-1,1
2014,2014-mississippi-sound-spectacular,VP,m-thompson-1,1
2014,2014-moonlight-classic,CG,g-oliviero-1,1
2014,2014-moonlight-classic,GE1,l-carlson-1,1
2014,2014-moonlight-classic,GE2,m-mcgahey-1,1
2014,2014-moonlight-classic,MA,g-fugett-1,1
2014,2014-moonlight-classic,MB,m-rubino-1,1
2014,2014-moonlight-classic,MP,a-kristensen-1,1
2014,2014-moonlight-classic,VA,c-nelson-1,1
2014,2014-moonlight-classic,VP,m-czapinksi-1,1
2014,2014-music-on-the-border,CG,l-carlson-1,1
2014,2014-music-on-the-border,GE1,f-morris-1,1
2014,2014-music-on-the-border,GE2,m-mast-1,1
2014,2014-music-on-the-border,MA,j-kennedy-1,1
2014,2014-music-on-the-border,MB,c-phillips-1,1
2014,2014-music-on-the-border,MP,j-pipitone-1,1
2014,2014-music-on-the-border,VA,c-church-1,1
2014,2014-music-on-the-border,VP,c-moss-1,1
2014,2014-music-on-the-march,CG,l-carlson-1,1
2014,2014-music-on-the-march,GE1,f-morris-1,1
2014,2014-music-on-the-march,GE2,c-phillips-1,1
2014,2014-music-on-the-march,MA,m-mast-1,1
2014,2014-music-on-the-march,MB,s-calhoun-1,1
2014,2014-music-on-the-march,MP,m-mullinix-1,1
2014,2014-music-on-the-march,VA,c-church-1,1
2014,2014-music-on-the-march,VP,c-moss-1,1
2014,2014-music-on-the-move,CG,r-kemp-1,1
2014,2014-music-on-the-move,GE1,j-howell-1,1
2014,2014-music-on-the-move,GE2,d-davis-1,1
2014,2014-music-on-the-move,MA,j-rinehart-1,1
2014,2014-music-on-the-move,MB,r-rios-1,1
2014,2014-music-on-the-move,MP,m-davis-1,1
2014,2014-music-on-the-move,VA,s-adamo-1,1
2014,2014-music-on-the-move,VP,k-baker-1,1
2014,2014-nightbeat-tour-of-champions,CG,d-torchia-1,1
2014,2014-nightbeat-tour-of-champions,GE1,m-anderson-1,1
2014,2014-nightbeat-tour-of-champions,GE2,g-fugett-1,1
2014,2014-nightbeat-tour-of-champions,MA,s-page-1,1
2014,2014-nightbeat-tour-of-champions,MB,a-lo-1,1
2014,2014-nightbeat-tour-of-champions,MP,a-dunn-1,1
2014,2014-nightbeat-tour-of-champions,VA,m-stone-1,1
2014,2014-nightbeat-tour-of-champions,VP,m-turner-1,1
2014,2014-north-iowa-festival-of-brass,CG,c-dillon-1,1
2014,2014-north-iowa-festival-of-brass,GE1,c-clayton-fisher-1,1
2014,2014-north-iowa-festival-of-brass,GE2,w-whaley-1,1
2014,2014-north-iowa-festival-of-brass,MA,b-fabrizio-1,1
2014,2014-north-iowa-festival-of-brass,MB,s-page-1,1
2014,2014-north-iowa-festival-of-brass,MP,c-romanowski-1,1
2014,2014-north-iowa-festival-of-brass,MP,m-griffin-1,2
2014,2014-north-iowa-festival-of-brass,VA,j-gilley-1,1
2014,2014-north-iowa-festival-of-brass,VP,r-overvliet-1,1
2014,2014-pageant-of-drums,CG,s-bertelle-1,1
2014,2014-pageant-of-drums,GE1,r-kemp-1,1
2014,2014-pageant-of-drums,GE2,a-cook-1,1
2014,2014-pageant-of-drums,MA,r-greenwell-1,1
2014,2014-pageant-of-drums,MB,k-weirich-1,1
2014,2014-pageant-of-drums,MP,j-pipitone-1,1
2014,2014-pageant-of-drums,VA,e-warren-1,1
2014,2014-pageant-of-drums,VP,unknown-unknown-1,1
2014,2014-percussion-on-the-pearl,CG,k-baker-1,1
2014,2014-percussion-on-the-pearl,GE1,unknown-unknown-1,1
2014,2014-percussion-on-the-pearl,GE2,g-fugett-1,1
2014,2014-percussion-on-the-pearl,MA,b-fabrizio-1,1
2014,2014-percussion-on-the-pearl,MB,j-rinehart-1,1
2014,2014-percussion-on-the-pearl,MP,m-mullinix-1,1
2014,2014-percussion-on-the-pearl,VA,f-miller-1,1
2014,2014-percussion-on-the-pearl,VP,b-jones-1,1
2014,2014-rhythm-across-rice-lake,CG,c-dillon-1,1
2014,2014-rhythm-across-rice-lake,GE1,d-niebauer-1,1
2014,2014-rhythm-across-rice-lake,GE2,c-phillips-1,1
2014,2014-rhythm-across-rice-lake,MA,l-eubanks-1,1
2014,2014-rhythm-across-rice-lake,MB,l-appel-1,1
2014,2014-rhythm-across-rice-lake,MP,t-fox-1,1
2014,2014-rhythm-across-rice-lake,VA,s-bertelle-1,1
2014,2014-rhythm-across-rice-lake,VP,c-nelson-1,1
2014,2014-shoremen-brass-classic,CG,c-dillon-1,1
2014,2014-shoremen-brass-classic,GE1,c-clayton-fisher-1,1
2014,2014-shoremen-brass-classic,GE2,w-whaley-1,1
2014,2014-shoremen-brass-classic,MA,b-fabrizio-1,1
2014,2014-shoremen-brass-classic,MB,s-page-1,1
2014,2014-shoremen-brass-classic,MP,c-romanowski-1,1
2014,2014-shoremen-brass-classic,MP,m-griffin-1,2
2014,2014-shoremen-brass-classic,VA,j-gilley-1,1
2014,2014-shoremen-brass-classic,VP,r-overvliet-1,1
2014,2014-show-of-shows,CG,l-carlson-1,1
2014,2014-show-of-shows,GE1,c-church-1,1
2014,2014-show-of-shows,GE2,j-kennedy-1,1
2014,2014-show-of-shows,MA,c-phillips-1,1
2014,2014-show-of-shows,MB,m-mast-1,1
2014,2014-show-of-shows,MP,j-pipitone-1,1
2014,2014-show-of-shows,VA,c-moss-1,1
2014,2014-show-of-shows,VP,f-morris-1,1
2014,2014-so-cal-classic-open-class-championship,CG,c-costanza-1,1
2014,2014-so-cal-classic-open-class-championship,GE1,c-nelson-1,1
2014,2014-so-cal-classic-open-class-championship,GE2,p-hinman-1,1
2014,2014-so-cal-classic-open-class-championship,MA,d-bryan-1,1
2014,2014-so-cal-classic-open-class-championship,MB,w-whaley-1,1
2014,2014-so-cal-classic-open-class-championship,MP,c-romanowski-1,1
2014,2014-so-cal-classic-open-class-championship,VA,d-deems-1,1
2014,2014-so-cal-classic-open-class-championship,VP,c-dillon-1,1
2014,2014-soaring-sounds-35,CG,m-thompson-1,1
2014,2014-soaring-sounds-35,GE1,m-turner-1,1
2014,2014-soaring-sounds-35,GE2,k-turner-1,1
2014,2014-soaring-sounds-35,MA,j-webb-1,1
2014,2014-soaring-sounds-35,MB,k-weirich-1,1
2014,2014-soaring-sounds-35,MP,j-queen-1,1
2014,2014-soaring-sounds-35,VA,s-adamo-1,1
2014,2014-soaring-sounds-35,VP,j-sturgeon-1,1
2014,2014-the-beanpot-invitational,CG,m-turner-1,1
2014,2014-the-beanpot-invitational,GE1,f-morris-1,1
2014,2014-the-beanpot-invitational,GE2,j-kennedy-1,1
2014,2014-the-beanpot-invitational,MA,d-argul-1,1
2014,2014-the-beanpot-invitational,MB,w-dillon-1,1
2014,2014-the-beanpot-invitational,MP,j-prosperie-1,1
2014,2014-the-beanpot-invitational,VA,j-corradino-1,1
2014,2014-the-beanpot-invitational,VP,h-nguyen-1,1
2014,2014-the-masters-of-the-summer-music-games,CG,m-turner-1,1
2014,2014-the-masters-of-the-summer-music-games,GE1,r-kemp-1,1
2014,2014-the-masters-of-the-summer-music-games,GE2,j-kennedy-1,1
2014,2014-the-masters-of-the-summer-music-games,MA,n-jones-1,1
2014,2014-the-masters-of-the-summer-music-games,MB,g-markham-1,1
2014,2014-the-masters-of-the-summer-music-games,MP,c-rothe-1,1
2014,2014-the-masters-of-the-summer-music-games,VA,j-sturgeon-1,1
2014,2014-the-masters-of-the-summer-music-games,VP,w-chumley-1,1
2014,2014-the-whitewater-classic,CG,d-torchia-1,1
2014,2014-the-whitewater-classic,GE1,m-czapinksi-1,1
2014,2014-the-whitewater-classic,GE2,n-jones-1,1
2014,2014-the-whitewater-classic,MA,r-isoda-1,1
2014,2014-the-whitewater-classic,MB,s-calhoun-1,1
2014,2014-the-whitewater-classic,MP,j-ausdemore-1,1
2014,2014-the-whitewater-classic,VA,k-giese-1,1
2014,2014-the-whitewater-classic,VP,m-anderson-1,1
2014,2014-tour-of-champions-buffalo,CG,m-turner-1,1
2014,2014-tour-of-champions-buffalo,GE1,m-czapinksi-1,1
2014,2014-tour-of-champions-buffalo,GE2,k-turner-1,1
2014,2014-tour-of-champions-buffalo,MA,p-mcgarr-1,1
2014,2014-tour-of-champions-buffalo,MB,a-cook-1,1
2014,2014-tour-of-champions-buffalo,MP,m-griffin-1,1
2014,2014-tour-of-champions-buffalo,VA,s-adamo-1,1
2014,2014-tour-of-champions-buffalo,VP,j-howell-1,1
2014,2014-tour-of-champions-central-missouri,CG,m-czapinksi-1,1
2014,2014-tour-of-champions-central-missouri,GE1,f-morris-1,1
2014,2014-tour-of-champions-central-missouri,GE2,w-dillon-1,1
2014,2014-tour-of-champions-central-missouri,MA,j-bell-1,1
2014,2014-tour-of-champions-central-missouri,MB,b-fabrizio-1,1
2014,2014-tour-of-champions-central-missouri,MP,m-mullinix-1,1
2014,2014-tour-of-champions-central-missouri,VA,t-ochran-1,1
2014,2014-tour-of-champions-central-missouri,VP,s-sybilski-1,1
2014,2014-tour-of-champions-northern-illinois,CG,r-kemp-1,1
2014,2014-tour-of-champions-northern-illinois,GE1,m-czapinksi-1,1
2014,2014-tour-of-champions-northern-illinois,GE2,n-jones-1,1
2014,2014-tour-of-champions-northern-illinois,MA,c-rothe-1,1
2014,2014-tour-of-champions-northern-illinois,MB,w-dillon-1,1
2014,2014-tour-of-champions-northern-illinois,MP,r-rodriguez-1,1
2014,2014-tour-of-champions-northern-illinois,VA,s-sybilski-1,1
2014,2014-tour-of-champions-northern-illinois,VP,w-chumley-1,1
2014,2014-tour-of-champions-rutgers,CG,m-czapinksi-1,1
2014,2014-tour-of-champions-rutgers,GE1,s-sybilski-1,1
2014,2014-tour-of-champions-rutgers,GE2,k-turner-1,1
2014,2014-tour-of-champions-rutgers,MA,g-markham-1,1
2014,2014-tour-of-champions-rutgers,MB,a-lo-1,1
2014,2014-tour-of-champions-rutgers,MP,m-griffin-1,1
2014,2014-tour-of-champions-rutgers,VA,t-ochran-1,1
2014,2014-tour-of-champions-rutgers,VP,s-adamo-1,1
2014,2014-tour-of-champions-texas-presented-by-the-exsightment-of-sound,CG,m-anderson-1,1
2014,2014-tour-of-champions-texas-presented-by-the-exsightment-of-sound,GE1,l-carlson-1,1
2014,2014-tour-of-champions-texas-presented-by-the-exsightment-of-sound,GE2,g-markham-1,1
2014,2014-tour-of-champions-texas-presented-by-the-exsightment-of-sound,MA,m-mast-1,1
2014,2014-tour-of-champions-texas-presented-by-the-exsightment-of-sound,MB,a-lo-1,1
2014,2014-tour-of-champions-texas-presented-by-the-exsightment-of-sound,MP,d-carbone-1,1
2014,2014-tour-of-champions-texas-presented-by-the-exsightment-of-sound,VA,b-mascaro-1,1
2014,2014-tour-of-champions-texas-presented-by-the-exsightment-of-sound,VP,k-miller-1,1
2014,2014-wdbj-7-summer-music-games-of-southwest-virginia,CG,j-howell-1,1
2014,2014-wdbj-7-summer-music-games-of-southwest-virginia,GE1,s-adamo-1,1
2014,2014-wdbj-7-summer-music-games-of-southwest-virginia,GE2,j-webb-1,1
2014,2014-wdbj-7-summer-music-games-of-southwest-virginia,MA,r-rumpf-1,1
2014,2014-wdbj-7-summer-music-games-of-southwest-virginia,MB,p-haines-1,1
2014,2014-wdbj-7-summer-music-games-of-southwest-virginia,MP,r-rodriguez-1,1
2014,2014-wdbj-7-summer-music-games-of-southwest-virginia,VA,e-warren-1,1
2014,2014-wdbj-7-summer-music-games-of-southwest-virginia,VP,c-moss-1,1
2014,2014-western-corps-connection,CG,m-stone-1,1
2014,2014-western-corps-connection,GE1,r-kemp-1,1
2014,2014-western-corps-connection,GE2,c-rothe-1,1
2014,2014-western-corps-connection,MA,w-dillon-1,1
2014,2014-western-corps-connection,MB,j-harper-1,1
2014,2014-western-corps-connection,MP,r-rodriguez-1,1
2014,2014-western-corps-connection,VA,j-sturgeon-1,1
2014,2014-western-corps-connection,VP,k-giese-1,1
2015,2015-a-blast-in-the-burg,CG,d-niebauer-1,1
2015,2015-a-blast-in-the-burg,GE1,c-dillon-1,1
2015,2015-a-blast-in-the-burg,GE2,t-fox-1,1
2015,2015-a-blast-in-the-burg,MA,m-hoskins-1,1
2015,2015-a-blast-in-the-burg,MB,s-page-1,1
2015,2015-a-blast-in-the-burg,MP,g-howarth-1,1
2015,2015-a-blast-in-the-burg,VA,j-sturgeon-1,1
2015,2015-a-blast-in-the-burg,VP,b-mascaro-1,1
2015,2015-a-knight-of-music-and-motion,CG,r-overvliet-1,1
2015,2015-a-knight-of-music-and-motion,GE1,c-costanza-1,1
2015,2015-a-knight-of-music-and-motion,GE2,s-calhoun-1,1
2015,2015-a-knight-of-music-and-motion,MA,j-missing-1,1
2015,2015-a-knight-of-music-and-motion,MA,s-calhoun-1,1
2015,2015-a-knight-of-music-and-motion,MB,m-hoskins-1,1
2015,2015-a-knight-of-music-and-motion,MP,m-mullinix-1,1
2015,2015-a-knight-of-music-and-motion,MP,m-leitzke-1,2
2015,2015-a-knight-of-music-and-motion,VA,c-nelson-1,1
2015,2015-a-knight-of-music-and-motion,VA,c-costanza-1,1
2015,2015-a-knight-of-music-and-motion,VP,k-baker-1,1
2015,2015-alabama-sounds-of-summer,CG,h-nguyen-1,1
2015,2015-alabama-sounds-of-summer,GE1,l-carlson-1,1
2015,2015-alabama-sounds-of-summer,GE2,j-webb-1,1
2015,2015-alabama-sounds-of-summer,MA,a-cook-1,1
2015,2015-alabama-sounds-of-summer,MB,m-rubino-1,1
2015,2015-alabama-sounds-of-summer,MP,m-leitzke-1,1
2015,2015-alabama-sounds-of-summer,VA,m-gray-1,1
2015,2015-alabama-sounds-of-summer,VP,c-moss-1,1
2015,2015-corps-at-the-crest-los-angeles-presented-by-pacific-crest-youth-arts-organization,CG,r-solomon-1,1
2015,2015-corps-at-the-crest-los-angeles-presented-by-pacific-crest-youth-arts-organization,GE1,m-stone-1,1
2015,2015-corps-at-the-crest-los-angeles-presented-by-pacific-crest-youth-arts-organization,GE2,j-bell-1,1
2015,2015-corps-at-the-crest-los-angeles-presented-by-pacific-crest-youth-arts-organization,MA,c-rothe-1,1
2015,2015-corps-at-the-crest-los-angeles-presented-by-pacific-crest-youth-arts-organization,MB,p-mcgarr-1,1
2015,2015-corps-at-the-crest-los-angeles-presented-by-pacific-crest-youth-arts-organization,MP,j-webb-1,1
2015,2015-corps-at-the-crest-los-angeles-presented-by-pacific-crest-youth-arts-organization,VA,b-jones-1,1
2015,2015-corps-at-the-crest-los-angeles-presented-by-pacific-crest-youth-arts-organization,VP,f-morris-1,1
2015,2015-corps-at-the-crest-san-diego,CG,m-stone-1,1
2015,2015-corps-at-the-crest-san-diego,GE1,f-morris-1,1
2015,2015-corps-at-the-crest-san-diego,GE2,p-mcgarr-1,1
2015,2015-corps-at-the-crest-san-diego,MA,m-rubino-1,1
2015,2015-corps-at-the-crest-san-diego,MB,j-bell-1,1
2015,2015-corps-at-the-crest-san-diego,MP,c-rothe-1,1
2015,2015-corps-at-the-crest-san-diego,VA,r-solomon-1,1
2015,2015-corps-at-the-crest-san-diego,VP,b-jones-1,1
2015,2015-cyo-nationals-tribute,CG,d-torchia-1,1
2015,2015-cyo-nationals-tribute,GE1,f-morris-1,1
2015,2015-cyo-nationals-tribute,GE2,r-rumpf-1,1
2015,2015-cyo-nationals-tribute,MA,j-denton-1,1
2015,2015-cyo-nationals-tribute,MB,p-haines-1,1
2015,2015-cyo-nationals-tribute,MP,p-furnari-1,1
2015,2015-cyo-nationals-tribute,VA,c-raichle-1,1
2015,2015-cyo-nationals-tribute,VP,h-nguyen-1,1
2015,2015-dci-arkansas,CG,m-turner-1,1
2015,2015-dci-arkansas,GE1,r-kemp-1,1
2015,2015-dci-arkansas,GE2,m-mast-1,1
2015,2015-dci-arkansas,MA,m-mullinix-1,1
2015,2015-dci-arkansas,MB,a-cook-1,1
2015,2015-dci-arkansas,MP,m-leitzke-1,1
2015,2015-dci-arkansas,VA,d-torchia-1,1
2015,2015-dci-arkansas,VP,h-nguyen-1,1
2015,2015-dci-atlanta-southeastern-championship,CG,m-gray-1,1
2015,2015-dci-atlanta-southeastern-championship,GE1,r-kemp-1,1
2015,2015-dci-atlanta-southeastern-championship,GE1,l-carlson-1,1
2015,2015-dci-atlanta-southeastern-championship,GE2,j-missing-1,1
2015,2015-dci-atlanta-southeastern-championship,GE2,w-dillon-1,1
2015,2015-dci-atlanta-southeastern-championship,GE2,j-webb-1,2
2015,2015-dci-atlanta-southeastern-championship,MA,j-missing-1,1
2015,2015-dci-atlanta-southeastern-championship,MA,j-kennedy-1,1
2015,2015-dci-atlanta-southeastern-championship,MB,w-dillon-1,1
2015,2015-dci-atlanta-southeastern-championship,MB,a-cook-1,1
2015,2015-dci-atlanta-southeastern-championship,MP,c-rothe-1,1
2015,2015-dci-atlanta-southeastern-championship,MP,j-prosperie-1,1
2015,2015-dci-atlanta-southeastern-championship,VA,r-kemp-1,1
2015,2015-dci-atlanta-southeastern-championship,VA,b-mascaro-1,1
2015,2015-dci-atlanta-southeastern-championship,VP,k-miller-1,1
2015,2015-dci-central-texas-presented-by-band-shoppe,CG,r-kemp-1,1
2015,2015-dci-central-texas-presented-by-band-shoppe,GE1,m-hart-1,1
2015,2015-dci-central-texas-presented-by-band-shoppe,GE2,j-bell-1,1
2015,2015-dci-central-texas-presented-by-band-shoppe,MA,a-lo-1,1
2015,2015-dci-central-texas-presented-by-band-shoppe,MB,g-boulden-1,1
2015,2015-dci-central-texas-presented-by-band-shoppe,MP,e-argenziano-1,1
2015,2015-dci-central-texas-presented-by-band-shoppe,VA,d-torchia-1,1
2015,2015-dci-central-texas-presented-by-band-shoppe,VP,j-howell-1,1
2015,2015-dci-dallas-presented-by-north-texas-festival-of-drums-and-bugles,CG,m-thompson-1,1
2015,2015-dci-dallas-presented-by-north-texas-festival-of-drums-and-bugles,GE1,t-wemhoff-1,1
2015,2015-dci-dallas-presented-by-north-texas-festival-of-drums-and-bugles,GE2,r-greenwell-1,1
2015,2015-dci-dallas-presented-by-north-texas-festival-of-drums-and-bugles,MA,m-mast-1,1
2015,2015-dci-dallas-presented-by-north-texas-festival-of-drums-and-bugles,MB,a-cook-1,1
2015,2015-dci-dallas-presented-by-north-texas-festival-of-drums-and-bugles,MP,m-mullinix-1,1
2015,2015-dci-dallas-presented-by-north-texas-festival-of-drums-and-bugles,VA,t-ochran-1,1
2015,2015-dci-dallas-presented-by-north-texas-festival-of-drums-and-bugles,VP,c-nelson-1,1
2015,2015-dci-denton-presented-by-the-cavaliers-for-red-river-thunder,CG,m-turner-1,1
2015,2015-dci-denton-presented-by-the-cavaliers-for-red-river-thunder,GE1,t-wemhoff-1,1
2015,2015-dci-denton-presented-by-the-cavaliers-for-red-river-thunder,GE2,d-carbone-1,1
2015,2015-dci-denton-presented-by-the-cavaliers-for-red-river-thunder,MA,g-fugett-1,1
2015,2015-dci-denton-presented-by-the-cavaliers-for-red-river-thunder,MB,m-mcgahey-1,1
2015,2015-dci-denton-presented-by-the-cavaliers-for-red-river-thunder,MP,j-ausdemore-1,1
2015,2015-dci-denton-presented-by-the-cavaliers-for-red-river-thunder,VA,p-madden-1,1
2015,2015-dci-denton-presented-by-the-cavaliers-for-red-river-thunder,VP,c-moss-1,1
2015,2015-dci-eastern-classic,CG,m-turner-1,1
2015,2015-dci-eastern-classic,GE1,m-stone-1,1
2015,2015-dci-eastern-classic,GE1,f-morris-1,2
2015,2015-dci-eastern-classic,GE2,j-bell-1,1
2015,2015-dci-eastern-classic,GE2,n-jones-1,2
2015,2015-dci-eastern-classic,MA,m-mcgahey-1,1
2015,2015-dci-eastern-classic,MB,p-mcgarr-1,1
2015,2015-dci-eastern-classic,MP,a-kristensen-1,1
2015,2015-dci-eastern-classic,MP,a-dunn-1,2
2015,2015-dci-eastern-classic,VA,f-miller-1,1
2015,2015-dci-eastern-classic,VP,j-orefice-1,1
2015,2015-dci-eastern-classic-2,CG,m-turner-1,1
2015,2015-dci-eastern-classic-2,GE1,m-stone-1,1
2015,2015-dci-eastern-classic-2,GE1,f-morris-1,2
2015,2015-dci-eastern-classic-2,GE2,j-bell-1,1
2015,2015-dci-eastern-classic-2,GE2,n-jones-1,2
2015,2015-dci-eastern-classic-2,MA,m-mcgahey-1,1
2015,2015-dci-eastern-classic-2,MB,p-mcgarr-1,1
2015,2015-dci-eastern-classic-2,MP,a-kristensen-1,1
2015,2015-dci-eastern-classic-2,MP,a-dunn-1,2
2015,2015-dci-eastern-classic-2,VA,f-miller-1,1
2015,2015-dci-eastern-classic-2,VP,j-orefice-1,1
2015,2015-dci-ft-wayne,CG,unknown-unknown-1,3
2015,2015-dci-ft-wayne,GE1,m-anderson-1,1
2015,2015-dci-ft-wayne,GE2,r-greenwell-1,1
2015,2015-dci-ft-wayne,MA,a-cook-1,1
2015,2015-dci-ft-wayne,MB,k-weirich-1,1
2015,2015-dci-ft-wayne,MP,j-pipitone-1,1
2015,2015-dci-ft-wayne,VA,t-ochran-1,1
2015,2015-dci-ft-wayne,VP,j-orefice-1,1
2015,2015-dci-in-the-heartland,CG,j-gilley-1,1
2015,2015-dci-in-the-heartland,GE1,c-church-1,1
2015,2015-dci-in-the-heartland,GE2,g-schallert-1,1
2015,2015-dci-in-the-heartland,MA,d-davis-1,1
2015,2015-dci-in-the-heartland,MB,p-haines-1,1
2015,2015-dci-in-the-heartland,MP,e-argenziano-1,1
2015,2015-dci-in-the-heartland,VA,k-baker-1,1
2015,2015-dci-in-the-heartland,VP,t-cole-1,1
2015,2015-dci-minnesota,CG,m-stone-1,1
2015,2015-dci-minnesota,GE1,k-miller-1,1
2015,2015-dci-minnesota,GE2,g-fugett-1,1
2015,2015-dci-minnesota,MA,p-mcgarr-1,1
2015,2015-dci-minnesota,MA,g-fugett-1,1
2015,2015-dci-minnesota,MB,s-page-1,1
2015,2015-dci-minnesota,MP,a-dunn-1,1
2015,2015-dci-minnesota,VA,s-sybilski-1,1
2015,2015-dci-minnesota,VA,k-miller-1,1
2015,2015-dci-minnesota,VP,r-overvliet-1,1
2015,2015-dci-north-alabama,CG,h-nguyen-1,1
2015,2015-dci-north-alabama,GE1,l-carlson-1,1
2015,2015-dci-north-alabama,GE2,m-rubino-1,1
2015,2015-dci-north-alabama,MA,l-eubanks-1,1
2015,2015-dci-north-alabama,MB,w-whaley-1,1
2015,2015-dci-north-alabama,MP,m-leitzke-1,1
2015,2015-dci-north-alabama,VA,b-mascaro-1,1
2015,2015-dci-north-alabama,VP,m-turner-1,1
2015,2015-dci-pittsburgh-presented-by-three-rivers-summer-music-games,CG,j-howell-1,1
2015,2015-dci-pittsburgh-presented-by-three-rivers-summer-music-games,GE1,b-jones-1,1
2015,2015-dci-pittsburgh-presented-by-three-rivers-summer-music-games,GE2,m-waymire-1,1
2015,2015-dci-pittsburgh-presented-by-three-rivers-summer-music-games,MA,a-kristensen-1,1
2015,2015-dci-pittsburgh-presented-by-three-rivers-summer-music-games,MB,j-bell-1,1
2015,2015-dci-pittsburgh-presented-by-three-rivers-summer-music-games,MP,j-ausdemore-1,1
2015,2015-dci-pittsburgh-presented-by-three-rivers-summer-music-games,VA,b-mascaro-1,1
2015,2015-dci-pittsburgh-presented-by-three-rivers-summer-music-games,VP,h-bassett-1,1
2015,2015-dci-southern-mississippi,CG,g-oliviero-1,1
2015,2015-dci-southern-mississippi,GE1,m-stone-1,1
2015,2015-dci-southern-mississippi,GE2,w-whaley-1,1
2015,2015-dci-southern-mississippi,MA,m-rubino-1,1
2015,2015-dci-southern-mississippi,MB,l-eubanks-1,1
2015,2015-dci-southern-mississippi,MP,j-pipitone-1,1
2015,2015-dci-southern-mississippi,VA,k-giese-1,1
2015,2015-dci-southern-mississippi,VP,b-jones-1,1
2015,2015-dci-southwestern-championship-presented-by-fred-j-miller-inc,CG,r-solomon-1,1
2015,2015-dci-southwestern-championship-presented-by-fred-j-miller-inc,GE1,j-howell-1,1
2015,2015-dci-southwestern-championship-presented-by-fred-j-miller-inc,GE1,m-kelly-1,2
2015,2015-dci-southwestern-championship-presented-by-fred-j-miller-inc,GE2,k-turner-1,1
2015,2015-dci-southwestern-championship-presented-by-fred-j-miller-inc,GE2,d-davis-1,2
2015,2015-dci-southwestern-championship-presented-by-fred-j-miller-inc,MA,g-fugett-1,1
2015,2015-dci-southwestern-championship-presented-by-fred-j-miller-inc,MB,s-page-1,1
2015,2015-dci-southwestern-championship-presented-by-fred-j-miller-inc,MP,j-ausdemore-1,1
2015,2015-dci-southwestern-championship-presented-by-fred-j-miller-inc,MP,m-mullinix-1,2
2015,2015-dci-southwestern-championship-presented-by-fred-j-miller-inc,VA,d-torchia-1,1
2015,2015-dci-southwestern-championship-presented-by-fred-j-miller-inc,VP,s-adamo-1,1
2015,2015-dci-tour-of-champions-presented-by-the-pro-football-hall-of-fame-enshrinement-festival,CG,g-oliviero-1,1
2015,2015-dci-tour-of-champions-presented-by-the-pro-football-hall-of-fame-enshrinement-festival,GE1,unknown-unknown-1,1
2015,2015-dci-tour-of-champions-presented-by-the-pro-football-hall-of-fame-enshrinement-festival,GE2,k-turner-1,1
2015,2015-dci-tour-of-champions-presented-by-the-pro-football-hall-of-fame-enshrinement-festival,MA,d-carbone-1,1
2015,2015-dci-tour-of-champions-presented-by-the-pro-football-hall-of-fame-enshrinement-festival,MB,m-waymire-1,1
2015,2015-dci-tour-of-champions-presented-by-the-pro-football-hall-of-fame-enshrinement-festival,MP,j-ausdemore-1,1
2015,2015-dci-tour-of-champions-presented-by-the-pro-football-hall-of-fame-enshrinement-festival,VA,b-mascaro-1,1
2015,2015-dci-tour-of-champions-presented-by-the-pro-football-hall-of-fame-enshrinement-festival,VP,b-jones-1,1
2015,2015-dci-tour-premiere,CG,r-kemp-1,1
2015,2015-dci-tour-premiere,GE1,m-czapinksi-1,1
2015,2015-dci-tour-premiere,GE2,r-greenwell-1,1
2015,2015-dci-tour-premiere,MA,j-harper-1,1
2015,2015-dci-tour-premiere,MB,a-cook-1,1
2015,2015-dci-tour-premiere,MP,j-queen-1,1
2015,2015-dci-tour-premiere,VA,m-anderson-1,1
2015,2015-dci-tour-premiere,VP,j-orefice-1,1
2015,2015-dci-west,CG,m-czapinksi-1,1
2015,2015-dci-west,GE1,m-turner-1,1
2015,2015-dci-west,GE2,n-jones-1,1
2015,2015-dci-west,MA,j-kennedy-1,1
2015,2015-dci-west,MB,g-markham-1,1
2015,2015-dci-west,MP,a-kristensen-1,1
2015,2015-dci-west,VA,t-ochran-1,1
2015,2015-dci-west,VP,j-howell-1,1
2015,2015-dci-world-championship-prelims,CG,m-turner-1,1
2015,2015-dci-world-championship-prelims,GE1,j-howell-1,1
2015,2015-dci-world-championship-prelims,GE1,k-miller-1,2
2015,2015-dci-world-championship-prelims,GE2,w-dillon-1,1
2015,2015-dci-world-championship-prelims,GE2,j-bell-1,2
2015,2015-dci-world-championship-prelims,MA,m-mcgahey-1,1
2015,2015-dci-world-championship-prelims,MB,a-cook-1,1
2015,2015-dci-world-championship-prelims,MP,m-griffin-1,1
2015,2015-dci-world-championship-prelims,MP,g-howarth-1,2
2015,2015-dci-world-championship-prelims,VA,f-miller-1,1
2015,2015-dci-world-championship-prelims,VP,r-solomon-1,1
2015,2015-dci-world-championship-semifinals,CG,g-oliviero-1,1
2015,2015-dci-world-championship-semifinals,GE1,r-kemp-1,1
2015,2015-dci-world-championship-semifinals,GE1,l-carlson-1,2
2015,2015-dci-world-championship-semifinals,GE2,n-jones-1,1
2015,2015-dci-world-championship-semifinals,GE2,d-davis-1,2
2015,2015-dci-world-championship-semifinals,MA,r-greenwell-1,1
2015,2015-dci-world-championship-semifinals,MB,s-page-1,1
2015,2015-dci-world-championship-semifinals,MP,a-kristensen-1,1
2015,2015-dci-world-championship-semifinals,MP,a-dunn-1,2
2015,2015-dci-world-championship-semifinals,VA,d-torchia-1,1
2015,2015-dci-world-championship-semifinals,VP,b-jones-1,1
2015,2015-dci-world-championship-world-class-finals,CG,m-czapinksi-1,1
2015,2015-dci-world-championship-world-class-finals,GE1,m-stone-1,1
2015,2015-dci-world-championship-world-class-finals,GE1,m-kelly-1,2
2015,2015-dci-world-championship-world-class-finals,GE2,g-fugett-1,1
2015,2015-dci-world-championship-world-class-finals,GE2,k-turner-1,2
2015,2015-dci-world-championship-world-class-finals,MA,j-kennedy-1,1
2015,2015-dci-world-championship-world-class-finals,MB,p-mcgarr-1,1
2015,2015-dci-world-championship-world-class-finals,MP,j-prosperie-1,1
2015,2015-dci-world-championship-world-class-finals,MP,c-rothe-1,2
2015,2015-dci-world-championship-world-class-finals,VA,t-ochran-1,1
2015,2015-dci-world-championship-world-class-finals,VP,j-orefice-1,1
2015,2015-dci-world-championships-open-class-championship-finals,CG,c-dillon-1,1
2015,2015-dci-world-championships-open-class-championship-finals,GE1,c-costanza-1,1
2015,2015-dci-world-championships-open-class-championship-finals,GE2,j-denton-1,1
2015,2015-dci-world-championships-open-class-championship-finals,MA,g-boulden-1,1
2015,2015-dci-world-championships-open-class-championship-finals,MB,m-hoskins-1,1
2015,2015-dci-world-championships-open-class-championship-finals,MP,m-davis-1,1
2015,2015-dci-world-championships-open-class-championship-finals,MP,g-howarth-1,2
2015,2015-dci-world-championships-open-class-championship-finals,VA,c-nelson-1,1
2015,2015-dci-world-championships-open-class-championship-finals,VP,j-sturgeon-1,1
2015,2015-dci-world-championships-open-class-championship-prelims,CG,r-overvliet-1,1
2015,2015-dci-world-championships-open-class-championship-prelims,GE1,j-gilley-1,1
2015,2015-dci-world-championships-open-class-championship-prelims,GE2,s-calhoun-1,1
2015,2015-dci-world-championships-open-class-championship-prelims,MA,t-fox-1,1
2015,2015-dci-world-championships-open-class-championship-prelims,MB,d-argul-1,1
2015,2015-dci-world-championships-open-class-championship-prelims,MP,m-mullinix-1,1
2015,2015-dci-world-championships-open-class-championship-prelims,MP,m-leitzke-1,2
2015,2015-dci-world-championships-open-class-championship-prelims,VA,d-niebauer-1,1
2015,2015-dci-world-championships-open-class-championship-prelims,VP,k-baker-1,1
2015,2015-drum-corps-an-american-tradition,CG,h-nguyen-1,1
2015,2015-drum-corps-an-american-tradition,GE1,r-kemp-1,1
2015,2015-drum-corps-an-american-tradition,GE2,c-phillips-1,1
2015,2015-drum-corps-an-american-tradition,MA,r-rumpf-1,1
2015,2015-drum-corps-an-american-tradition,MB,r-rios-1,1
2015,2015-drum-corps-an-american-tradition,MP,t-hall-1,1
2015,2015-drum-corps-an-american-tradition,VA,p-madden-1,1
2015,2015-drum-corps-an-american-tradition,VP,c-moss-1,1
2015,2015-drum-corps-an-american-tradition-2,CG,s-adamo-1,1
2015,2015-drum-corps-an-american-tradition-2,GE1,m-kelly-1,1
2015,2015-drum-corps-an-american-tradition-2,GE2,r-greenwell-1,1
2015,2015-drum-corps-an-american-tradition-2,MA,w-dillon-1,1
2015,2015-drum-corps-an-american-tradition-2,MB,m-waymire-1,1
2015,2015-drum-corps-an-american-tradition-2,MP,m-griffin-1,1
2015,2015-drum-corps-an-american-tradition-2,VA,c-raichle-1,1
2015,2015-drum-corps-an-american-tradition-2,VP,w-chumley-1,1
2015,2015-drums-across-cajun-field,CG,g-oliviero-1,1
2015,2015-drums-across-cajun-field,GE1,m-stone-1,1
2015,2015-drums-across-cajun-field,GE2,w-whaley-1,1
2015,2015-drums-across-cajun-field,MA,m-rubino-1,1
2015,2015-drums-across-cajun-field,MB,d-davis-1,1
2015,2015-drums-across-cajun-field,MP,j-prosperie-1,1
2015,2015-drums-across-cajun-field,VA,k-giese-1,1
2015,2015-drums-across-cajun-field,VP,b-jones-1,1
2015,2015-drums-across-nebraska,CG,m-anderson-1,1
2015,2015-drums-across-nebraska,GE1,f-miller-1,1
2015,2015-drums-across-nebraska,GE2,g-schallert-1,1
2015,2015-drums-across-nebraska,MA,p-mcgarr-1,1
2015,2015-drums-across-nebraska,MB,p-haines-1,1
2015,2015-drums-across-nebraska,MP,a-dunn-1,1
2015,2015-drums-across-nebraska,VA,t-cole-1,1
2015,2015-drums-across-nebraska,VP,k-miller-1,1
2015,2015-drums-across-the-tri-state,CG,d-deems-1,1
2015,2015-drums-across-the-tri-state,GE1,c-adderley-1,1
2015,2015-drums-across-the-tri-state,GE2,a-lo-1,1
2015,2015-drums-across-the-tri-state,MA,b-johnson-1,1
2015,2015-drums-across-the-tri-state,MB,g-boulden-1,1
2015,2015-drums-across-the-tri-state,MP,c-romanowski-1,1
2015,2015-drums-across-the-tri-state,VA,j-carlisle-1,1
2015,2015-drums-across-the-tri-state,VP,j-howell-1,1
2015,2015-drums-along-the-mohawk,CG,s-adamo-1,1
2015,2015-drums-along-the-mohawk,GE1,d-niebauer-1,1
2015,2015-drums-along-the-mohawk,GE2,j-denton-1,1
2015,2015-drums-along-the-mohawk,MA,p-haines-1,1
2015,2015-drums-along-the-mohawk,MB,j-bell-1,1
2015,2015-drums-along-the-mohawk,MP,d-bryan-1,1
2015,2015-drums-along-the-mohawk,VA,c-raichle-1,1
2015,2015-drums-along-the-mohawk,VP,m-turner-1,1
2015,2015-drums-along-the-rockies,CG,j-howell-1,1
2015,2015-drums-along-the-rockies,GE1,t-wemhoff-1,1
2015,2015-drums-along-the-rockies,GE2,d-aydelott-1,1
2015,2015-drums-along-the-rockies,MA,n-jones-1,1
2015,2015-drums-along-the-rockies,MB,a-lo-1,1
2015,2015-drums-along-the-rockies,MP,j-pipitone-1,1
2015,2015-drums-along-the-rockies,VA,m-gray-1,1
2015,2015-drums-along-the-rockies,VP,r-solomon-1,1
2015,2015-drums-of-summer,CG,m-thompson-1,1
2015,2015-drums-of-summer,GE1,t-wemhoff-1,1
2015,2015-drums-of-summer,GE2,m-rubino-1,1
2015,2015-drums-of-summer,MA,r-greenwell-1,1
2015,2015-drums-of-summer,MB,d-davis-1,1
2015,2015-drums-of-summer,MP,j-pipitone-1,1
2015,2015-drums-of-summer,VA,t-ochran-1,1
2015,2015-drums-of-summer,VP,c-nelson-1,1
2015,2015-east-coast-classic,CG,l-carlson-1,1
2015,2015-east-coast-classic,GE1,f-morris-1,1
2015,2015-east-coast-classic,GE2,j-kennedy-1,1
2015,2015-east-coast-classic,MA,p-mcgarr-1,1
2015,2015-east-coast-classic,MB,w-dillon-1,1
2015,2015-east-coast-classic,MP,g-howarth-1,1
2015,2015-east-coast-classic,VA,f-miller-1,1
2015,2015-east-coast-classic,VP,r-solomon-1,1
2015,2015-emerald-city-music-games,CG,g-oliviero-1,1
2015,2015-emerald-city-music-games,GE1,d-torchia-1,1
2015,2015-emerald-city-music-games,GE2,j-harper-1,1
2015,2015-emerald-city-music-games,MA,c-diefenbach-1,1
2015,2015-emerald-city-music-games,MB,c-phillips-1,1
2015,2015-emerald-city-music-games,MP,d-bryan-1,1
2015,2015-emerald-city-music-games,VA,s-sybilski-1,1
2015,2015-emerald-city-music-games,VP,m-turner-1,1
2015,2015-gold-showcase-at-the-ranch,CG,c-costanza-1,1
2015,2015-gold-showcase-at-the-ranch,GE1,j-gilley-1,1
2015,2015-gold-showcase-at-the-ranch,GE2,m-hoskins-1,1
2015,2015-gold-showcase-at-the-ranch,MA,m-mullinix-1,1
2015,2015-gold-showcase-at-the-ranch,MB,g-boulden-1,1
2015,2015-gold-showcase-at-the-ranch,MP,m-davis-1,1
2015,2015-gold-showcase-at-the-ranch,VA,j-sturgeon-1,1
2015,2015-gold-showcase-at-the-ranch,VP,k-baker-1,1
2015,2015-hamilton-drum-corps-classic,CG,c-dillon-1,1
2015,2015-hamilton-drum-corps-classic,GE1,c-costanza-1,1
2015,2015-hamilton-drum-corps-classic,GE2,s-calhoun-1,1
2015,2015-hamilton-drum-corps-classic,MA,s-calhoun-1,1
2015,2015-hamilton-drum-corps-classic,MA,g-boulden-1,1
2015,2015-hamilton-drum-corps-classic,MB,j-denton-1,1
2015,2015-hamilton-drum-corps-classic,MP,m-davis-1,1
2015,2015-hamilton-drum-corps-classic,VA,c-costanza-1,1
2015,2015-hamilton-drum-corps-classic,VA,d-deems-1,1
2015,2015-hamilton-drum-corps-classic,VP,j-sturgeon-1,1
2015,2015-innovations-in-brass-akron,CG,unknown-unknown-1,3
2015,2015-innovations-in-brass-akron,GE1,m-kelly-1,1
2015,2015-innovations-in-brass-akron,GE2,j-webb-1,1
2015,2015-innovations-in-brass-akron,MA,j-harper-1,1
2015,2015-innovations-in-brass-akron,MB,k-turner-1,1
2015,2015-innovations-in-brass-akron,MP,m-griffin-1,1
2015,2015-innovations-in-brass-akron,VA,k-giese-1,1
2015,2015-innovations-in-brass-akron,VP,b-mascaro-1,1
2015,2015-lake-erie-fanfare,CG,d-niebauer-1,1
2015,2015-lake-erie-fanfare,GE1,b-mascaro-1,1
2015,2015-lake-erie-fanfare,GE2,c-phillips-1,1
2015,2015-lake-erie-fanfare,MA,d-bryan-1,1
2015,2015-lake-erie-fanfare,MB,c-diefenbach-1,1
2015,2015-lake-erie-fanfare,MP,t-hall-1,1
2015,2015-lake-erie-fanfare,VA,c-adderley-1,1
2015,2015-lake-erie-fanfare,VP,m-turner-1,1
2015,2015-legends-drum-corps-invitational,CG,r-overvliet-1,1
2015,2015-legends-drum-corps-invitational,GE1,c-costanza-1,1
2015,2015-legends-drum-corps-invitational,GE2,s-calhoun-1,1
2015,2015-legends-drum-corps-invitational,MA,g-boulden-1,1
2015,2015-legends-drum-corps-invitational,MB,m-hoskins-1,1
2015,2015-legends-drum-corps-invitational,MP,m-mullinix-1,1
2015,2015-legends-drum-corps-invitational,MP,m-leitzke-1,2
2015,2015-legends-drum-corps-invitational,VA,c-nelson-1,1
2015,2015-legends-drum-corps-invitational,VP,k-baker-1,1
2015,2015-legends-drum-corps-open,CG,d-deems-1,1
2015,2015-legends-drum-corps-open,GE1,m-hart-1,1
2015,2015-legends-drum-corps-open,GE2,a-cook-1,1
2015,2015-legends-drum-corps-open,MA,r-isoda-1,1
2015,2015-legends-drum-corps-open,MB,m-hoskins-1,1
2015,2015-legends-drum-corps-open,MP,m-mullinix-1,1
2015,2015-legends-drum-corps-open,VA,r-overvliet-1,1
2015,2015-legends-drum-corps-open,VP,j-orefice-1,1
2015,2015-march-of-champions-presented-by-drums-across-kansas,CG,m-bowers-1,1
2015,2015-march-of-champions-presented-by-drums-across-kansas,GE1,c-church-1,1
2015,2015-march-of-champions-presented-by-drums-across-kansas,GE2,d-davis-1,1
2015,2015-march-of-champions-presented-by-drums-across-kansas,MA,p-haines-1,1
2015,2015-march-of-champions-presented-by-drums-across-kansas,MB,g-schallert-1,1
2015,2015-march-of-champions-presented-by-drums-across-kansas,MP,m-davis-1,1
2015,2015-march-of-champions-presented-by-drums-across-kansas,VA,c-moss-1,1
2015,2015-march-of-champions-presented-by-drums-across-kansas,VP,t-cole-1,1
2015,2015-midcal-champions-showcase,CG,j-howell-1,1
2015,2015-midcal-champions-showcase,GE1,m-czapinksi-1,1
2015,2015-midcal-champions-showcase,GE2,j-kennedy-1,1
2015,2015-midcal-champions-showcase,MA,g-markham-1,1
2015,2015-midcal-champions-showcase,MB,n-jones-1,1
2015,2015-midcal-champions-showcase,MP,a-kristensen-1,1
2015,2015-midcal-champions-showcase,VA,g-oliviero-1,1
2015,2015-midcal-champions-showcase,VP,t-ochran-1,1
2015,2015-mississippi-sound-spectacular,CG,m-stone-1,1
2015,2015-mississippi-sound-spectacular,GE1,b-jones-1,1
2015,2015-mississippi-sound-spectacular,GE2,m-mast-1,1
2015,2015-mississippi-sound-spectacular,MA,w-whaley-1,1
2015,2015-mississippi-sound-spectacular,MB,a-cook-1,1
2015,2015-mississippi-sound-spectacular,MP,m-mullinix-1,1
2015,2015-mississippi-sound-spectacular,VA,g-oliviero-1,1
2015,2015-mississippi-sound-spectacular,VP,k-giese-1,1
2015,2015-moonlight-classic,CG,j-howell-1,1
2015,2015-moonlight-classic,GE1,t-ochran-1,1
2015,2015-moonlight-classic,GE2,a-kristensen-1,1
2015,2015-moonlight-classic,MA,n-jones-1,1
2015,2015-moonlight-classic,MB,m-rubino-1,1
2015,2015-moonlight-classic,MP,j-wilson-1,1
2015,2015-moonlight-classic,VA,m-czapinksi-1,1
2015,2015-moonlight-classic,VP,g-oliviero-1,1
2015,2015-music-on-the-march,CG,m-anderson-1,1
2015,2015-music-on-the-march,GE1,m-hart-1,1
2015,2015-music-on-the-march,GE2,d-davis-1,1
2015,2015-music-on-the-march,MA,m-mast-1,1
2015,2015-music-on-the-march,MB,s-page-1,1
2015,2015-music-on-the-march,MP,j-pipitone-1,1
2015,2015-music-on-the-march,VA,t-ochran-1,1
2015,2015-music-on-the-march,VP,unknown-unknown-1,1
2015,2015-music-on-the-move,CG,j-gilley-1,1
2015,2015-music-on-the-move,GE1,t-wemhoff-1,1
2015,2015-music-on-the-move,GE2,s-page-1,1
2015,2015-music-on-the-move,MA,p-hinman-1,1
2015,2015-music-on-the-move,MB,p-mcgarr-1,1
2015,2015-music-on-the-move,MP,a-dunn-1,1
2015,2015-music-on-the-move,VA,k-baker-1,1
2015,2015-music-on-the-move,VP,j-orefice-1,1
2015,2015-nightbeat-tour-of-champions,CG,c-moss-1,1
2015,2015-nightbeat-tour-of-champions,GE1,f-morris-1,1
2015,2015-nightbeat-tour-of-champions,GE2,a-cook-1,1
2015,2015-nightbeat-tour-of-champions,MA,c-phillips-1,1
2015,2015-nightbeat-tour-of-champions,MB,j-harper-1,1
2015,2015-nightbeat-tour-of-champions,MP,g-howarth-1,1
2015,2015-nightbeat-tour-of-champions,VA,s-sybilski-1,1
2015,2015-nightbeat-tour-of-champions,VP,unknown-unknown-1,1
2015,2015-north-iowa-festival-of-brass,CG,c-dillon-1,1
2015,2015-north-iowa-festival-of-brass,GE1,j-gilley-1,1
2015,2015-north-iowa-festival-of-brass,GE2,j-denton-1,1
2015,2015-north-iowa-festival-of-brass,MA,j-denton-1,1
2015,2015-north-iowa-festival-of-brass,MA,t-fox-1,1
2015,2015-north-iowa-festival-of-brass,MB,d-argul-1,1
2015,2015-north-iowa-festival-of-brass,MP,m-davis-1,1
2015,2015-north-iowa-festival-of-brass,MP,g-howarth-1,2
2015,2015-north-iowa-festival-of-brass,VA,j-gilley-1,1
2015,2015-north-iowa-festival-of-brass,VA,d-niebauer-1,1
2015,2015-north-iowa-festival-of-brass,VP,j-sturgeon-1,1
2015,2015-percussion-on-the-pearl,CG,r-solomon-1,1
2015,2015-percussion-on-the-pearl,GE1,m-stone-1,1
2015,2015-percussion-on-the-pearl,GE2,d-aydelott-1,1
2015,2015-percussion-on-the-pearl,MA,a-dunn-1,1
2015,2015-percussion-on-the-pearl,MB,a-lo-1,1
2015,2015-percussion-on-the-pearl,MP,j-queen-1,1
2015,2015-percussion-on-the-pearl,VA,m-gray-1,1
2015,2015-percussion-on-the-pearl,VP,r-overvliet-1,1
2015,2015-petunia-city-brass,CG,m-bowers-1,1
2015,2015-petunia-city-brass,GE1,s-bertelle-1,1
2015,2015-petunia-city-brass,GE2,s-calhoun-1,1
2015,2015-petunia-city-brass,MA,g-boulden-1,1
2015,2015-petunia-city-brass,MB,j-denton-1,1
2015,2015-petunia-city-brass,MP,m-davis-1,1
2015,2015-petunia-city-brass,VA,t-cole-1,1
2015,2015-petunia-city-brass,VP,k-baker-1,1
2015,2015-resound,CG,k-baker-1,1
2015,2015-resound,GE1,c-costanza-1,1
2015,2015-resound,GE2,g-boulden-1,1
2015,2015-resound,MA,m-davis-1,1
2015,2015-resound,MB,m-hoskins-1,1
2015,2015-resound,MP,m-mullinix-1,1
2015,2015-resound,VA,j-gilley-1,1
2015,2015-resound,VP,j-sturgeon-1,1
2015,2015-river-city-rhapsody-la-crosse,CG,j-carlisle-1,1
2015,2015-river-city-rhapsody-la-crosse,GE1,c-church-1,1
2015,2015-river-city-rhapsody-la-crosse,GE2,r-greenwell-1,1
2015,2015-river-city-rhapsody-la-crosse,MA,s-page-1,1
2015,2015-river-city-rhapsody-la-crosse,MB,k-weirich-1,1
2015,2015-river-city-rhapsody-la-crosse,MP,j-queen-1,1
2015,2015-river-city-rhapsody-la-crosse,VA,j-orefice-1,1
2015,2015-river-city-rhapsody-la-crosse,VP,k-miller-1,1
2015,2015-shadow-showcase,CG,r-overvliet-1,1
2015,2015-shadow-showcase,GE1,c-nelson-1,1
2015,2015-shadow-showcase,GE2,l-appel-1,1
2015,2015-shadow-showcase,MA,t-fox-1,1
2015,2015-shadow-showcase,MA,l-appel-1,2
2015,2015-shadow-showcase,MB,d-argul-1,1
2015,2015-shadow-showcase,MP,m-mullinix-1,1
2015,2015-shadow-showcase,VA,k-baker-1,1
2015,2015-shadow-showcase,VA,c-nelson-1,1
2015,2015-shadow-showcase,VP,t-cole-1,1
2015,2015-shoreman-brass-classic,CG,c-dillon-1,1
2015,2015-shoreman-brass-classic,GE1,j-gilley-1,1
2015,2015-shoreman-brass-classic,GE2,j-denton-1,1
2015,2015-shoreman-brass-classic,MA,t-fox-1,1
2015,2015-shoreman-brass-classic,MB,d-argul-1,1
2015,2015-shoreman-brass-classic,MP,m-davis-1,1
2015,2015-shoreman-brass-classic,MP,g-howarth-1,2
2015,2015-shoreman-brass-classic,VA,d-niebauer-1,1
2015,2015-shoreman-brass-classic,VP,j-sturgeon-1,1
2015,2015-show-of-shows,CG,r-overvliet-1,1
2015,2015-show-of-shows,GE1,s-bertelle-1,1
2015,2015-show-of-shows,GE2,t-fox-1,1
2015,2015-show-of-shows,MA,l-appel-1,1
2015,2015-show-of-shows,MB,d-argul-1,1
2015,2015-show-of-shows,MP,m-leitzke-1,1
2015,2015-show-of-shows,VA,t-cole-1,1
2015,2015-show-of-shows,VP,k-baker-1,1
2015,2015-so-cal-classic-open-class-championship,CG,j-gilley-1,1
2015,2015-so-cal-classic-open-class-championship,GE1,j-sturgeon-1,1
2015,2015-so-cal-classic-open-class-championship,GE2,m-davis-1,1
2015,2015-so-cal-classic-open-class-championship,MA,g-boulden-1,1
2015,2015-so-cal-classic-open-class-championship,MB,m-hoskins-1,1
2015,2015-so-cal-classic-open-class-championship,MP,m-mullinix-1,1
2015,2015-so-cal-classic-open-class-championship,VA,c-dillon-1,1
2015,2015-so-cal-classic-open-class-championship,VP,k-baker-1,1
2015,2015-soaring-sounds-36,CG,m-bowers-1,1
2015,2015-soaring-sounds-36,GE1,t-ochran-1,1
2015,2015-soaring-sounds-36,GE2,a-kristensen-1,1
2015,2015-soaring-sounds-36,MA,a-kristensen-1,1
2015,2015-soaring-sounds-36,MA,a-dunn-1,1
2015,2015-soaring-sounds-36,MB,r-isoda-1,1
2015,2015-soaring-sounds-36,MP,m-griffin-1,1
2015,2015-soaring-sounds-36,VA,t-ochran-1,1
2015,2015-soaring-sounds-36,VA,k-giese-1,1
2015,2015-soaring-sounds-36,VP,h-bassett-1,1
2015,2015-the-masters-of-the-summer-music-games,CG,m-stone-1,1
2015,2015-the-masters-of-the-summer-music-games,GE1,m-anderson-1,1
2015,2015-the-masters-of-the-summer-music-games,GE2,j-kennedy-1,1
2015,2015-the-masters-of-the-summer-music-games,MA,n-jones-1,1
2015,2015-the-masters-of-the-summer-music-games,MB,w-dillon-1,1
2015,2015-the-masters-of-the-summer-music-games,MP,m-mullinix-1,1
2015,2015-the-masters-of-the-summer-music-games,VA,f-miller-1,1
2015,2015-the-masters-of-the-summer-music-games,VP,j-orefice-1,1
2015,2015-the-whitewater-classic,CG,d-torchia-1,1
2015,2015-the-whitewater-classic,GE1,r-kemp-1,1
2015,2015-the-whitewater-classic,GE2,g-fugett-1,1
2015,2015-the-whitewater-classic,MA,m-mast-1,1
2015,2015-the-whitewater-classic,MA,g-fugett-1,2
2015,2015-the-whitewater-classic,MB,a-cook-1,1
2015,2015-the-whitewater-classic,MP,m-mullinix-1,1
2015,2015-the-whitewater-classic,VA,k-giese-1,1
2015,2015-the-whitewater-classic,VA,r-kemp-1,1
2015,2015-the-whitewater-classic,VP,s-sybilski-1,1
2015,2015-tour-of-champions-buffalo,CG,l-carlson-1,1
2015,2015-tour-of-champions-buffalo,GE1,g-oliviero-1,1
2015,2015-tour-of-champions-buffalo,GE2,d-carbone-1,1
2015,2015-tour-of-champions-buffalo,MA,g-markham-1,1
2015,2015-tour-of-champions-buffalo,MB,r-isoda-1,1
2015,2015-tour-of-champions-buffalo,MP,m-griffin-1,1
2015,2015-tour-of-champions-buffalo,VA,t-ochran-1,1
2015,2015-tour-of-champions-buffalo,VP,k-giese-1,1
2015,2015-tour-of-champions-central-missouri,CG,m-czapinksi-1,1
2015,2015-tour-of-champions-central-missouri,GE1,r-kemp-1,1
2015,2015-tour-of-champions-central-missouri,GE2,p-hinman-1,1
2015,2015-tour-of-champions-central-missouri,MA,s-page-1,1
2015,2015-tour-of-champions-central-missouri,MB,a-lo-1,1
2015,2015-tour-of-champions-central-missouri,MP,j-queen-1,1
2015,2015-tour-of-champions-central-missouri,VA,s-sybilski-1,1
2015,2015-tour-of-champions-central-missouri,VP,j-orefice-1,1
2015,2015-tour-of-champions-northern-illinois,CG,m-anderson-1,1
2015,2015-tour-of-champions-northern-illinois,GE1,p-madden-1,1
2015,2015-tour-of-champions-northern-illinois,GE2,n-jones-1,1
2015,2015-tour-of-champions-northern-illinois,MA,g-fugett-1,1
2015,2015-tour-of-champions-northern-illinois,MB,p-mcgarr-1,1
2015,2015-tour-of-champions-northern-illinois,MP,m-griffin-1,1
2015,2015-tour-of-champions-northern-illinois,VA,f-miller-1,1
2015,2015-tour-of-champions-northern-illinois,VP,m-czapinksi-1,1
2015,2015-tour-of-champions-ppl-park,CG,m-kelly-1,1
2015,2015-tour-of-champions-ppl-park,GE1,r-kemp-1,1
2015,2015-tour-of-champions-ppl-park,GE2,w-dillon-1,1
2015,2015-tour-of-champions-ppl-park,MA,j-bell-1,1
2015,2015-tour-of-champions-ppl-park,MB,r-rios-1,1
2015,2015-tour-of-champions-ppl-park,MP,m-griffin-1,1
2015,2015-tour-of-champions-ppl-park,VA,p-madden-1,1
2015,2015-tour-of-champions-ppl-park,VP,s-adamo-1,1
2015,2015-tour-of-champions-texas-presented-by-the-exsightment-of-sound,CG,j-howell-1,1
2015,2015-tour-of-champions-texas-presented-by-the-exsightment-of-sound,GE1,m-kelly-1,1
2015,2015-tour-of-champions-texas-presented-by-the-exsightment-of-sound,GE2,j-bell-1,1
2015,2015-tour-of-champions-texas-presented-by-the-exsightment-of-sound,MA,a-dunn-1,1
2015,2015-tour-of-champions-texas-presented-by-the-exsightment-of-sound,MB,g-boulden-1,1
2015,2015-tour-of-champions-texas-presented-by-the-exsightment-of-sound,MP,g-fugett-1,1
2015,2015-tour-of-champions-texas-presented-by-the-exsightment-of-sound,VA,p-madden-1,1
2015,2015-tour-of-champions-texas-presented-by-the-exsightment-of-sound,VP,m-turner-1,1
2015,2015-tournament-of-drums,CG,c-dillon-1,1
2015,2015-tournament-of-drums,GE1,c-costanza-1,1
2015,2015-tournament-of-drums,GE2,j-denton-1,1
2015,2015-tournament-of-drums,MA,s-calhoun-1,1
2015,2015-tournament-of-drums,MB,m-hoskins-1,1
2015,2015-tournament-of-drums,MP,g-howarth-1,1
2015,2015-tournament-of-drums,VA,d-niebauer-1,1
2015,2015-tournament-of-drums,VP,j-sturgeon-1,1
2015,2015-wdbj-7-summer-music-games-of-southwest-virginia,CG,g-oliviero-1,1
2015,2015-wdbj-7-summer-music-games-of-southwest-virginia,GE1,d-torchia-1,1
2015,2015-wdbj-7-summer-music-games-of-southwest-virginia,GE2,a-lo-1,1
2015,2015-wdbj-7-summer-music-games-of-southwest-virginia,MA,b-johnson-1,1
2015,2015-wdbj-7-summer-music-games-of-southwest-virginia,MB,g-boulden-1,1
2015,2015-wdbj-7-summer-music-games-of-southwest-virginia,MP,c-romanowski-1,1
2015,2015-wdbj-7-summer-music-games-of-southwest-virginia,VA,s-adamo-1,1
2015,2015-wdbj-7-summer-music-games-of-southwest-virginia,VP,c-moss-1,1
2015,2015-western-corps-connection,CG,k-miller-1,1
2015,2015-western-corps-connection,GE1,l-carlson-1,1
2015,2015-western-corps-connection,GE2,w-dillon-1,1
2015,2015-western-corps-connection,MA,g-fugett-1,1
2015,2015-western-corps-connection,MB,j-bell-1,1
2015,2015-western-corps-connection,MP,c-rothe-1,1
2015,2015-western-corps-connection,VA,c-nelson-1,1
2015,2015-western-corps-connection,VP,r-solomon-1,1
2016,2016-a-blast-in-the-burg,CG,d-niebauer-1,1
2016,2016-a-blast-in-the-burg,GE1,k-baker-1,1
2016,2016-a-blast-in-the-burg,GE2,w-whaley-1,1
2016,2016-a-blast-in-the-burg,MA,b-fabrizio-1,1
2016,2016-a-blast-in-the-burg,MB,s-page-1,1
2016,2016-a-blast-in-the-burg,MP,c-romanowski-1,1
2016,2016-a-blast-in-the-burg,MP,m-leitzke-1,2
2016,2016-a-blast-in-the-burg,VA,j-sturgeon-1,1
2016,2016-a-blast-in-the-burg,VP,c-moss-1,1
2016,2016-alabama-sounds-of-summer,CG,w-chumley-1,1
2016,2016-alabama-sounds-of-summer,GE1,m-heather-1,1
2016,2016-alabama-sounds-of-summer,GE2,k-turner-1,1
2016,2016-alabama-sounds-of-summer,MA,k-turner-1,1
2016,2016-alabama-sounds-of-summer,MA,t-fox-1,1
2016,2016-alabama-sounds-of-summer,MB,m-hoskins-1,1
2016,2016-alabama-sounds-of-summer,MP,m-leitzke-1,1
2016,2016-alabama-sounds-of-summer,VA,m-heather-1,1
2016,2016-alabama-sounds-of-summer,VA,j-carlisle-1,1
2016,2016-alabama-sounds-of-summer,VP,r-comfort-1,1
2016,2016-brass-impact,CG,r-solomon-1,1
2016,2016-brass-impact,GE1,j-howell-1,1
2016,2016-brass-impact,GE2,k-turner-1,1
2016,2016-brass-impact,MA,d-argul-1,1
2016,2016-brass-impact,MB,j-rinehart-1,1
2016,2016-brass-impact,MP,m-teal-1,1
2016,2016-brass-impact,VA,d-torchia-1,1
2016,2016-brass-impact,VP,s-adamo-1,1
2016,2016-corps-at-the-crest-los-angeles-presented-by-pacific-crest-youth-arts-organization,CG,m-stone-1,1
2016,2016-corps-at-the-crest-los-angeles-presented-by-pacific-crest-youth-arts-organization,GE1,c-nelson-1,1
2016,2016-corps-at-the-crest-los-angeles-presented-by-pacific-crest-youth-arts-organization,GE2,n-jones-1,1
2016,2016-corps-at-the-crest-los-angeles-presented-by-pacific-crest-youth-arts-organization,MA,j-kennedy-1,1
2016,2016-corps-at-the-crest-los-angeles-presented-by-pacific-crest-youth-arts-organization,MB,r-rios-1,1
2016,2016-corps-at-the-crest-los-angeles-presented-by-pacific-crest-youth-arts-organization,MP,j-davila-1,1
2016,2016-corps-at-the-crest-los-angeles-presented-by-pacific-crest-youth-arts-organization,VA,d-torchia-1,1
2016,2016-corps-at-the-crest-los-angeles-presented-by-pacific-crest-youth-arts-organization,VP,r-solomon-1,1
2016,2016-corps-at-the-crest-san-diego,CG,d-torchia-1,1
2016,2016-corps-at-the-crest-san-diego,GE1,m-stone-1,1
2016,2016-corps-at-the-crest-san-diego,GE2,j-kennedy-1,1
2016,2016-corps-at-the-crest-san-diego,MA,n-jones-1,1
2016,2016-corps-at-the-crest-san-diego,MB,r-rios-1,1
2016,2016-corps-at-the-crest-san-diego,MP,c-rothe-1,1
2016,2016-corps-at-the-crest-san-diego,VA,r-solomon-1,1
2016,2016-corps-at-the-crest-san-diego,VP,c-nelson-1,1
2016,2016-crownbeat,CG,h-nguyen-1,1
2016,2016-crownbeat,GE1,c-moss-1,1
2016,2016-crownbeat,GE2,n-jones-1,1
2016,2016-crownbeat,MA,m-mcgahey-1,1
2016,2016-crownbeat,MB,j-harper-1,1
2016,2016-crownbeat,MP,d-carbone-1,1
2016,2016-crownbeat,VA,f-miller-1,1
2016,2016-crownbeat,VP,unknown-unknown-1,1
2016,2016-dci-arkansas,CG,d-deems-1,1
2016,2016-dci-arkansas,GE1,m-heather-1,1
2016,2016-dci-arkansas,GE2,w-dillon-1,1
2016,2016-dci-arkansas,MA,t-fox-1,1
2016,2016-dci-arkansas,MB,j-denton-1,1
2016,2016-dci-arkansas,MP,j-davila-1,1
2016,2016-dci-arkansas,VA,r-comfort-1,1
2016,2016-dci-arkansas,VP,j-gilley-1,1
2016,2016-dci-birmingham,CG,m-stone-1,1
2016,2016-dci-birmingham,GE1,f-morris-1,1
2016,2016-dci-birmingham,GE2,w-dillon-1,1
2016,2016-dci-birmingham,MA,w-dillon-1,1
2016,2016-dci-birmingham,MA,k-turner-1,1
2016,2016-dci-birmingham,MB,m-hoskins-1,1
2016,2016-dci-birmingham,MP,t-fox-1,1
2016,2016-dci-birmingham,VA,f-morris-1,1
2016,2016-dci-birmingham,VA,j-carlisle-1,1
2016,2016-dci-birmingham,VP,c-nelson-1,1
2016,2016-dci-capital-classic-corps-show,CG,c-costanza-1,1
2016,2016-dci-capital-classic-corps-show,GE1,d-niebauer-1,1
2016,2016-dci-capital-classic-corps-show,GE2,b-fabrizio-1,1
2016,2016-dci-capital-classic-corps-show,MA,m-griffin-1,1
2016,2016-dci-capital-classic-corps-show,MB,r-isoda-1,1
2016,2016-dci-capital-classic-corps-show,MP,d-bryan-1,1
2016,2016-dci-capital-classic-corps-show,VA,k-baker-1,1
2016,2016-dci-capital-classic-corps-show,VP,j-sturgeon-1,1
2016,2016-dci-central-florida,CG,h-nguyen-1,1
2016,2016-dci-central-florida,GE1,f-miller-1,1
2016,2016-dci-central-florida,GE2,e-argenziano-1,1
2016,2016-dci-central-florida,MA,n-jones-1,1
2016,2016-dci-central-florida,MB,m-mcgahey-1,1
2016,2016-dci-central-florida,MP,p-furnari-1,1
2016,2016-dci-central-florida,VA,unknown-unknown-1,2
2016,2016-dci-central-florida,VP,c-moss-1,1
2016,2016-dci-central-indiana,CG,m-carlberg-1,1
2016,2016-dci-central-indiana,GE1,l-carlson-1,1
2016,2016-dci-central-indiana,GE2,g-markham-1,1
2016,2016-dci-central-indiana,MA,j-denton-1,1
2016,2016-dci-central-indiana,MB,d-aydelott-1,1
2016,2016-dci-central-indiana,MP,j-webb-1,1
2016,2016-dci-central-indiana,VA,m-gray-1,1
2016,2016-dci-central-indiana,VP,j-howell-1,1
2016,2016-dci-central-texas-presented-by-band-shoppe,CG,m-thompson-1,1
2016,2016-dci-central-texas-presented-by-band-shoppe,GE1,l-carlson-1,1
2016,2016-dci-central-texas-presented-by-band-shoppe,GE2,n-jones-1,1
2016,2016-dci-central-texas-presented-by-band-shoppe,MA,g-markham-1,1
2016,2016-dci-central-texas-presented-by-band-shoppe,MB,d-davis-1,1
2016,2016-dci-central-texas-presented-by-band-shoppe,MP,j-ausdemore-1,1
2016,2016-dci-central-texas-presented-by-band-shoppe,VA,t-ochran-1,1
2016,2016-dci-central-texas-presented-by-band-shoppe,VP,k-giese-1,1
2016,2016-dci-dallas-presented-by-north-texas-festival-of-drums-and-bugles,CG,d-torchia-1,1
2016,2016-dci-dallas-presented-by-north-texas-festival-of-drums-and-bugles,GE1,r-kemp-1,1
2016,2016-dci-dallas-presented-by-north-texas-festival-of-drums-and-bugles,GE2,j-denton-1,1
2016,2016-dci-dallas-presented-by-north-texas-festival-of-drums-and-bugles,MA,b-johnson-1,1
2016,2016-dci-dallas-presented-by-north-texas-festival-of-drums-and-bugles,MB,w-dillon-1,1
2016,2016-dci-dallas-presented-by-north-texas-festival-of-drums-and-bugles,MP,j-davila-1,1
2016,2016-dci-dallas-presented-by-north-texas-festival-of-drums-and-bugles,VA,t-ochran-1,1
2016,2016-dci-dallas-presented-by-north-texas-festival-of-drums-and-bugles,VP,m-turner-1,1
2016,2016-dci-daytona-beach,CG,m-lentz-1,1
2016,2016-dci-daytona-beach,GE1,l-carlson-1,1
2016,2016-dci-daytona-beach,GE2,j-mitchell-1,1
2016,2016-dci-daytona-beach,MA,e-argenziano-1,1
2016,2016-dci-daytona-beach,MB,a-cook-1,1
2016,2016-dci-daytona-beach,MP,p-furnari-1,1
2016,2016-dci-daytona-beach,VA,m-gray-1,1
2016,2016-dci-daytona-beach,VP,c-moss-1,1
2016,2016-dci-denton-presented-by-the-cavaliers-for-red-river-thunder,CG,m-turner-1,1
2016,2016-dci-denton-presented-by-the-cavaliers-for-red-river-thunder,GE1,j-howell-1,1
2016,2016-dci-denton-presented-by-the-cavaliers-for-red-river-thunder,GE2,m-calima-1,1
2016,2016-dci-denton-presented-by-the-cavaliers-for-red-river-thunder,MA,j-kennedy-1,1
2016,2016-dci-denton-presented-by-the-cavaliers-for-red-river-thunder,MB,j-bell-1,1
2016,2016-dci-denton-presented-by-the-cavaliers-for-red-river-thunder,MP,g-fugett-1,1
2016,2016-dci-denton-presented-by-the-cavaliers-for-red-river-thunder,VA,b-mascaro-1,1
2016,2016-dci-denton-presented-by-the-cavaliers-for-red-river-thunder,VP,k-miller-1,1
2016,2016-dci-eastern-classic,CG,r-kemp-1,1
2016,2016-dci-eastern-classic,GE1,f-miller-1,1
2016,2016-dci-eastern-classic,GE1,m-kelly-1,2
2016,2016-dci-eastern-classic,GE2,k-turner-1,1
2016,2016-dci-eastern-classic,GE2,m-waymire-1,2
2016,2016-dci-eastern-classic,MA,d-carbone-1,1
2016,2016-dci-eastern-classic,MB,w-dillon-1,1
2016,2016-dci-eastern-classic,MP,g-howarth-1,1
2016,2016-dci-eastern-classic,MP,j-prosperie-1,2
2016,2016-dci-eastern-classic,VA,s-adamo-1,1
2016,2016-dci-eastern-classic,VP,j-orefice-1,1
2016,2016-dci-eastern-classic-2,CG,r-kemp-1,1
2016,2016-dci-eastern-classic-2,GE1,f-miller-1,1
2016,2016-dci-eastern-classic-2,GE1,m-kelly-1,2
2016,2016-dci-eastern-classic-2,GE2,k-turner-1,1
2016,2016-dci-eastern-classic-2,GE2,m-waymire-1,2
2016,2016-dci-eastern-classic-2,MA,d-carbone-1,1
2016,2016-dci-eastern-classic-2,MB,w-dillon-1,1
2016,2016-dci-eastern-classic-2,MP,g-howarth-1,1
2016,2016-dci-eastern-classic-2,MP,j-prosperie-1,2
2016,2016-dci-eastern-classic-2,VA,s-adamo-1,1
2016,2016-dci-eastern-classic-2,VP,j-orefice-1,1
2016,2016-dci-ft-wayne,CG,c-dillon-1,1
2016,2016-dci-ft-wayne,GE1,d-deems-1,1
2016,2016-dci-ft-wayne,GE2,r-greenwell-1,1
2016,2016-dci-ft-wayne,MA,a-cook-1,1
2016,2016-dci-ft-wayne,MB,k-weirich-1,1
2016,2016-dci-ft-wayne,MP,m-leitzke-1,1
2016,2016-dci-ft-wayne,VA,k-baker-1,1
2016,2016-dci-ft-wayne,VP,k-kuhn-1,1
2016,2016-dci-in-the-heartland,CG,r-kemp-1,1
2016,2016-dci-in-the-heartland,GE1,m-turner-1,1
2016,2016-dci-in-the-heartland,GE2,b-johnson-1,1
2016,2016-dci-in-the-heartland,MA,w-dillon-1,1
2016,2016-dci-in-the-heartland,MB,m-hoskins-1,1
2016,2016-dci-in-the-heartland,MP,a-kristensen-1,1
2016,2016-dci-in-the-heartland,VA,d-torchia-1,1
2016,2016-dci-in-the-heartland,VP,j-gilley-1,1
2016,2016-dci-jupiter,CG,l-carlson-1,1
2016,2016-dci-jupiter,GE1,m-gray-1,1
2016,2016-dci-jupiter,GE2,a-cook-1,1
2016,2016-dci-jupiter,MA,p-furnari-1,1
2016,2016-dci-jupiter,MB,j-mitchell-1,1
2016,2016-dci-jupiter,MP,e-argenziano-1,1
2016,2016-dci-jupiter,VA,m-lentz-1,1
2016,2016-dci-jupiter,VP,c-moss-1,1
2016,2016-dci-kentucky-presented-by-demoulin-bros-and-co,CG,m-lentz-1,1
2016,2016-dci-kentucky-presented-by-demoulin-bros-and-co,GE1,t-wemhoff-1,1
2016,2016-dci-kentucky-presented-by-demoulin-bros-and-co,GE2,d-carbone-1,1
2016,2016-dci-kentucky-presented-by-demoulin-bros-and-co,MA,d-carbone-1,1
2016,2016-dci-kentucky-presented-by-demoulin-bros-and-co,MA,j-bell-1,1
2016,2016-dci-kentucky-presented-by-demoulin-bros-and-co,MB,r-rios-1,1
2016,2016-dci-kentucky-presented-by-demoulin-bros-and-co,MP,a-dunn-1,1
2016,2016-dci-kentucky-presented-by-demoulin-bros-and-co,MP,m-leitzke-1,2
2016,2016-dci-kentucky-presented-by-demoulin-bros-and-co,VA,t-wemhoff-1,1
2016,2016-dci-kentucky-presented-by-demoulin-bros-and-co,VA,g-oliviero-1,1
2016,2016-dci-kentucky-presented-by-demoulin-bros-and-co,VP,m-turner-1,1
2016,2016-dci-minnesota,CG,m-kelly-1,1
2016,2016-dci-minnesota,GE1,r-kemp-1,1
2016,2016-dci-minnesota,GE2,n-jones-1,1
2016,2016-dci-minnesota,MA,n-jones-1,1
2016,2016-dci-minnesota,MA,m-mcgahey-1,1
2016,2016-dci-minnesota,MB,j-harper-1,1
2016,2016-dci-minnesota,MP,t-hall-1,1
2016,2016-dci-minnesota,MP,j-ausdemore-1,2
2016,2016-dci-minnesota,VA,r-kemp-1,1
2016,2016-dci-minnesota,VA,f-miller-1,1
2016,2016-dci-minnesota,VP,a-combites-1,1
2016,2016-dci-north-alabama-presented-by-u-s-army-bands,CG,h-nguyen-1,3
2016,2016-dci-north-alabama-presented-by-u-s-army-bands,GE1,k-miller-1,1
2016,2016-dci-north-alabama-presented-by-u-s-army-bands,GE2,m-waymire-1,2
2016,2016-dci-north-alabama-presented-by-u-s-army-bands,MA,m-mast-1,2
2016,2016-dci-north-alabama-presented-by-u-s-army-bands,MA,m-waymire-1,2
2016,2016-dci-north-alabama-presented-by-u-s-army-bands,MB,j-harper-1,1
2016,2016-dci-north-alabama-presented-by-u-s-army-bands,MP,j-prosperie-1,3
2016,2016-dci-north-alabama-presented-by-u-s-army-bands,VA,k-miller-1,1
2016,2016-dci-north-alabama-presented-by-u-s-army-bands,VA,j-carlisle-1,2
2016,2016-dci-north-alabama-presented-by-u-s-army-bands,VP,r-solomon-1,1
2016,2016-dci-north-alabama-presented-by-us-army-bands,CG,h-nguyen-1,1
2016,2016-dci-north-alabama-presented-by-us-army-bands,GE1,k-miller-1,1
2016,2016-dci-north-alabama-presented-by-us-army-bands,GE2,m-waymire-1,1
2016,2016-dci-north-alabama-presented-by-us-army-bands,MA,m-waymire-1,1
2016,2016-dci-north-alabama-presented-by-us-army-bands,MA,m-mast-1,1
2016,2016-dci-north-alabama-presented-by-us-army-bands,MB,j-harper-1,1
2016,2016-dci-north-alabama-presented-by-us-army-bands,MP,j-prosperie-1,1
2016,2016-dci-north-alabama-presented-by-us-army-bands,VA,k-miller-1,1
2016,2016-dci-north-alabama-presented-by-us-army-bands,VA,j-carlisle-1,1
2016,2016-dci-north-alabama-presented-by-us-army-bands,VP,r-solomon-1,1
2016,2016-dci-open-class-world-championships-finals,CG,d-niebauer-1,1
2016,2016-dci-open-class-world-championships-finals,GE1,k-baker-1,1
2016,2016-dci-open-class-world-championships-finals,GE2,w-whaley-1,1
2016,2016-dci-open-class-world-championships-finals,MA,s-calhoun-1,1
2016,2016-dci-open-class-world-championships-finals,MB,c-phillips-1,1
2016,2016-dci-open-class-world-championships-finals,MP,c-romanowski-1,1
2016,2016-dci-open-class-world-championships-finals,MP,m-leitzke-1,2
2016,2016-dci-open-class-world-championships-finals,VA,j-gilley-1,1
2016,2016-dci-open-class-world-championships-finals,VP,c-nelson-1,1
2016,2016-dci-open-class-world-championships-prelims,CG,c-dillon-1,1
2016,2016-dci-open-class-world-championships-prelims,GE1,c-costanza-1,1
2016,2016-dci-open-class-world-championships-prelims,GE2,r-isoda-1,1
2016,2016-dci-open-class-world-championships-prelims,MA,b-fabrizio-1,1
2016,2016-dci-open-class-world-championships-prelims,MB,s-page-1,1
2016,2016-dci-open-class-world-championships-prelims,MP,m-griffin-1,1
2016,2016-dci-open-class-world-championships-prelims,MP,d-bryan-1,2
2016,2016-dci-open-class-world-championships-prelims,VA,j-sturgeon-1,1
2016,2016-dci-open-class-world-championships-prelims,VP,c-moss-1,1
2016,2016-dci-pittsburgh-presented-by-three-rivers-summer-music-games,CG,r-solomon-1,1
2016,2016-dci-pittsburgh-presented-by-three-rivers-summer-music-games,GE1,s-adamo-1,1
2016,2016-dci-pittsburgh-presented-by-three-rivers-summer-music-games,GE2,g-boulden-1,1
2016,2016-dci-pittsburgh-presented-by-three-rivers-summer-music-games,MA,a-kristensen-1,1
2016,2016-dci-pittsburgh-presented-by-three-rivers-summer-music-games,MB,d-argul-1,1
2016,2016-dci-pittsburgh-presented-by-three-rivers-summer-music-games,MP,t-fox-1,1
2016,2016-dci-pittsburgh-presented-by-three-rivers-summer-music-games,VA,f-miller-1,1
2016,2016-dci-pittsburgh-presented-by-three-rivers-summer-music-games,VP,m-lentz-1,1
2016,2016-dci-southern-mississippi,CG,m-stone-1,1
2016,2016-dci-southern-mississippi,GE1,f-morris-1,1
2016,2016-dci-southern-mississippi,GE2,k-turner-1,1
2016,2016-dci-southern-mississippi,MA,a-kristensen-1,1
2016,2016-dci-southern-mississippi,MB,g-markham-1,1
2016,2016-dci-southern-mississippi,MP,e-argenziano-1,1
2016,2016-dci-southern-mississippi,VA,l-carlson-1,1
2016,2016-dci-southern-mississippi,VP,c-nelson-1,1
2016,2016-dci-southwestern-championship-presented-by-fred-j-miller-inc,CG,m-thompson-1,1
2016,2016-dci-southwestern-championship-presented-by-fred-j-miller-inc,GE1,l-carlson-1,1
2016,2016-dci-southwestern-championship-presented-by-fred-j-miller-inc,GE1,t-wemhoff-1,2
2016,2016-dci-southwestern-championship-presented-by-fred-j-miller-inc,GE2,d-davis-1,1
2016,2016-dci-southwestern-championship-presented-by-fred-j-miller-inc,GE2,c-rothe-1,2
2016,2016-dci-southwestern-championship-presented-by-fred-j-miller-inc,MA,r-greenwell-1,1
2016,2016-dci-southwestern-championship-presented-by-fred-j-miller-inc,MB,p-mcgarr-1,1
2016,2016-dci-southwestern-championship-presented-by-fred-j-miller-inc,MP,j-kennedy-1,1
2016,2016-dci-southwestern-championship-presented-by-fred-j-miller-inc,MP,j-ausdemore-1,2
2016,2016-dci-southwestern-championship-presented-by-fred-j-miller-inc,VA,t-ochran-1,1
2016,2016-dci-southwestern-championship-presented-by-fred-j-miller-inc,VP,b-mascaro-1,1
2016,2016-dci-st-louis,CG,r-solomon-1,1
2016,2016-dci-st-louis,GE1,j-howell-1,1
2016,2016-dci-st-louis,GE2,t-hall-1,1
2016,2016-dci-st-louis,MA,k-turner-1,1
2016,2016-dci-st-louis,MB,d-argul-1,1
2016,2016-dci-st-louis,MP,m-davis-1,1
2016,2016-dci-st-louis,VA,unknown-unknown-1,2
2016,2016-dci-st-louis,VP,s-adamo-1,1
2016,2016-dci-tour-of-champions-presented-by-the-pro-football-hall-of-fame-enshrinement-festival,CG,l-carlson-1,1
2016,2016-dci-tour-of-champions-presented-by-the-pro-football-hall-of-fame-enshrinement-festival,GE1,f-miller-1,1
2016,2016-dci-tour-of-champions-presented-by-the-pro-football-hall-of-fame-enshrinement-festival,GE2,j-bell-1,1
2016,2016-dci-tour-of-champions-presented-by-the-pro-football-hall-of-fame-enshrinement-festival,MA,p-furnari-1,1
2016,2016-dci-tour-of-champions-presented-by-the-pro-football-hall-of-fame-enshrinement-festival,MB,d-argul-1,1
2016,2016-dci-tour-of-champions-presented-by-the-pro-football-hall-of-fame-enshrinement-festival,MP,j-queen-1,1
2016,2016-dci-tour-of-champions-presented-by-the-pro-football-hall-of-fame-enshrinement-festival,VA,m-lentz-1,1
2016,2016-dci-tour-of-champions-presented-by-the-pro-football-hall-of-fame-enshrinement-festival,VP,j-howell-1,1
2016,2016-dci-tour-premiere-presented-by-french-lick-resort,CG,j-sturgeon-1,1
2016,2016-dci-tour-premiere-presented-by-french-lick-resort,GE1,m-kelly-1,1
2016,2016-dci-tour-premiere-presented-by-french-lick-resort,GE2,g-fugett-1,1
2016,2016-dci-tour-premiere-presented-by-french-lick-resort,MA,r-greenwell-1,1
2016,2016-dci-tour-premiere-presented-by-french-lick-resort,MB,s-page-1,1
2016,2016-dci-tour-premiere-presented-by-french-lick-resort,MP,j-queen-1,1
2016,2016-dci-tour-premiere-presented-by-french-lick-resort,VA,k-giese-1,1
2016,2016-dci-tour-premiere-presented-by-french-lick-resort,VP,b-mascaro-1,1
2016,2016-dci-west,CG,m-turner-1,1
2016,2016-dci-west,GE1,m-kelly-1,1
2016,2016-dci-west,GE2,d-carbone-1,1
2016,2016-dci-west,MA,d-davis-1,1
2016,2016-dci-west,MB,r-greenwell-1,1
2016,2016-dci-west,MP,a-kristensen-1,1
2016,2016-dci-west,VA,t-ochran-1,1
2016,2016-dci-west,VP,k-giese-1,1
2016,2016-dci-world-championship-prelims-presented-by-earasers-musicians-earplugs,CG,m-lentz-1,1
2016,2016-dci-world-championship-prelims-presented-by-earasers-musicians-earplugs,GE1,m-gray-1,1
2016,2016-dci-world-championship-prelims-presented-by-earasers-musicians-earplugs,GE1,m-kelly-1,2
2016,2016-dci-world-championship-prelims-presented-by-earasers-musicians-earplugs,GE2,m-waymire-1,1
2016,2016-dci-world-championship-prelims-presented-by-earasers-musicians-earplugs,GE2,g-fugett-1,2
2016,2016-dci-world-championship-prelims-presented-by-earasers-musicians-earplugs,MA,r-greenwell-1,1
2016,2016-dci-world-championship-prelims-presented-by-earasers-musicians-earplugs,MB,r-rios-1,1
2016,2016-dci-world-championship-prelims-presented-by-earasers-musicians-earplugs,MP,t-fox-1,1
2016,2016-dci-world-championship-prelims-presented-by-earasers-musicians-earplugs,MP,j-prosperie-1,2
2016,2016-dci-world-championship-prelims-presented-by-earasers-musicians-earplugs,VA,k-giese-1,1
2016,2016-dci-world-championship-prelims-presented-by-earasers-musicians-earplugs,VP,j-orefice-1,1
2016,2016-dci-world-championship-semifinals,CG,m-thompson-1,1
2016,2016-dci-world-championship-semifinals,GE1,t-wemhoff-1,1
2016,2016-dci-world-championship-semifinals,GE1,m-stone-1,2
2016,2016-dci-world-championship-semifinals,GE2,n-jones-1,1
2016,2016-dci-world-championship-semifinals,GE2,d-davis-1,2
2016,2016-dci-world-championship-semifinals,MA,d-carbone-1,1
2016,2016-dci-world-championship-semifinals,MB,p-mcgarr-1,1
2016,2016-dci-world-championship-semifinals,MP,a-dunn-1,1
2016,2016-dci-world-championship-semifinals,MP,j-ausdemore-1,2
2016,2016-dci-world-championship-semifinals,VA,s-adamo-1,1
2016,2016-dci-world-championship-semifinals,VP,m-turner-1,1
2016,2016-dci-world-championships-finals,CG,w-chumley-1,1
2016,2016-dci-world-championships-finals,GE1,l-carlson-1,1
2016,2016-dci-world-championships-finals,GE1,j-howell-1,2
2016,2016-dci-world-championships-finals,GE2,c-rothe-1,1
2016,2016-dci-world-championships-finals,GE2,j-bell-1,2
2016,2016-dci-world-championships-finals,MA,g-markham-1,1
2016,2016-dci-world-championships-finals,MB,w-dillon-1,1
2016,2016-dci-world-championships-finals,MP,g-howarth-1,1
2016,2016-dci-world-championships-finals,MP,m-leitzke-1,2
2016,2016-dci-world-championships-finals,VA,f-miller-1,1
2016,2016-dci-world-championships-finals,VP,b-mascaro-1,1
2016,2016-drum-corps-an-american-tradition,CG,r-solomon-1,1
2016,2016-drum-corps-an-american-tradition,GE1,m-gray-1,1
2016,2016-drum-corps-an-american-tradition,GE2,j-denton-1,1
2016,2016-drum-corps-an-american-tradition,MA,d-argul-1,1
2016,2016-drum-corps-an-american-tradition,MB,s-page-1,1
2016,2016-drum-corps-an-american-tradition,MP,t-fox-1,1
2016,2016-drum-corps-an-american-tradition,VA,d-torchia-1,1
2016,2016-drum-corps-an-american-tradition,VP,b-jones-1,1
2016,2016-drum-corps-an-american-tradition-2,CG,m-kelly-1,1
2016,2016-drum-corps-an-american-tradition-2,GE1,f-morris-1,1
2016,2016-drum-corps-an-american-tradition-2,GE2,d-argul-1,1
2016,2016-drum-corps-an-american-tradition-2,MA,t-west-1,1
2016,2016-drum-corps-an-american-tradition-2,MB,j-missing-1,1
2016,2016-drum-corps-an-american-tradition-2,MP,g-howarth-1,1
2016,2016-drum-corps-an-american-tradition-2,VA,s-adamo-1,1
2016,2016-drum-corps-an-american-tradition-2,VP,h-nguyen-1,1
2016,2016-drum-corps-an-american-tradition-3,CG,h-nguyen-1,1
2016,2016-drum-corps-an-american-tradition-3,GE1,f-morris-1,1
2016,2016-drum-corps-an-american-tradition-3,GE2,t-west-1,1
2016,2016-drum-corps-an-american-tradition-3,MA,d-argul-1,1
2016,2016-drum-corps-an-american-tradition-3,MB,c-marra-1,1
2016,2016-drum-corps-an-american-tradition-3,MP,j-prosperie-1,1
2016,2016-drum-corps-an-american-tradition-3,VA,j-orefice-1,1
2016,2016-drum-corps-an-american-tradition-3,VP,s-adamo-1,1
2016,2016-drums-across-kansas-presented-by-the-city-of-el-dorado-and-conventions-visitors,CG,c-raichle-1,1
2016,2016-drums-across-kansas-presented-by-the-city-of-el-dorado-and-conventions-visitors,GE1,unknown-unknown-1,1
2016,2016-drums-across-kansas-presented-by-the-city-of-el-dorado-and-conventions-visitors,GE2,j-bell-1,1
2016,2016-drums-across-kansas-presented-by-the-city-of-el-dorado-and-conventions-visitors,MA,b-johnson-1,1
2016,2016-drums-across-kansas-presented-by-the-city-of-el-dorado-and-conventions-visitors,MB,c-phillips-1,1
2016,2016-drums-across-kansas-presented-by-the-city-of-el-dorado-and-conventions-visitors,MP,m-teal-1,1
2016,2016-drums-across-kansas-presented-by-the-city-of-el-dorado-and-conventions-visitors,VA,g-oliviero-1,1
2016,2016-drums-across-kansas-presented-by-the-city-of-el-dorado-and-conventions-visitors,VP,m-bowers-1,1
2016,2016-drums-across-nebraska,CG,m-stone-1,1
2016,2016-drums-across-nebraska,GE1,b-kuhn-1,1
2016,2016-drums-across-nebraska,GE2,m-teal-1,1
2016,2016-drums-across-nebraska,MA,p-haines-1,1
2016,2016-drums-across-nebraska,MB,j-rinehart-1,1
2016,2016-drums-across-nebraska,MP,n-waters-1,1
2016,2016-drums-across-nebraska,VA,d-torchia-1,1
2016,2016-drums-across-nebraska,VP,m-turner-1,1
2016,2016-drums-across-the-tri-state,CG,m-lentz-1,1
2016,2016-drums-across-the-tri-state,GE1,m-gray-1,1
2016,2016-drums-across-the-tri-state,GE2,t-west-1,1
2016,2016-drums-across-the-tri-state,MA,g-boulden-1,1
2016,2016-drums-across-the-tri-state,MB,d-aydelott-1,1
2016,2016-drums-across-the-tri-state,MP,d-carbone-1,1
2016,2016-drums-across-the-tri-state,VA,f-miller-1,1
2016,2016-drums-across-the-tri-state,VP,s-adamo-1,1
2016,2016-drums-along-the-mohawk,CG,c-raichle-1,1
2016,2016-drums-along-the-mohawk,GE1,j-howell-1,1
2016,2016-drums-along-the-mohawk,GE2,c-diefenbach-1,1
2016,2016-drums-along-the-mohawk,MA,d-argul-1,1
2016,2016-drums-along-the-mohawk,MB,a-cook-1,1
2016,2016-drums-along-the-mohawk,MP,p-furnari-1,1
2016,2016-drums-along-the-mohawk,VA,d-deems-1,1
2016,2016-drums-along-the-mohawk,VP,h-bassett-1,1
2016,2016-drums-along-the-rockies,CG,m-turner-1,1
2016,2016-drums-along-the-rockies,GE1,t-wemhoff-1,1
2016,2016-drums-along-the-rockies,GE2,c-rothe-1,1
2016,2016-drums-along-the-rockies,MA,m-waymire-1,1
2016,2016-drums-along-the-rockies,MB,a-cook-1,1
2016,2016-drums-along-the-rockies,MP,a-dunn-1,1
2016,2016-drums-along-the-rockies,VA,w-chumley-1,1
2016,2016-drums-along-the-rockies,VP,b-jones-1,1
2016,2016-drums-of-fire,CG,r-comfort-1,1
2016,2016-drums-of-fire,GE1,c-costanza-1,1
2016,2016-drums-of-fire,GE2,j-wilson-1,1
2016,2016-drums-of-fire,MA,t-moddison-1,1
2016,2016-drums-of-fire,MB,w-dillon-1,1
2016,2016-drums-of-fire,MP,d-bryan-1,1
2016,2016-drums-of-fire,VA,p-madden-1,1
2016,2016-drums-of-fire,VP,c-dillon-1,1
2016,2016-drums-of-summer,CG,m-thompson-1,1
2016,2016-drums-of-summer,GE1,p-madden-1,1
2016,2016-drums-of-summer,GE2,d-davis-1,1
2016,2016-drums-of-summer,MA,g-boulden-1,1
2016,2016-drums-of-summer,MB,m-calima-1,1
2016,2016-drums-of-summer,MP,a-dunn-1,1
2016,2016-drums-of-summer,VA,c-raichle-1,1
2016,2016-drums-of-summer,VP,k-miller-1,1
2016,2016-drums-on-parade,CG,m-thompson-1,1
2016,2016-drums-on-parade,GE1,p-madden-1,1
2016,2016-drums-on-parade,GE2,m-mast-1,1
2016,2016-drums-on-parade,MA,c-phillips-1,1
2016,2016-drums-on-parade,MA,m-mast-1,2
2016,2016-drums-on-parade,MB,c-armbruster-1,1
2016,2016-drums-on-parade,MP,n-waters-1,1
2016,2016-drums-on-parade,VA,r-kemp-1,1
2016,2016-drums-on-parade,VA,p-madden-1,1
2016,2016-drums-on-parade,VP,r-solomon-1,1
2016,2016-east-coast-classic,CG,m-thompson-1,1
2016,2016-east-coast-classic,GE1,m-kelly-1,1
2016,2016-east-coast-classic,GE2,j-harper-1,1
2016,2016-east-coast-classic,MA,t-johnston-1,1
2016,2016-east-coast-classic,MB,t-west-1,1
2016,2016-east-coast-classic,MP,g-howarth-1,1
2016,2016-east-coast-classic,VA,s-adamo-1,1
2016,2016-east-coast-classic,VP,h-nguyen-1,1
2016,2016-gold-showcase-at-the-ranch,CG,c-costanza-1,1
2016,2016-gold-showcase-at-the-ranch,GE1,c-moss-1,1
2016,2016-gold-showcase-at-the-ranch,GE2,s-calhoun-1,1
2016,2016-gold-showcase-at-the-ranch,MA,g-howarth-1,1
2016,2016-gold-showcase-at-the-ranch,MB,s-page-1,1
2016,2016-gold-showcase-at-the-ranch,MP,c-romanowski-1,1
2016,2016-gold-showcase-at-the-ranch,VA,c-dillon-1,1
2016,2016-gold-showcase-at-the-ranch,VP,c-nelson-1,1
2016,2016-lake-erie-fanfare,CG,m-thompson-1,1
2016,2016-lake-erie-fanfare,GE1,d-deems-1,1
2016,2016-lake-erie-fanfare,GE2,a-cook-1,1
2016,2016-lake-erie-fanfare,MA,c-diefenbach-1,1
2016,2016-lake-erie-fanfare,MB,m-mcgahey-1,1
2016,2016-lake-erie-fanfare,MP,m-leitzke-1,1
2016,2016-lake-erie-fanfare,VA,b-mascaro-1,1
2016,2016-lake-erie-fanfare,VP,h-bassett-1,1
2016,2016-legends-drum-corps-invitational,CG,m-carlberg-1,1
2016,2016-legends-drum-corps-invitational,GE1,j-orefice-1,1
2016,2016-legends-drum-corps-invitational,GE2,r-isoda-1,1
2016,2016-legends-drum-corps-invitational,MA,k-weirich-1,1
2016,2016-legends-drum-corps-invitational,MB,c-marra-1,1
2016,2016-legends-drum-corps-invitational,MP,m-griffin-1,1
2016,2016-legends-drum-corps-invitational,VA,j-sturgeon-1,1
2016,2016-legends-drum-corps-invitational,VP,j-gilley-1,1
2016,2016-legends-drum-corps-open,CG,m-carlberg-1,1
2016,2016-legends-drum-corps-open,GE1,c-costanza-1,1
2016,2016-legends-drum-corps-open,GE2,w-whaley-1,1
2016,2016-legends-drum-corps-open,MA,r-isoda-1,1
2016,2016-legends-drum-corps-open,MB,k-weirich-1,1
2016,2016-legends-drum-corps-open,MP,d-bryan-1,1
2016,2016-legends-drum-corps-open,VA,j-gilley-1,1
2016,2016-legends-drum-corps-open,VP,m-heather-1,1
2016,2016-loudest-show-on-earth,CG,j-sturgeon-1,1
2016,2016-loudest-show-on-earth,GE1,c-costanza-1,1
2016,2016-loudest-show-on-earth,GE2,r-isoda-1,1
2016,2016-loudest-show-on-earth,MA,d-bryan-1,1
2016,2016-loudest-show-on-earth,MB,b-fabrizio-1,1
2016,2016-loudest-show-on-earth,MP,m-griffin-1,1
2016,2016-loudest-show-on-earth,VA,d-niebauer-1,1
2016,2016-loudest-show-on-earth,VP,k-baker-1,1
2016,2016-march-on,CG,d-niebauer-1,1
2016,2016-march-on,GE1,c-costanza-1,1
2016,2016-march-on,GE2,w-whaley-1,1
2016,2016-march-on,MA,s-calhoun-1,1
2016,2016-march-on,MA,w-whaley-1,1
2016,2016-march-on,MB,l-appel-1,1
2016,2016-march-on,MP,d-bryan-1,1
2016,2016-march-on,VA,s-bertelle-1,1
2016,2016-march-on,VA,c-costanza-1,1
2016,2016-march-on,VP,unknown-unknown-1,1
2016,2016-midcal-champions-showcase,CG,g-oliviero-1,1
2016,2016-midcal-champions-showcase,GE1,m-kelly-1,1
2016,2016-midcal-champions-showcase,GE2,d-davis-1,1
2016,2016-midcal-champions-showcase,MA,d-carbone-1,1
2016,2016-midcal-champions-showcase,MB,r-greenwell-1,1
2016,2016-midcal-champions-showcase,MP,a-kristensen-1,1
2016,2016-midcal-champions-showcase,VA,t-ochran-1,1
2016,2016-midcal-champions-showcase,VP,k-giese-1,1
2016,2016-mississippi-sound-spectacular,CG,l-carlson-1,1
2016,2016-mississippi-sound-spectacular,GE1,r-comfort-1,1
2016,2016-mississippi-sound-spectacular,GE2,p-haines-1,1
2016,2016-mississippi-sound-spectacular,MA,j-davila-1,1
2016,2016-mississippi-sound-spectacular,MB,j-denton-1,1
2016,2016-mississippi-sound-spectacular,MP,e-argenziano-1,1
2016,2016-mississippi-sound-spectacular,VA,d-deems-1,1
2016,2016-mississippi-sound-spectacular,VP,m-hart-1,1
2016,2016-moonlight-classic,CG,m-kelly-1,1
2016,2016-moonlight-classic,GE1,t-ochran-1,1
2016,2016-moonlight-classic,GE2,r-greenwell-1,1
2016,2016-moonlight-classic,MA,a-kristensen-1,1
2016,2016-moonlight-classic,MB,d-davis-1,1
2016,2016-moonlight-classic,MP,d-carbone-1,1
2016,2016-moonlight-classic,VA,k-giese-1,1
2016,2016-moonlight-classic,VP,g-oliviero-1,1
2016,2016-music-on-the-march,CG,k-kuhn-1,1
2016,2016-music-on-the-march,GE1,b-kuhn-1,1
2016,2016-music-on-the-march,GE2,p-hinman-1,1
2016,2016-music-on-the-march,MA,t-hall-1,1
2016,2016-music-on-the-march,MB,d-argul-1,1
2016,2016-music-on-the-march,MP,j-wilson-1,1
2016,2016-music-on-the-march,VA,unknown-unknown-1,2
2016,2016-music-on-the-march,VP,j-missing-1,1
2016,2016-music-on-the-move,CG,m-bowers-1,1
2016,2016-music-on-the-move,GE1,p-madden-1,1
2016,2016-music-on-the-move,GE2,g-boulden-1,1
2016,2016-music-on-the-move,MA,c-phillips-1,1
2016,2016-music-on-the-move,MB,b-johnson-1,1
2016,2016-music-on-the-move,MP,a-dunn-1,1
2016,2016-music-on-the-move,VA,c-raichle-1,1
2016,2016-music-on-the-move,VP,c-dillon-1,1
2016,2016-nightbeat-tour-of-champions,CG,w-chumley-1,1
2016,2016-nightbeat-tour-of-champions,GE1,m-gray-1,1
2016,2016-nightbeat-tour-of-champions,GE2,j-harper-1,1
2016,2016-nightbeat-tour-of-champions,MA,d-aydelott-1,1
2016,2016-nightbeat-tour-of-champions,MB,s-page-1,1
2016,2016-nightbeat-tour-of-champions,MP,d-carbone-1,1
2016,2016-nightbeat-tour-of-champions,VA,b-jones-1,1
2016,2016-nightbeat-tour-of-champions,VP,c-moss-1,1
2016,2016-north-iowa-festival-of-brass,CG,c-dillon-1,1
2016,2016-north-iowa-festival-of-brass,GE1,c-costanza-1,1
2016,2016-north-iowa-festival-of-brass,GE2,r-isoda-1,1
2016,2016-north-iowa-festival-of-brass,MA,s-calhoun-1,1
2016,2016-north-iowa-festival-of-brass,MB,c-phillips-1,1
2016,2016-north-iowa-festival-of-brass,MP,m-griffin-1,1
2016,2016-north-iowa-festival-of-brass,MP,d-bryan-1,2
2016,2016-north-iowa-festival-of-brass,VA,j-gilley-1,1
2016,2016-north-iowa-festival-of-brass,VP,c-nelson-1,1
2016,2016-resound,CG,c-moss-1,1
2016,2016-resound,GE1,c-costanza-1,1
2016,2016-resound,GE2,c-romanowski-1,1
2016,2016-resound,MA,c-rothe-1,1
2016,2016-resound,MB,s-calhoun-1,1
2016,2016-resound,MP,g-howarth-1,1
2016,2016-resound,VA,c-nelson-1,1
2016,2016-resound,VP,c-nelson-1,1
2016,2016-river-city-rhapsody-rochester,CG,m-bowers-1,1
2016,2016-river-city-rhapsody-rochester,GE1,s-bertelle-1,1
2016,2016-river-city-rhapsody-rochester,GE2,c-armbruster-1,1
2016,2016-river-city-rhapsody-rochester,MA,c-armbruster-1,1
2016,2016-river-city-rhapsody-rochester,MA,j-wilson-1,1
2016,2016-river-city-rhapsody-rochester,MB,p-hinman-1,1
2016,2016-river-city-rhapsody-rochester,MP,a-dunn-1,1
2016,2016-river-city-rhapsody-rochester,VA,s-bertelle-1,1
2016,2016-river-city-rhapsody-rochester,VA,j-orefice-1,1
2016,2016-river-city-rhapsody-rochester,VP,a-combites-1,1
2016,2016-seattle-summer-music-games,CG,c-dillon-1,1
2016,2016-seattle-summer-music-games,GE1,p-madden-1,1
2016,2016-seattle-summer-music-games,GE2,w-dillon-1,1
2016,2016-seattle-summer-music-games,MA,d-bryan-1,1
2016,2016-seattle-summer-music-games,MB,t-moddison-1,1
2016,2016-seattle-summer-music-games,MP,j-wilson-1,1
2016,2016-seattle-summer-music-games,VA,c-costanza-1,1
2016,2016-seattle-summer-music-games,VP,r-comfort-1,1
2016,2016-shadow-showcase,CG,d-niebauer-1,1
2016,2016-shadow-showcase,GE1,k-baker-1,1
2016,2016-shadow-showcase,GE2,w-whaley-1,1
2016,2016-shadow-showcase,MA,b-fabrizio-1,1
2016,2016-shadow-showcase,MB,s-page-1,1
2016,2016-shadow-showcase,MP,c-romanowski-1,1
2016,2016-shadow-showcase,MP,m-leitzke-1,2
2016,2016-shadow-showcase,VA,j-sturgeon-1,1
2016,2016-shadow-showcase,VP,c-moss-1,1
2016,2016-shoremen-brass-classic,CG,c-dillon-1,1
2016,2016-shoremen-brass-classic,GE1,c-costanza-1,1
2016,2016-shoremen-brass-classic,GE2,r-isoda-1,1
2016,2016-shoremen-brass-classic,MA,s-calhoun-1,1
2016,2016-shoremen-brass-classic,MB,c-phillips-1,1
2016,2016-shoremen-brass-classic,MP,d-bryan-1,1
2016,2016-shoremen-brass-classic,MP,m-griffin-1,2
2016,2016-shoremen-brass-classic,VA,j-gilley-1,1
2016,2016-shoremen-brass-classic,VP,c-nelson-1,1
2016,2016-show-of-shows,CG,m-thompson-1,1
2016,2016-show-of-shows,GE1,r-kemp-1,1
2016,2016-show-of-shows,GE2,n-waters-1,1
2016,2016-show-of-shows,MA,m-mast-1,1
2016,2016-show-of-shows,MA,n-waters-1,2
2016,2016-show-of-shows,MB,c-phillips-1,1
2016,2016-show-of-shows,MP,g-fugett-1,1
2016,2016-show-of-shows,VA,p-madden-1,1
2016,2016-show-of-shows,VA,r-kemp-1,1
2016,2016-show-of-shows,VP,r-solomon-1,1
2016,2016-show-of-shows-waukesha,CG,c-dillon-1,1
2016,2016-show-of-shows-waukesha,GE1,s-bertelle-1,1
2016,2016-show-of-shows-waukesha,GE2,s-calhoun-1,1
2016,2016-show-of-shows-waukesha,MA,m-davis-1,1
2016,2016-show-of-shows-waukesha,MA,s-calhoun-1,2
2016,2016-show-of-shows-waukesha,MB,l-appel-1,1
2016,2016-show-of-shows-waukesha,MP,m-griffin-1,1
2016,2016-show-of-shows-waukesha,VA,j-sturgeon-1,1
2016,2016-show-of-shows-waukesha,VA,s-bertelle-1,1
2016,2016-show-of-shows-waukesha,VP,m-hart-1,1
2016,2016-so-cal-classic-open-class-championship,CG,c-nelson-1,1
2016,2016-so-cal-classic-open-class-championship,GE1,c-dillon-1,1
2016,2016-so-cal-classic-open-class-championship,GE2,s-page-1,1
2016,2016-so-cal-classic-open-class-championship,MA,c-romanowski-1,1
2016,2016-so-cal-classic-open-class-championship,MB,s-calhoun-1,1
2016,2016-so-cal-classic-open-class-championship,MP,g-howarth-1,1
2016,2016-so-cal-classic-open-class-championship,VA,c-moss-1,1
2016,2016-so-cal-classic-open-class-championship,VP,c-costanza-1,1
2016,2016-soaring-sounds-37,CG,m-lentz-1,1
2016,2016-soaring-sounds-37,GE1,k-miller-1,1
2016,2016-soaring-sounds-37,GE2,j-bell-1,1
2016,2016-soaring-sounds-37,MA,j-bell-1,1
2016,2016-soaring-sounds-37,MA,t-west-1,1
2016,2016-soaring-sounds-37,MB,g-boulden-1,1
2016,2016-soaring-sounds-37,MP,a-kristensen-1,1
2016,2016-soaring-sounds-37,VA,k-miller-1,1
2016,2016-soaring-sounds-37,VA,f-miller-1,1
2016,2016-soaring-sounds-37,VP,s-adamo-1,1
2016,2016-the-beanpot-invitational,CG,m-thompson-1,1
2016,2016-the-beanpot-invitational,GE1,f-morris-1,1
2016,2016-the-beanpot-invitational,GE2,t-west-1,1
2016,2016-the-beanpot-invitational,MA,j-harper-1,1
2016,2016-the-beanpot-invitational,MB,t-johnston-1,1
2016,2016-the-beanpot-invitational,MP,g-howarth-1,1
2016,2016-the-beanpot-invitational,VA,c-adderley-1,1
2016,2016-the-beanpot-invitational,VP,s-adamo-1,1
2016,2016-the-dci-atlanta-southeastern-championship-presented-by-lone-star-percussion,CG,w-chumley-1,1
2016,2016-the-dci-atlanta-southeastern-championship-presented-by-lone-star-percussion,GE1,m-gray-1,1
2016,2016-the-dci-atlanta-southeastern-championship-presented-by-lone-star-percussion,GE1,m-stone-1,1
2016,2016-the-dci-atlanta-southeastern-championship-presented-by-lone-star-percussion,GE2,j-bell-1,1
2016,2016-the-dci-atlanta-southeastern-championship-presented-by-lone-star-percussion,GE2,g-fugett-1,2
2016,2016-the-dci-atlanta-southeastern-championship-presented-by-lone-star-percussion,MA,j-bell-1,1
2016,2016-the-dci-atlanta-southeastern-championship-presented-by-lone-star-percussion,MA,g-markham-1,1
2016,2016-the-dci-atlanta-southeastern-championship-presented-by-lone-star-percussion,MB,r-rios-1,1
2016,2016-the-dci-atlanta-southeastern-championship-presented-by-lone-star-percussion,MP,t-fox-1,1
2016,2016-the-dci-atlanta-southeastern-championship-presented-by-lone-star-percussion,MP,m-leitzke-1,2
2016,2016-the-dci-atlanta-southeastern-championship-presented-by-lone-star-percussion,VA,m-gray-1,1
2016,2016-the-dci-atlanta-southeastern-championship-presented-by-lone-star-percussion,VA,k-giese-1,1
2016,2016-the-dci-atlanta-southeastern-championship-presented-by-lone-star-percussion,VP,b-mascaro-1,1
2016,2016-the-masters-of-the-summer-music-games-presented-by-jupiter-mapex-and-majestic,CG,m-stone-1,1
2016,2016-the-masters-of-the-summer-music-games-presented-by-jupiter-mapex-and-majestic,GE1,f-morris-1,1
2016,2016-the-masters-of-the-summer-music-games-presented-by-jupiter-mapex-and-majestic,GE2,n-jones-1,1
2016,2016-the-masters-of-the-summer-music-games-presented-by-jupiter-mapex-and-majestic,MA,j-kennedy-1,1
2016,2016-the-masters-of-the-summer-music-games-presented-by-jupiter-mapex-and-majestic,MB,w-dillon-1,1
2016,2016-the-masters-of-the-summer-music-games-presented-by-jupiter-mapex-and-majestic,MP,j-ausdemore-1,1
2016,2016-the-masters-of-the-summer-music-games-presented-by-jupiter-mapex-and-majestic,VA,b-mascaro-1,1
2016,2016-the-masters-of-the-summer-music-games-presented-by-jupiter-mapex-and-majestic,VP,c-nelson-1,1
2016,2016-tour-of-champions-buffalo,CG,m-thompson-1,1
2016,2016-tour-of-champions-buffalo,GE1,l-carlson-1,1
2016,2016-tour-of-champions-buffalo,GE2,m-leitzke-1,1
2016,2016-tour-of-champions-buffalo,MA,m-mcgahey-1,1
2016,2016-tour-of-champions-buffalo,MB,p-mcgarr-1,1
2016,2016-tour-of-champions-buffalo,MP,j-kennedy-1,1
2016,2016-tour-of-champions-buffalo,VA,b-mascaro-1,1
2016,2016-tour-of-champions-buffalo,VP,j-orefice-1,1
2016,2016-tour-of-champions-central-missouri,CG,c-dillon-1,1
2016,2016-tour-of-champions-central-missouri,GE1,c-church-1,1
2016,2016-tour-of-champions-central-missouri,GE2,p-hinman-1,1
2016,2016-tour-of-champions-central-missouri,MA,g-boulden-1,1
2016,2016-tour-of-champions-central-missouri,MB,r-rios-1,1
2016,2016-tour-of-champions-central-missouri,MP,t-fox-1,1
2016,2016-tour-of-champions-central-missouri,VA,p-madden-1,1
2016,2016-tour-of-champions-central-missouri,VP,j-howell-1,1
2016,2016-tour-of-champions-north-illinois,CG,g-oliviero-1,1
2016,2016-tour-of-champions-north-illinois,GE1,r-kemp-1,1
2016,2016-tour-of-champions-north-illinois,GE2,j-bell-1,1
2016,2016-tour-of-champions-north-illinois,MA,c-rothe-1,1
2016,2016-tour-of-champions-north-illinois,MB,c-phillips-1,1
2016,2016-tour-of-champions-north-illinois,MP,m-leitzke-1,1
2016,2016-tour-of-champions-north-illinois,VA,unknown-unknown-1,2
2016,2016-tour-of-champions-north-illinois,VP,a-combites-1,1
2016,2016-tour-of-champions-ppl-park,CG,r-kemp-1,1
2016,2016-tour-of-champions-ppl-park,GE1,s-adamo-1,1
2016,2016-tour-of-champions-ppl-park,GE2,r-greenwell-1,1
2016,2016-tour-of-champions-ppl-park,MA,k-turner-1,1
2016,2016-tour-of-champions-ppl-park,MB,j-harper-1,1
2016,2016-tour-of-champions-ppl-park,MP,a-kristensen-1,1
2016,2016-tour-of-champions-ppl-park,VA,f-miller-1,1
2016,2016-tour-of-champions-ppl-park,VP,j-orefice-1,1
2016,2016-tour-of-champions-texas-presented-by-the-exsightment-of-sound,CG,d-torchia-1,1
2016,2016-tour-of-champions-texas-presented-by-the-exsightment-of-sound,GE1,t-wemhoff-1,1
2016,2016-tour-of-champions-texas-presented-by-the-exsightment-of-sound,GE2,g-markham-1,1
2016,2016-tour-of-champions-texas-presented-by-the-exsightment-of-sound,MA,p-mcgarr-1,1
2016,2016-tour-of-champions-texas-presented-by-the-exsightment-of-sound,MB,r-greenwell-1,1
2016,2016-tour-of-champions-texas-presented-by-the-exsightment-of-sound,MP,a-dunn-1,1
2016,2016-tour-of-champions-texas-presented-by-the-exsightment-of-sound,VA,j-howell-1,1
2016,2016-tour-of-champions-texas-presented-by-the-exsightment-of-sound,VP,m-turner-1,1
2016,2016-wdbj-7-summer-music-games-of-southwest-virginia,CG,r-solomon-1,1
2016,2016-wdbj-7-summer-music-games-of-southwest-virginia,GE1,k-miller-1,1
2016,2016-wdbj-7-summer-music-games-of-southwest-virginia,GE2,d-argul-1,1
2016,2016-wdbj-7-summer-music-games-of-southwest-virginia,MA,j-denton-1,1
2016,2016-wdbj-7-summer-music-games-of-southwest-virginia,MB,s-page-1,1
2016,2016-wdbj-7-summer-music-games-of-southwest-virginia,MP,c-romanowski-1,1
2016,2016-wdbj-7-summer-music-games-of-southwest-virginia,VA,b-jones-1,1
2016,2016-wdbj-7-summer-music-games-of-southwest-virginia,VP,c-moss-1,1
2016,2016-western-corps-connection,CG,d-torchia-1,1
2016,2016-western-corps-connection,GE1,m-stone-1,1
2016,2016-western-corps-connection,GE2,j-davila-1,1
2016,2016-western-corps-connection,MA,r-rios-1,1
2016,2016-western-corps-connection,MB,n-jones-1,1
2016,2016-western-corps-connection,MP,j-kennedy-1,1
2016,2016-western-corps-connection,VA,l-carlson-1,1
2016,2016-western-corps-connection,VP,r-solomon-1,1
2017,2017-atlanta-brass-classic,CG,unknown-unknown-1,3
2017,2017-atlanta-brass-classic,GE1,s-alia-1,1
2017,2017-atlanta-brass-classic,GE2,m-waymire-1,1
2017,2017-atlanta-brass-classic,MA,m-waymire-1,1
2017,2017-atlanta-brass-classic,MA,g-markham-1,1
2017,2017-atlanta-brass-classic,MB,c-phillips-1,1
2017,2017-atlanta-brass-classic,MP,t-hall-1,1
2017,2017-atlanta-brass-classic,VA,s-alia-1,1
2017,2017-atlanta-brass-classic,VA,c-moss-1,1
2017,2017-atlanta-brass-classic,VP,k-kuhn-1,1
2017,2017-brass-impact,CG,j-sturgeon-1,1
2017,2017-brass-impact,GE1,c-church-1,1
2017,2017-brass-impact,GE2,t-hall-1,1
2017,2017-brass-impact,MA,d-davis-1,1
2017,2017-brass-impact,MB,p-haines-1,1
2017,2017-brass-impact,MP,m-davis-1,1
2017,2017-brass-impact,VA,f-miller-1,1
2017,2017-brass-impact,VP,c-moss-1,1
2017,2017-celebration-in-brass,CG,m-thompson-1,1
2017,2017-celebration-in-brass,GE1,t-wemhoff-1,1
2017,2017-celebration-in-brass,GE2,a-kristensen-1,1
2017,2017-celebration-in-brass,MA,t-johnston-1,1
2017,2017-celebration-in-brass,MB,g-boulden-1,1
2017,2017-celebration-in-brass,MP,m-davis-1,1
2017,2017-celebration-in-brass,VA,m-lentz-1,1
2017,2017-celebration-in-brass,VP,c-nelson-1,1
2017,2017-corps-at-the-crest-san-diego,CG,m-stone-1,1
2017,2017-corps-at-the-crest-san-diego,GE1,t-ochran-1,1
2017,2017-corps-at-the-crest-san-diego,GE2,j-harper-1,1
2017,2017-corps-at-the-crest-san-diego,MA,c-rothe-1,1
2017,2017-corps-at-the-crest-san-diego,MB,w-dillon-1,1
2017,2017-corps-at-the-crest-san-diego,MP,j-wilson-1,1
2017,2017-corps-at-the-crest-san-diego,VA,c-dillon-1,1
2017,2017-corps-at-the-crest-san-diego,VP,r-solomon-1,1
2017,2017-crownbeat,CG,h-nguyen-1,1
2017,2017-crownbeat,GE1,j-carlisle-1,1
2017,2017-crownbeat,GE2,j-mills-1,1
2017,2017-crownbeat,MA,j-harper-1,1
2017,2017-crownbeat,MB,c-phillips-1,1
2017,2017-crownbeat,MP,d-carbone-1,1
2017,2017-crownbeat,VA,c-moss-1,1
2017,2017-crownbeat,VP,s-alia-1,1
2017,2017-dci-arkansas,CG,s-adamo-1,1
2017,2017-dci-arkansas,GE1,m-gray-1,1
2017,2017-dci-arkansas,GE2,m-calima-1,1
2017,2017-dci-arkansas,MA,d-carbone-1,1
2017,2017-dci-arkansas,MB,r-isoda-1,1
2017,2017-dci-arkansas,MP,m-teal-1,1
2017,2017-dci-arkansas,VA,b-kuhn-1,1
2017,2017-dci-arkansas,VP,c-nelson-1,1
2017,2017-dci-birmingham-joe-lee-griffin-field-at-samford-university,CG,c-raichle-1,1
2017,2017-dci-birmingham-joe-lee-griffin-field-at-samford-university,GE1,f-miller-1,1
2017,2017-dci-birmingham-joe-lee-griffin-field-at-samford-university,GE2,n-jones-1,1
2017,2017-dci-birmingham-joe-lee-griffin-field-at-samford-university,MA,n-jones-1,1
2017,2017-dci-birmingham-joe-lee-griffin-field-at-samford-university,MA,j-kennedy-1,1
2017,2017-dci-birmingham-joe-lee-griffin-field-at-samford-university,MB,t-west-1,1
2017,2017-dci-birmingham-joe-lee-griffin-field-at-samford-university,MP,j-davila-1,1
2017,2017-dci-birmingham-joe-lee-griffin-field-at-samford-university,VA,f-miller-1,1
2017,2017-dci-birmingham-joe-lee-griffin-field-at-samford-university,VA,j-orefice-1,1
2017,2017-dci-birmingham-joe-lee-griffin-field-at-samford-university,VP,h-bassett-1,1
2017,2017-dci-capital-classic-corps-show,CG,c-dillon-1,1
2017,2017-dci-capital-classic-corps-show,GE1,k-baker-1,1
2017,2017-dci-capital-classic-corps-show,GE2,t-hall-1,1
2017,2017-dci-capital-classic-corps-show,MA,p-mcgarr-1,1
2017,2017-dci-capital-classic-corps-show,MB,a-cook-1,1
2017,2017-dci-capital-classic-corps-show,MP,j-wilson-1,1
2017,2017-dci-capital-classic-corps-show,VA,j-gilley-1,1
2017,2017-dci-capital-classic-corps-show,VP,m-thompson-1,1
2017,2017-dci-central-texas,CG,r-solomon-1,1
2017,2017-dci-central-texas,GE1,d-torchia-1,1
2017,2017-dci-central-texas,GE2,r-greenwell-1,1
2017,2017-dci-central-texas,MA,g-markham-1,1
2017,2017-dci-central-texas,MB,w-dillon-1,1
2017,2017-dci-central-texas,MP,m-leitzke-1,1
2017,2017-dci-central-texas,VA,t-ochran-1,1
2017,2017-dci-central-texas,VP,j-missing-1,1
2017,2017-dci-dallas-presented-by-north-texas-festival-of-drums-and-bugles,CG,m-gray-1,1
2017,2017-dci-dallas-presented-by-north-texas-festival-of-drums-and-bugles,GE1,c-nelson-1,1
2017,2017-dci-dallas-presented-by-north-texas-festival-of-drums-and-bugles,GE2,m-waymire-1,1
2017,2017-dci-dallas-presented-by-north-texas-festival-of-drums-and-bugles,MA,t-hall-1,1
2017,2017-dci-dallas-presented-by-north-texas-festival-of-drums-and-bugles,MB,r-rios-1,1
2017,2017-dci-dallas-presented-by-north-texas-festival-of-drums-and-bugles,MP,j-ausdemore-1,1
2017,2017-dci-dallas-presented-by-north-texas-festival-of-drums-and-bugles,VA,b-kuhn-1,1
2017,2017-dci-dallas-presented-by-north-texas-festival-of-drums-and-bugles,VP,s-adamo-1,1
2017,2017-dci-eastern-classic,CG,c-raichle-1,1
2017,2017-dci-eastern-classic,GE1,m-kelly-1,1
2017,2017-dci-eastern-classic,GE1,c-hestin-1,2
2017,2017-dci-eastern-classic,GE2,w-chumley-1,1
2017,2017-dci-eastern-classic,GE2,d-davis-1,2
2017,2017-dci-eastern-classic,MA,j-kennedy-1,1
2017,2017-dci-eastern-classic,MB,p-mcgarr-1,1
2017,2017-dci-eastern-classic,MP,g-howarth-1,1
2017,2017-dci-eastern-classic,MP,j-prosperie-1,2
2017,2017-dci-eastern-classic,VA,b-mascaro-1,1
2017,2017-dci-eastern-classic,VP,r-solomon-1,1
2017,2017-dci-eastern-classic-2,CG,c-raichle-1,1
2017,2017-dci-eastern-classic-2,GE1,w-chumley-1,1
2017,2017-dci-eastern-classic-2,GE1,m-kelly-1,2
2017,2017-dci-eastern-classic-2,GE2,c-hestin-1,1
2017,2017-dci-eastern-classic-2,GE2,d-davis-1,2
2017,2017-dci-eastern-classic-2,MA,j-kennedy-1,1
2017,2017-dci-eastern-classic-2,MB,p-mcgarr-1,1
2017,2017-dci-eastern-classic-2,MP,g-howarth-1,1
2017,2017-dci-eastern-classic-2,MP,j-prosperie-1,2
2017,2017-dci-eastern-classic-2,VA,b-mascaro-1,1
2017,2017-dci-eastern-classic-2,VP,r-solomon-1,1
2017,2017-dci-in-the-heartland,CG,m-gray-1,1
2017,2017-dci-in-the-heartland,GE1,b-kuhn-1,1
2017,2017-dci-in-the-heartland,GE2,m-waymire-1,1
2017,2017-dci-in-the-heartland,MA,j-ausdemore-1,1
2017,2017-dci-in-the-heartland,MB,r-isoda-1,1
2017,2017-dci-in-the-heartland,MP,m-teal-1,1
2017,2017-dci-in-the-heartland,VA,c-nelson-1,1
2017,2017-dci-in-the-heartland,VP,s-adamo-1,1
2017,2017-dci-martin,CG,m-stone-1,1
2017,2017-dci-martin,GE1,m-turner-1,1
2017,2017-dci-martin,GE2,g-fugett-1,1
2017,2017-dci-martin,MA,g-boulden-1,1
2017,2017-dci-martin,MB,d-argul-1,1
2017,2017-dci-martin,MP,j-davila-1,1
2017,2017-dci-martin,VA,j-sturgeon-1,1
2017,2017-dci-martin,VP,b-thomas-1,1
2017,2017-dci-minnesota-presented-by-u-s-marine-drum-and-bugle-corps,CG,m-stone-1,3
2017,2017-dci-minnesota-presented-by-u-s-marine-drum-and-bugle-corps,GE1,c-nelson-1,1
2017,2017-dci-minnesota-presented-by-u-s-marine-drum-and-bugle-corps,GE2,n-jones-1,2
2017,2017-dci-minnesota-presented-by-u-s-marine-drum-and-bugle-corps,MA,d-carbone-1,2
2017,2017-dci-minnesota-presented-by-u-s-marine-drum-and-bugle-corps,MB,c-phillips-1,1
2017,2017-dci-minnesota-presented-by-u-s-marine-drum-and-bugle-corps,MP,j-davila-1,3
2017,2017-dci-minnesota-presented-by-u-s-marine-drum-and-bugle-corps,MP,m-leitzke-1,4
2017,2017-dci-minnesota-presented-by-u-s-marine-drum-and-bugle-corps,VA,r-solomon-1,2
2017,2017-dci-minnesota-presented-by-u-s-marine-drum-and-bugle-corps,VP,m-turner-1,1
2017,2017-dci-minnesota-presented-by-us-marine-drum-and-bugle-corps,CG,m-stone-1,1
2017,2017-dci-minnesota-presented-by-us-marine-drum-and-bugle-corps,GE1,c-nelson-1,1
2017,2017-dci-minnesota-presented-by-us-marine-drum-and-bugle-corps,GE2,n-jones-1,1
2017,2017-dci-minnesota-presented-by-us-marine-drum-and-bugle-corps,MA,d-carbone-1,1
2017,2017-dci-minnesota-presented-by-us-marine-drum-and-bugle-corps,MB,c-phillips-1,1
2017,2017-dci-minnesota-presented-by-us-marine-drum-and-bugle-corps,MP,j-davila-1,1
2017,2017-dci-minnesota-presented-by-us-marine-drum-and-bugle-corps,MP,m-leitzke-1,2
2017,2017-dci-minnesota-presented-by-us-marine-drum-and-bugle-corps,VA,r-solomon-1,1
2017,2017-dci-minnesota-presented-by-us-marine-drum-and-bugle-corps,VP,m-turner-1,1
2017,2017-dci-north-texas,CG,r-kemp-1,1
2017,2017-dci-north-texas,GE1,t-wemhoff-1,1
2017,2017-dci-north-texas,GE2,s-page-1,1
2017,2017-dci-north-texas,MA,j-kennedy-1,1
2017,2017-dci-north-texas,MB,unknown-unknown-1,1
2017,2017-dci-north-texas,MP,m-griffin-1,1
2017,2017-dci-north-texas,VA,k-giese-1,1
2017,2017-dci-north-texas,VP,w-chumley-1,1
2017,2017-dci-northern-kentucky-presented-by-lone-star-percussion,CG,m-stone-1,1
2017,2017-dci-northern-kentucky-presented-by-lone-star-percussion,GE1,j-sturgeon-1,1
2017,2017-dci-northern-kentucky-presented-by-lone-star-percussion,GE2,c-hestin-1,1
2017,2017-dci-northern-kentucky-presented-by-lone-star-percussion,MA,c-hestin-1,1
2017,2017-dci-northern-kentucky-presented-by-lone-star-percussion,MA,g-boulden-1,1
2017,2017-dci-northern-kentucky-presented-by-lone-star-percussion,MB,s-page-1,1
2017,2017-dci-northern-kentucky-presented-by-lone-star-percussion,MP,m-leitzke-1,1
2017,2017-dci-northern-kentucky-presented-by-lone-star-percussion,VA,j-sturgeon-1,1
2017,2017-dci-northern-kentucky-presented-by-lone-star-percussion,VA,b-thomas-1,1
2017,2017-dci-northern-kentucky-presented-by-lone-star-percussion,VP,m-turner-1,1
2017,2017-dci-open-class-world-championships-finals,CG,m-thompson-1,1
2017,2017-dci-open-class-world-championships-finals,GE1,c-dillon-1,1
2017,2017-dci-open-class-world-championships-finals,GE2,r-saucedo-1,1
2017,2017-dci-open-class-world-championships-finals,MA,a-cook-1,1
2017,2017-dci-open-class-world-championships-finals,MB,m-hoskins-1,1
2017,2017-dci-open-class-world-championships-finals,MP,t-fox-1,1
2017,2017-dci-open-class-world-championships-finals,MP,m-davis-1,2
2017,2017-dci-open-class-world-championships-finals,VA,k-baker-1,1
2017,2017-dci-open-class-world-championships-finals,VP,j-gilley-1,1
2017,2017-dci-open-class-world-championships-prelims,CG,m-bowers-1,1
2017,2017-dci-open-class-world-championships-prelims,GE1,j-carlisle-1,1
2017,2017-dci-open-class-world-championships-prelims,GE2,j-denton-1,1
2017,2017-dci-open-class-world-championships-prelims,MA,m-mast-1,1
2017,2017-dci-open-class-world-championships-prelims,MB,p-mcgarr-1,1
2017,2017-dci-open-class-world-championships-prelims,MP,g-howarth-1,1
2017,2017-dci-open-class-world-championships-prelims,MP,m-leitzke-1,2
2017,2017-dci-open-class-world-championships-prelims,VA,d-niebauer-1,1
2017,2017-dci-open-class-world-championships-prelims,VP,k-kuhn-1,1
2017,2017-dci-orlando-presented-by-lone-star-percussion,CG,h-nguyen-1,1
2017,2017-dci-orlando-presented-by-lone-star-percussion,GE1,c-moss-1,1
2017,2017-dci-orlando-presented-by-lone-star-percussion,GE2,e-argenziano-1,1
2017,2017-dci-orlando-presented-by-lone-star-percussion,MA,g-howarth-1,1
2017,2017-dci-orlando-presented-by-lone-star-percussion,MB,j-mills-1,1
2017,2017-dci-orlando-presented-by-lone-star-percussion,MP,j-ausdemore-1,1
2017,2017-dci-orlando-presented-by-lone-star-percussion,VA,s-alia-1,1
2017,2017-dci-orlando-presented-by-lone-star-percussion,VP,j-carlisle-1,1
2017,2017-dci-south-florida,CG,j-carlisle-1,1
2017,2017-dci-south-florida,GE1,c-moss-1,1
2017,2017-dci-south-florida,GE2,c-romanowski-1,1
2017,2017-dci-south-florida,MA,j-mills-1,1
2017,2017-dci-south-florida,MB,unknown-unknown-1,1
2017,2017-dci-south-florida,MP,e-argenziano-1,1
2017,2017-dci-south-florida,VA,s-alia-1,1
2017,2017-dci-south-florida,VP,m-lentz-1,1
2017,2017-dci-southeastern-championship-presented-by-lone-star-percussion,CG,r-kemp-1,1
2017,2017-dci-southeastern-championship-presented-by-lone-star-percussion,GE1,k-miller-1,1
2017,2017-dci-southeastern-championship-presented-by-lone-star-percussion,GE1,m-kelly-1,2
2017,2017-dci-southeastern-championship-presented-by-lone-star-percussion,GE2,g-fugett-1,1
2017,2017-dci-southeastern-championship-presented-by-lone-star-percussion,GE2,j-bell-1,2
2017,2017-dci-southeastern-championship-presented-by-lone-star-percussion,MA,d-carbone-1,1
2017,2017-dci-southeastern-championship-presented-by-lone-star-percussion,MB,c-phillips-1,1
2017,2017-dci-southeastern-championship-presented-by-lone-star-percussion,MP,c-romanowski-1,1
2017,2017-dci-southeastern-championship-presented-by-lone-star-percussion,MP,m-leitzke-1,2
2017,2017-dci-southeastern-championship-presented-by-lone-star-percussion,VA,w-chumley-1,1
2017,2017-dci-southeastern-championship-presented-by-lone-star-percussion,VP,j-orefice-1,1
2017,2017-dci-southern-alabama,CG,w-chumley-1,1
2017,2017-dci-southern-alabama,GE1,k-miller-1,1
2017,2017-dci-southern-alabama,GE2,m-mcgahey-1,1
2017,2017-dci-southern-alabama,MA,t-west-1,1
2017,2017-dci-southern-alabama,MB,c-phillips-1,1
2017,2017-dci-southern-alabama,MP,c-romanowski-1,1
2017,2017-dci-southern-alabama,VA,s-alia-1,1
2017,2017-dci-southern-alabama,VP,h-bassett-1,1
2017,2017-dci-southern-mississippi,CG,h-bassett-1,1
2017,2017-dci-southern-mississippi,GE1,c-dillon-1,1
2017,2017-dci-southern-mississippi,GE2,m-mcgahey-1,1
2017,2017-dci-southern-mississippi,MA,m-waymire-1,1
2017,2017-dci-southern-mississippi,MB,t-west-1,1
2017,2017-dci-southern-mississippi,MP,e-argenziano-1,1
2017,2017-dci-southern-mississippi,VA,k-giese-1,1
2017,2017-dci-southern-mississippi,VP,m-turner-1,1
2017,2017-dci-southwestern-championship-presented-by-fred-j-miller-inc,CG,m-lentz-1,1
2017,2017-dci-southwestern-championship-presented-by-fred-j-miller-inc,GE1,m-stone-1,1
2017,2017-dci-southwestern-championship-presented-by-fred-j-miller-inc,GE1,m-gray-1,2
2017,2017-dci-southwestern-championship-presented-by-fred-j-miller-inc,GE2,k-turner-1,1
2017,2017-dci-southwestern-championship-presented-by-fred-j-miller-inc,GE2,a-kristensen-1,2
2017,2017-dci-southwestern-championship-presented-by-fred-j-miller-inc,MA,w-dillon-1,1
2017,2017-dci-southwestern-championship-presented-by-fred-j-miller-inc,MB,s-page-1,1
2017,2017-dci-southwestern-championship-presented-by-fred-j-miller-inc,MP,a-dunn-1,1
2017,2017-dci-southwestern-championship-presented-by-fred-j-miller-inc,MP,m-griffin-1,2
2017,2017-dci-southwestern-championship-presented-by-fred-j-miller-inc,VA,k-giese-1,1
2017,2017-dci-southwestern-championship-presented-by-fred-j-miller-inc,VP,c-nelson-1,1
2017,2017-dci-st-louis,CG,m-thompson-1,1
2017,2017-dci-st-louis,GE1,t-wemhoff-1,1
2017,2017-dci-st-louis,GE2,a-kristensen-1,1
2017,2017-dci-st-louis,MA,g-boulden-1,1
2017,2017-dci-st-louis,MB,j-missing-1,1
2017,2017-dci-st-louis,MP,m-davis-1,1
2017,2017-dci-st-louis,VA,m-lentz-1,1
2017,2017-dci-st-louis,VP,c-nelson-1,1
2017,2017-dci-tour-of-champions-presented-by-the-pro-football-hall-of-fame-enshrinement-festival,CG,m-kelly-1,1
2017,2017-dci-tour-of-champions-presented-by-the-pro-football-hall-of-fame-enshrinement-festival,GE1,t-wemhoff-1,1
2017,2017-dci-tour-of-champions-presented-by-the-pro-football-hall-of-fame-enshrinement-festival,GE2,r-greenwell-1,1
2017,2017-dci-tour-of-champions-presented-by-the-pro-football-hall-of-fame-enshrinement-festival,MA,t-moddison-1,1
2017,2017-dci-tour-of-champions-presented-by-the-pro-football-hall-of-fame-enshrinement-festival,MB,j-bell-1,1
2017,2017-dci-tour-of-champions-presented-by-the-pro-football-hall-of-fame-enshrinement-festival,MP,d-bryan-1,1
2017,2017-dci-tour-of-champions-presented-by-the-pro-football-hall-of-fame-enshrinement-festival,VA,b-kuhn-1,1
2017,2017-dci-tour-of-champions-presented-by-the-pro-football-hall-of-fame-enshrinement-festival,VP,c-nelson-1,1
2017,2017-dci-tour-premiere-presented-by-demoulin-bros-and-co,CG,d-torchia-1,1
2017,2017-dci-tour-premiere-presented-by-demoulin-bros-and-co,GE1,r-kemp-1,1
2017,2017-dci-tour-premiere-presented-by-demoulin-bros-and-co,GE2,m-mcgahey-1,1
2017,2017-dci-tour-premiere-presented-by-demoulin-bros-and-co,MA,n-jones-1,1
2017,2017-dci-tour-premiere-presented-by-demoulin-bros-and-co,MB,a-cook-1,1
2017,2017-dci-tour-premiere-presented-by-demoulin-bros-and-co,MP,j-webb-1,1
2017,2017-dci-tour-premiere-presented-by-demoulin-bros-and-co,VA,b-kuhn-1,1
2017,2017-dci-tour-premiere-presented-by-demoulin-bros-and-co,VP,j-orefice-1,1
2017,2017-dci-west-presented-by-lone-star-percussion,CG,m-turner-1,1
2017,2017-dci-west-presented-by-lone-star-percussion,GE1,d-torchia-1,1
2017,2017-dci-west-presented-by-lone-star-percussion,GE2,g-fugett-1,1
2017,2017-dci-west-presented-by-lone-star-percussion,MA,m-mcgahey-1,1
2017,2017-dci-west-presented-by-lone-star-percussion,MB,m-rubino-1,1
2017,2017-dci-west-presented-by-lone-star-percussion,MP,d-bryan-1,1
2017,2017-dci-west-presented-by-lone-star-percussion,VA,c-nelson-1,1
2017,2017-dci-west-presented-by-lone-star-percussion,VP,g-oliviero-1,1
2017,2017-dci-world-championship-finals,CG,c-raichle-1,1
2017,2017-dci-world-championship-finals,GE1,m-gray-1,1
2017,2017-dci-world-championship-finals,GE1,m-mcgahey-1,2
2017,2017-dci-world-championship-finals,GE2,d-davis-1,1
2017,2017-dci-world-championship-finals,GE2,m-stone-1,2
2017,2017-dci-world-championship-finals,MA,d-carbone-1,1
2017,2017-dci-world-championship-finals,MB,j-harper-1,1
2017,2017-dci-world-championship-finals,MP,a-dunn-1,1
2017,2017-dci-world-championship-finals,MP,j-prosperie-1,2
2017,2017-dci-world-championship-finals,VA,k-giese-1,1
2017,2017-dci-world-championship-finals,VP,m-turner-1,1
2017,2017-dci-world-championship-prelims,CG,h-nguyen-1,1
2017,2017-dci-world-championship-prelims,GE1,j-sturgeon-1,1
2017,2017-dci-world-championship-prelims,GE1,c-hestin-1,2
2017,2017-dci-world-championship-prelims,GE2,j-kennedy-1,1
2017,2017-dci-world-championship-prelims,GE2,j-howell-1,2
2017,2017-dci-world-championship-prelims,MA,w-dillon-1,1
2017,2017-dci-world-championship-prelims,MB,s-page-1,1
2017,2017-dci-world-championship-prelims,MP,c-romanowski-1,1
2017,2017-dci-world-championship-prelims,MP,m-leitzke-1,2
2017,2017-dci-world-championship-prelims,VA,b-mascaro-1,1
2017,2017-dci-world-championship-prelims,VP,c-nelson-1,1
2017,2017-dci-world-championship-semifinals-presented-by-earasers,CG,r-solomon-1,1
2017,2017-dci-world-championship-semifinals-presented-by-earasers,GE1,d-torchia-1,1
2017,2017-dci-world-championship-semifinals-presented-by-earasers,GE1,r-greenwell-1,2
2017,2017-dci-world-championship-semifinals-presented-by-earasers,GE2,t-wemhoff-1,1
2017,2017-dci-world-championship-semifinals-presented-by-earasers,GE2,k-turner-1,2
2017,2017-dci-world-championship-semifinals-presented-by-earasers,MA,g-markham-1,1
2017,2017-dci-world-championship-semifinals-presented-by-earasers,MB,c-phillips-1,1
2017,2017-dci-world-championship-semifinals-presented-by-earasers,MP,j-davila-1,1
2017,2017-dci-world-championship-semifinals-presented-by-earasers,MP,m-griffin-1,2
2017,2017-dci-world-championship-semifinals-presented-by-earasers,VA,t-ochran-1,1
2017,2017-dci-world-championship-semifinals-presented-by-earasers,VP,w-chumley-1,1
2017,2017-diablo-valley-classic,CG,m-thompson-1,1
2017,2017-diablo-valley-classic,GE1,j-gilley-1,1
2017,2017-diablo-valley-classic,GE2,a-cook-1,1
2017,2017-diablo-valley-classic,MA,j-wilson-1,1
2017,2017-diablo-valley-classic,MB,p-mcgarr-1,1
2017,2017-diablo-valley-classic,MP,t-hall-1,1
2017,2017-diablo-valley-classic,VA,c-dillon-1,1
2017,2017-diablo-valley-classic,VP,k-baker-1,1
2017,2017-drum-corps-an-american-tradition,CG,h-nguyen-1,1
2017,2017-drum-corps-an-american-tradition,GE1,s-adamo-1,1
2017,2017-drum-corps-an-american-tradition,GE2,k-turner-1,1
2017,2017-drum-corps-an-american-tradition,MA,t-moddison-1,1
2017,2017-drum-corps-an-american-tradition,MB,p-hinman-1,1
2017,2017-drum-corps-an-american-tradition,MP,c-romanowski-1,1
2017,2017-drum-corps-an-american-tradition,VA,b-mascaro-1,1
2017,2017-drum-corps-an-american-tradition,VP,h-bassett-1,1
2017,2017-drum-corps-an-american-tradition-clifton,CG,h-nguyen-1,1
2017,2017-drum-corps-an-american-tradition-clifton,GE1,d-torchia-1,1
2017,2017-drum-corps-an-american-tradition-clifton,GE2,m-mcgahey-1,1
2017,2017-drum-corps-an-american-tradition-clifton,MA,t-mengel-1,1
2017,2017-drum-corps-an-american-tradition-clifton,MB,b-fabrizio-1,1
2017,2017-drum-corps-an-american-tradition-clifton,MP,j-prosperie-1,1
2017,2017-drum-corps-an-american-tradition-clifton,VA,b-mascaro-1,1
2017,2017-drum-corps-an-american-tradition-clifton,VP,s-adamo-1,1
2017,2017-drum-corps-at-the-glen,CG,m-bowers-1,1
2017,2017-drum-corps-at-the-glen,GE1,c-nelson-1,1
2017,2017-drum-corps-at-the-glen,GE2,m-mast-1,1
2017,2017-drum-corps-at-the-glen,MA,m-davis-1,1
2017,2017-drum-corps-at-the-glen,MB,r-saucedo-1,1
2017,2017-drum-corps-at-the-glen,MP,j-wilson-1,1
2017,2017-drum-corps-at-the-glen,VA,d-deems-1,1
2017,2017-drum-corps-at-the-glen,VP,j-carlisle-1,1
2017,2017-drum-corps-at-the-rose-bowl,CG,c-dillon-1,1
2017,2017-drum-corps-at-the-rose-bowl,GE1,r-solomon-1,1
2017,2017-drum-corps-at-the-rose-bowl,GE2,w-dillon-1,1
2017,2017-drum-corps-at-the-rose-bowl,MA,j-wilson-1,1
2017,2017-drum-corps-at-the-rose-bowl,MB,j-harper-1,1
2017,2017-drum-corps-at-the-rose-bowl,MP,c-rothe-1,1
2017,2017-drum-corps-at-the-rose-bowl,VA,t-ochran-1,1
2017,2017-drum-corps-at-the-rose-bowl,VP,m-stone-1,1
2017,2017-drum-corps-mid-america,CG,d-deems-1,1
2017,2017-drum-corps-mid-america,GE1,a-combites-1,1
2017,2017-drum-corps-mid-america,GE2,m-rubino-1,1
2017,2017-drum-corps-mid-america,MA,s-calhoun-1,1
2017,2017-drum-corps-mid-america,MB,m-hoskins-1,1
2017,2017-drum-corps-mid-america,MP,t-fox-1,1
2017,2017-drum-corps-mid-america,VA,s-bertelle-1,1
2017,2017-drum-corps-mid-america,VP,unknown-unknown-1,1
2017,2017-drums-across-america,CG,unknown-unknown-1,3
2017,2017-drums-across-america,GE1,s-alia-1,1
2017,2017-drums-across-america,GE2,s-calhoun-1,1
2017,2017-drums-across-america,MA,j-harper-1,1
2017,2017-drums-across-america,MB,m-hoskins-1,1
2017,2017-drums-across-america,MP,c-romanowski-1,1
2017,2017-drums-across-america,VA,c-moss-1,1
2017,2017-drums-across-america,VP,unknown-unknown-1,1
2017,2017-drums-across-cajun-field,CG,m-turner-1,1
2017,2017-drums-across-cajun-field,GE1,c-dillon-1,1
2017,2017-drums-across-cajun-field,GE2,m-calima-1,1
2017,2017-drums-across-cajun-field,MA,m-teal-1,1
2017,2017-drums-across-cajun-field,MB,r-isoda-1,1
2017,2017-drums-across-cajun-field,MP,e-argenziano-1,1
2017,2017-drums-across-cajun-field,VA,k-giese-1,1
2017,2017-drums-across-cajun-field,VP,h-bassett-1,1
2017,2017-drums-across-kansas,CG,r-kemp-1,1
2017,2017-drums-across-kansas,GE1,t-wemhoff-1,1
2017,2017-drums-across-kansas,GE2,r-isoda-1,1
2017,2017-drums-across-kansas,MA,k-weirich-1,1
2017,2017-drums-across-kansas,MB,w-woodworth-1,1
2017,2017-drums-across-kansas,MP,c-rothe-1,1
2017,2017-drums-across-kansas,VA,t-ochran-1,1
2017,2017-drums-across-kansas,VP,k-miller-1,1
2017,2017-drums-across-the-river-region,CG,unknown-unknown-1,3
2017,2017-drums-across-the-river-region,GE1,s-alia-1,1
2017,2017-drums-across-the-river-region,GE2,t-hall-1,1
2017,2017-drums-across-the-river-region,MA,t-hall-1,1
2017,2017-drums-across-the-river-region,MA,s-calhoun-1,1
2017,2017-drums-across-the-river-region,MB,c-romanowski-1,1
2017,2017-drums-across-the-river-region,MB,m-waymire-1,1
2017,2017-drums-across-the-river-region,MP,c-romanowski-1,1
2017,2017-drums-across-the-river-region,VA,s-alia-1,1
2017,2017-drums-across-the-river-region,VA,c-moss-1,1
2017,2017-drums-across-the-river-region,VP,k-kuhn-1,1
2017,2017-drums-across-the-smokies,CG,d-deems-1,1
2017,2017-drums-across-the-smokies,GE1,c-moss-1,1
2017,2017-drums-across-the-smokies,GE2,g-boulden-1,1
2017,2017-drums-across-the-smokies,MA,e-argenziano-1,1
2017,2017-drums-across-the-smokies,MB,s-page-1,1
2017,2017-drums-across-the-smokies,MP,t-hall-1,1
2017,2017-drums-across-the-smokies,VA,j-carlisle-1,1
2017,2017-drums-across-the-smokies,VP,k-baker-1,1
2017,2017-drums-across-the-tri-state,CG,h-bassett-1,1
2017,2017-drums-across-the-tri-state,GE1,f-miller-1,1
2017,2017-drums-across-the-tri-state,GE2,p-furnari-1,1
2017,2017-drums-across-the-tri-state,MA,d-aydelott-1,1
2017,2017-drums-across-the-tri-state,MB,r-ellis-1,1
2017,2017-drums-across-the-tri-state,MP,c-romanowski-1,1
2017,2017-drums-across-the-tri-state,VA,r-ryles-1,1
2017,2017-drums-across-the-tri-state,VP,b-thomas-1,1
2017,2017-drums-along-the-mississippi-river,CG,d-deems-1,1
2017,2017-drums-along-the-mississippi-river,GE1,c-church-1,1
2017,2017-drums-along-the-mississippi-river,GE2,j-denton-1,1
2017,2017-drums-along-the-mississippi-river,MA,d-aydelott-1,1
2017,2017-drums-along-the-mississippi-river,MB,m-hoskins-1,1
2017,2017-drums-along-the-mississippi-river,MP,m-davis-1,1
2017,2017-drums-along-the-mississippi-river,VA,k-baker-1,1
2017,2017-drums-along-the-mississippi-river,VP,j-missing-1,1
2017,2017-drums-along-the-mohawk,CG,s-adamo-1,1
2017,2017-drums-along-the-mohawk,GE1,t-wemhoff-1,1
2017,2017-drums-along-the-mohawk,GE2,s-halquist-1,1
2017,2017-drums-along-the-mohawk,MA,d-orser-1,1
2017,2017-drums-along-the-mohawk,MB,j-bell-1,1
2017,2017-drums-along-the-mohawk,MP,d-bryan-1,1
2017,2017-drums-along-the-mohawk,VA,t-ochran-1,1
2017,2017-drums-along-the-mohawk,VP,h-nguyen-1,1
2017,2017-drums-along-the-rockies,CG,c-raichle-1,1
2017,2017-drums-along-the-rockies,GE1,j-howell-1,1
2017,2017-drums-along-the-rockies,GE2,n-jones-1,1
2017,2017-drums-along-the-rockies,MA,a-dunn-1,1
2017,2017-drums-along-the-rockies,MB,m-rubino-1,1
2017,2017-drums-along-the-rockies,MP,p-furnari-1,1
2017,2017-drums-along-the-rockies,VA,k-giese-1,1
2017,2017-drums-along-the-rockies,VP,w-chumley-1,1
2017,2017-drums-of-fire,CG,t-ochran-1,1
2017,2017-drums-of-fire,GE1,a-kristensen-1,1
2017,2017-drums-of-fire,GE2,c-costanza-1,1
2017,2017-drums-of-fire,MA,t-moddison-1,1
2017,2017-drums-of-fire,MB,p-haines-1,1
2017,2017-drums-of-fire,MP,m-mullinix-1,1
2017,2017-drums-of-fire,VA,r-comfort-1,1
2017,2017-drums-of-fire,VP,p-madden-1,1
2017,2017-drums-on-parade,CG,r-kemp-1,1
2017,2017-drums-on-parade,GE1,t-wemhoff-1,1
2017,2017-drums-on-parade,GE2,m-leitzke-1,1
2017,2017-drums-on-parade,MA,k-weirich-1,1
2017,2017-drums-on-parade,MB,unknown-unknown-1,1
2017,2017-drums-on-parade,MP,j-davila-1,1
2017,2017-drums-on-parade,VA,f-miller-1,1
2017,2017-drums-on-parade,VP,k-miller-1,1
2017,2017-east-coast-classic,CG,c-dillon-1,1
2017,2017-east-coast-classic,GE1,d-torchia-1,1
2017,2017-east-coast-classic,GE2,j-kennedy-1,1
2017,2017-east-coast-classic,MA,p-furnari-1,1
2017,2017-east-coast-classic,MB,d-orser-1,1
2017,2017-east-coast-classic,MP,t-mengel-1,1
2017,2017-east-coast-classic,VA,c-raichle-1,1
2017,2017-east-coast-classic,VP,h-nguyen-1,1
2017,2017-emerald-city-music-games,CG,m-bowers-1,1
2017,2017-emerald-city-music-games,GE1,d-deems-1,1
2017,2017-emerald-city-music-games,GE2,p-hinman-1,1
2017,2017-emerald-city-music-games,MA,p-hinman-1,1
2017,2017-emerald-city-music-games,MA,k-weirich-1,1
2017,2017-emerald-city-music-games,MB,t-moddison-1,1
2017,2017-emerald-city-music-games,MP,j-davila-1,1
2017,2017-emerald-city-music-games,VA,d-deems-1,1
2017,2017-emerald-city-music-games,VA,j-sturgeon-1,1
2017,2017-emerald-city-music-games,VP,k-baker-1,1
2017,2017-innovations-in-brass-massillon,CG,m-lentz-1,1
2017,2017-innovations-in-brass-massillon,GE1,j-howell-1,1
2017,2017-innovations-in-brass-massillon,GE2,r-saucedo-1,1
2017,2017-innovations-in-brass-massillon,MA,k-turner-1,1
2017,2017-innovations-in-brass-massillon,MB,m-hoskins-1,1
2017,2017-innovations-in-brass-massillon,MP,a-dunn-1,1
2017,2017-innovations-in-brass-massillon,VA,b-kuhn-1,1
2017,2017-innovations-in-brass-massillon,VP,b-mascaro-1,1
2017,2017-lake-erie-fanfare,CG,j-howell-1,1
2017,2017-lake-erie-fanfare,GE1,f-miller-1,1
2017,2017-lake-erie-fanfare,GE2,s-halquist-1,1
2017,2017-lake-erie-fanfare,MA,d-orser-1,1
2017,2017-lake-erie-fanfare,MB,s-calhoun-1,1
2017,2017-lake-erie-fanfare,MP,t-fox-1,1
2017,2017-lake-erie-fanfare,VA,t-ochran-1,1
2017,2017-lake-erie-fanfare,VP,b-thomas-1,1
2017,2017-legends-drum-corps-invitational,CG,k-kuhn-1,1
2017,2017-legends-drum-corps-invitational,GE1,unknown-unknown-1,1
2017,2017-legends-drum-corps-invitational,GE2,m-rubino-1,1
2017,2017-legends-drum-corps-invitational,MA,s-calhoun-1,1
2017,2017-legends-drum-corps-invitational,MB,m-hoskins-1,1
2017,2017-legends-drum-corps-invitational,MP,m-davis-1,1
2017,2017-legends-drum-corps-invitational,VA,j-orefice-1,1
2017,2017-legends-drum-corps-invitational,VP,m-bowers-1,1
2017,2017-march-on,CG,d-deems-1,1
2017,2017-march-on,GE1,s-bertelle-1,1
2017,2017-march-on,GE2,r-isoda-1,1
2017,2017-march-on,MA,m-rubino-1,1
2017,2017-march-on,MB,c-armbruster-1,1
2017,2017-march-on,MP,g-howarth-1,1
2017,2017-march-on,VA,p-madden-1,1
2017,2017-march-on,VP,a-combites-1,1
2017,2017-midcal-champions-showcase,CG,d-torchia-1,1
2017,2017-midcal-champions-showcase,GE1,g-oliviero-1,1
2017,2017-midcal-champions-showcase,GE2,n-jones-1,1
2017,2017-midcal-champions-showcase,MA,m-rubino-1,1
2017,2017-midcal-champions-showcase,MA,g-fugett-1,1
2017,2017-midcal-champions-showcase,MB,m-mcgahey-1,1
2017,2017-midcal-champions-showcase,MP,d-bryan-1,1
2017,2017-midcal-champions-showcase,VA,c-nelson-1,1
2017,2017-midcal-champions-showcase,VP,m-turner-1,1
2017,2017-moonlight-classic,CG,g-oliviero-1,1
2017,2017-moonlight-classic,GE1,m-turner-1,1
2017,2017-moonlight-classic,GE2,m-mcgahey-1,1
2017,2017-moonlight-classic,MA,d-bryan-1,1
2017,2017-moonlight-classic,MB,n-jones-1,1
2017,2017-moonlight-classic,MP,g-fugett-1,1
2017,2017-moonlight-classic,VA,d-torchia-1,1
2017,2017-moonlight-classic,VP,c-nelson-1,1
2017,2017-music-on-the-march,CG,h-nguyen-1,1
2017,2017-music-on-the-march,GE1,r-kemp-1,1
2017,2017-music-on-the-march,GE2,c-hestin-1,1
2017,2017-music-on-the-march,MA,c-rothe-1,1
2017,2017-music-on-the-march,MB,s-page-1,1
2017,2017-music-on-the-march,MP,p-furnari-1,1
2017,2017-music-on-the-march,VA,s-adamo-1,1
2017,2017-music-on-the-march,VP,b-kuhn-1,1
2017,2017-music-on-the-move,CG,r-solomon-1,1
2017,2017-music-on-the-move,GE1,j-howell-1,1
2017,2017-music-on-the-move,GE2,p-hinman-1,1
2017,2017-music-on-the-move,MA,d-carbone-1,1
2017,2017-music-on-the-move,MB,p-mcgarr-1,1
2017,2017-music-on-the-move,MP,j-ausdemore-1,1
2017,2017-music-on-the-move,VA,unknown-unknown-1,2
2017,2017-music-on-the-move,VP,h-nguyen-1,1
2017,2017-nightbeat-tour-of-champions,CG,w-chumley-1,1
2017,2017-nightbeat-tour-of-champions,GE1,r-kemp-1,1
2017,2017-nightbeat-tour-of-champions,GE1,j-sturgeon-1,2
2017,2017-nightbeat-tour-of-champions,GE2,n-jones-1,1
2017,2017-nightbeat-tour-of-champions,GE2,g-markham-1,2
2017,2017-nightbeat-tour-of-champions,MA,r-rios-1,1
2017,2017-nightbeat-tour-of-champions,MB,j-harper-1,1
2017,2017-nightbeat-tour-of-champions,MP,p-furnari-1,1
2017,2017-nightbeat-tour-of-champions,MP,j-ausdemore-1,2
2017,2017-nightbeat-tour-of-champions,VA,m-gray-1,1
2017,2017-nightbeat-tour-of-champions,VP,k-miller-1,1
2017,2017-petunia-city-brass,CG,j-gilley-1,1
2017,2017-petunia-city-brass,GE1,k-baker-1,1
2017,2017-petunia-city-brass,GE2,t-fox-1,1
2017,2017-petunia-city-brass,MA,r-saucedo-1,1
2017,2017-petunia-city-brass,MB,p-mcgarr-1,1
2017,2017-petunia-city-brass,MP,m-leitzke-1,1
2017,2017-petunia-city-brass,VA,j-carlisle-1,1
2017,2017-petunia-city-brass,VP,c-church-1,1
2017,2017-resound,CG,m-bowers-1,1
2017,2017-resound,GE1,j-carlisle-1,1
2017,2017-resound,GE2,r-saucedo-1,1
2017,2017-resound,MA,j-wilson-1,1
2017,2017-resound,MB,m-mast-1,1
2017,2017-resound,MP,m-davis-1,1
2017,2017-resound,VA,d-deems-1,1
2017,2017-resound,VP,c-nelson-1,1
2017,2017-river-city-rhapsody-rochester,CG,w-chumley-1,1
2017,2017-river-city-rhapsody-rochester,GE1,unknown-unknown-1,1
2017,2017-river-city-rhapsody-rochester,GE2,d-carbone-1,1
2017,2017-river-city-rhapsody-rochester,MA,c-phillips-1,1
2017,2017-river-city-rhapsody-rochester,MB,c-armbruster-1,1
2017,2017-river-city-rhapsody-rochester,MP,j-queen-1,1
2017,2017-river-city-rhapsody-rochester,VA,k-giese-1,1
2017,2017-river-city-rhapsody-rochester,VP,a-combites-1,1
2017,2017-seattle-summer-music-games,CG,r-comfort-1,1
2017,2017-seattle-summer-music-games,GE1,p-madden-1,1
2017,2017-seattle-summer-music-games,GE2,p-haines-1,1
2017,2017-seattle-summer-music-games,MA,m-mullinix-1,1
2017,2017-seattle-summer-music-games,MB,t-moddison-1,1
2017,2017-seattle-summer-music-games,MP,a-kristensen-1,1
2017,2017-seattle-summer-music-games,VA,c-costanza-1,1
2017,2017-seattle-summer-music-games,VP,t-ochran-1,1
2017,2017-shadow-showcase,CG,m-bowers-1,1
2017,2017-shadow-showcase,GE1,c-dillon-1,1
2017,2017-shadow-showcase,GE2,r-saucedo-1,1
2017,2017-shadow-showcase,MA,m-mast-1,1
2017,2017-shadow-showcase,MB,d-argul-1,1
2017,2017-shadow-showcase,MP,m-mullinix-1,1
2017,2017-shadow-showcase,MP,m-davis-1,2
2017,2017-shadow-showcase,VA,k-baker-1,1
2017,2017-shadow-showcase,VP,j-gilley-1,1
2017,2017-shoremen-brass-classic,CG,m-bowers-1,1
2017,2017-shoremen-brass-classic,GE1,c-dillon-1,1
2017,2017-shoremen-brass-classic,GE2,r-saucedo-1,1
2017,2017-shoremen-brass-classic,MA,m-mast-1,1
2017,2017-shoremen-brass-classic,MB,d-argul-1,1
2017,2017-shoremen-brass-classic,MP,m-mullinix-1,1
2017,2017-shoremen-brass-classic,MP,m-davis-1,2
2017,2017-shoremen-brass-classic,VA,k-baker-1,1
2017,2017-shoremen-brass-classic,VP,j-gilley-1,1
2017,2017-show-of-shows,CG,m-gray-1,1
2017,2017-show-of-shows,GE1,t-wemhoff-1,1
2017,2017-show-of-shows,GE2,d-davis-1,1
2017,2017-show-of-shows,MA,t-johnston-1,1
2017,2017-show-of-shows,MB,a-cook-1,1
2017,2017-show-of-shows,MP,j-queen-1,1
2017,2017-show-of-shows,VA,w-chumley-1,1
2017,2017-show-of-shows,VP,k-miller-1,1
2017,2017-show-of-shows-metamora,CG,m-thompson-1,1
2017,2017-show-of-shows-metamora,GE1,unknown-unknown-1,1
2017,2017-show-of-shows-metamora,GE2,m-waymire-1,1
2017,2017-show-of-shows-metamora,MA,r-isoda-1,1
2017,2017-show-of-shows-metamora,MB,b-fabrizio-1,1
2017,2017-show-of-shows-metamora,MP,m-davis-1,1
2017,2017-show-of-shows-metamora,VA,d-niebauer-1,1
2017,2017-show-of-shows-metamora,VP,d-deems-1,1
2017,2017-so-cal-classic-open-class-championship,CG,m-bowers-1,1
2017,2017-so-cal-classic-open-class-championship,GE1,d-deems-1,1
2017,2017-so-cal-classic-open-class-championship,GE2,r-saucedo-1,1
2017,2017-so-cal-classic-open-class-championship,MA,j-wilson-1,1
2017,2017-so-cal-classic-open-class-championship,MB,m-mast-1,1
2017,2017-so-cal-classic-open-class-championship,MP,m-davis-1,1
2017,2017-so-cal-classic-open-class-championship,VA,j-carlisle-1,1
2017,2017-so-cal-classic-open-class-championship,VP,c-nelson-1,1
2017,2017-soaring-sounds-38,CG,m-bowers-1,1
2017,2017-soaring-sounds-38,GE1,j-sturgeon-1,1
2017,2017-soaring-sounds-38,GE2,r-greenwell-1,1
2017,2017-soaring-sounds-38,MA,r-ellis-1,1
2017,2017-soaring-sounds-38,MB,b-fabrizio-1,1
2017,2017-soaring-sounds-38,MP,t-mengel-1,1
2017,2017-soaring-sounds-38,VA,r-ryles-1,1
2017,2017-soaring-sounds-38,VP,j-orefice-1,1
2017,2017-spring-city-showcase,CG,d-deems-1,1
2017,2017-spring-city-showcase,GE1,s-bertelle-1,1
2017,2017-spring-city-showcase,GE2,r-isoda-1,1
2017,2017-spring-city-showcase,MA,m-rubino-1,1
2017,2017-spring-city-showcase,MB,l-appel-1,1
2017,2017-spring-city-showcase,MP,g-howarth-1,1
2017,2017-spring-city-showcase,VA,p-madden-1,1
2017,2017-spring-city-showcase,VP,a-combites-1,1
2017,2017-the-masters-of-the-summer-music-games-presented-by-jupiter-mapex-and-majestic,CG,c-raichle-1,1
2017,2017-the-masters-of-the-summer-music-games-presented-by-jupiter-mapex-and-majestic,GE1,t-wemhoff-1,1
2017,2017-the-masters-of-the-summer-music-games-presented-by-jupiter-mapex-and-majestic,GE2,n-jones-1,1
2017,2017-the-masters-of-the-summer-music-games-presented-by-jupiter-mapex-and-majestic,MA,j-kennedy-1,1
2017,2017-the-masters-of-the-summer-music-games-presented-by-jupiter-mapex-and-majestic,MB,d-aydelott-1,1
2017,2017-the-masters-of-the-summer-music-games-presented-by-jupiter-mapex-and-majestic,MP,j-davila-1,1
2017,2017-the-masters-of-the-summer-music-games-presented-by-jupiter-mapex-and-majestic,VA,f-miller-1,1
2017,2017-the-masters-of-the-summer-music-games-presented-by-jupiter-mapex-and-majestic,VP,j-orefice-1,1
2017,2017-the-whitewater-classic,CG,s-bertelle-1,1
2017,2017-the-whitewater-classic,GE1,r-kemp-1,1
2017,2017-the-whitewater-classic,GE2,l-appel-1,1
2017,2017-the-whitewater-classic,MA,r-isoda-1,1
2017,2017-the-whitewater-classic,MB,j-harper-1,1
2017,2017-the-whitewater-classic,MP,j-queen-1,1
2017,2017-the-whitewater-classic,VA,j-sturgeon-1,1
2017,2017-the-whitewater-classic,VP,unknown-unknown-1,1
2017,2017-tour-of-champions-buffalo,CG,d-torchia-1,1
2017,2017-tour-of-champions-buffalo,GE1,m-kelly-1,1
2017,2017-tour-of-champions-buffalo,GE2,k-turner-1,1
2017,2017-tour-of-champions-buffalo,MA,t-moddison-1,1
2017,2017-tour-of-champions-buffalo,MB,s-calhoun-1,1
2017,2017-tour-of-champions-buffalo,MP,j-davila-1,1
2017,2017-tour-of-champions-buffalo,VA,b-kuhn-1,1
2017,2017-tour-of-champions-buffalo,VP,r-solomon-1,1
2017,2017-tour-of-champions-northern-illinois,CG,h-nguyen-1,1
2017,2017-tour-of-champions-northern-illinois,GE1,b-kuhn-1,1
2017,2017-tour-of-champions-northern-illinois,GE2,g-fugett-1,1
2017,2017-tour-of-champions-northern-illinois,MA,c-rothe-1,1
2017,2017-tour-of-champions-northern-illinois,MB,d-argul-1,1
2017,2017-tour-of-champions-northern-illinois,MP,c-romanowski-1,1
2017,2017-tour-of-champions-northern-illinois,VA,r-kemp-1,1
2017,2017-tour-of-champions-northern-illinois,VP,s-adamo-1,1
2017,2017-tour-of-champions-oklahoma-presented-by-drums-of-summer,CG,r-solomon-1,1
2017,2017-tour-of-champions-oklahoma-presented-by-drums-of-summer,GE1,j-howell-1,1
2017,2017-tour-of-champions-oklahoma-presented-by-drums-of-summer,GE2,d-davis-1,1
2017,2017-tour-of-champions-oklahoma-presented-by-drums-of-summer,MA,d-carbone-1,1
2017,2017-tour-of-champions-oklahoma-presented-by-drums-of-summer,MB,p-mcgarr-1,1
2017,2017-tour-of-champions-oklahoma-presented-by-drums-of-summer,MP,j-ausdemore-1,1
2017,2017-tour-of-champions-oklahoma-presented-by-drums-of-summer,VA,f-miller-1,1
2017,2017-tour-of-champions-oklahoma-presented-by-drums-of-summer,VP,h-nguyen-1,1
2017,2017-tour-of-champions-ppl-park,CG,unknown-unknown-1,3
2017,2017-tour-of-champions-ppl-park,GE1,m-kelly-1,1
2017,2017-tour-of-champions-ppl-park,GE2,m-mcgahey-1,1
2017,2017-tour-of-champions-ppl-park,MA,w-dillon-1,1
2017,2017-tour-of-champions-ppl-park,MB,m-hoskins-1,1
2017,2017-tour-of-champions-ppl-park,MP,j-prosperie-1,1
2017,2017-tour-of-champions-ppl-park,VA,w-chumley-1,1
2017,2017-tour-of-champions-ppl-park,VP,b-mascaro-1,1
2017,2017-tour-of-champions-texas-presented-by-band-shoppe-and-the-exsightment-of-sound,CG,m-turner-1,1
2017,2017-tour-of-champions-texas-presented-by-band-shoppe-and-the-exsightment-of-sound,GE1,m-stone-1,1
2017,2017-tour-of-champions-texas-presented-by-band-shoppe-and-the-exsightment-of-sound,GE2,r-greenwell-1,1
2017,2017-tour-of-champions-texas-presented-by-band-shoppe-and-the-exsightment-of-sound,MA,g-markham-1,1
2017,2017-tour-of-champions-texas-presented-by-band-shoppe-and-the-exsightment-of-sound,MB,m-mast-1,1
2017,2017-tour-of-champions-texas-presented-by-band-shoppe-and-the-exsightment-of-sound,MP,j-ausdemore-1,1
2017,2017-tour-of-champions-texas-presented-by-band-shoppe-and-the-exsightment-of-sound,VA,d-torchia-1,1
2017,2017-tour-of-champions-texas-presented-by-band-shoppe-and-the-exsightment-of-sound,VP,m-lentz-1,1
2017,2017-tournament-of-drums,CG,m-thompson-1,1
2017,2017-tournament-of-drums,GE1,j-carlisle-1,1
2017,2017-tournament-of-drums,GE2,j-denton-1,1
2017,2017-tournament-of-drums,MA,a-cook-1,1
2017,2017-tournament-of-drums,MB,m-hoskins-1,1
2017,2017-tournament-of-drums,MP,t-fox-1,1
2017,2017-tournament-of-drums,MP,m-leitzke-1,2
2017,2017-tournament-of-drums,VA,d-niebauer-1,1
2017,2017-tournament-of-drums,VP,k-kuhn-1,1
2017,2017-wdbj-7-summer-music-games-of-southwest-virginia,CG,r-kemp-1,1
2017,2017-wdbj-7-summer-music-games-of-southwest-virginia,GE1,b-jones-1,1
2017,2017-wdbj-7-summer-music-games-of-southwest-virginia,GE2,r-greenwell-1,1
2017,2017-wdbj-7-summer-music-games-of-southwest-virginia,MA,b-fabrizio-1,1
2017,2017-wdbj-7-summer-music-games-of-southwest-virginia,MB,r-rios-1,1
2017,2017-wdbj-7-summer-music-games-of-southwest-virginia,MP,t-fox-1,1
2017,2017-wdbj-7-summer-music-games-of-southwest-virginia,VA,b-mascaro-1,1
2017,2017-wdbj-7-summer-music-games-of-southwest-virginia,VP,c-moss-1,1
2017,2017-western-corps-connection,CG,t-ochran-1,1
2017,2017-western-corps-connection,GE1,m-stone-1,1
2017,2017-western-corps-connection,GE2,c-rothe-1,1
2017,2017-western-corps-connection,MA,j-harper-1,1
2017,2017-western-corps-connection,MB,w-dillon-1,1
2017,2017-western-corps-connection,MP,j-wilson-1,1
2017,2017-western-corps-connection,VA,r-solomon-1,1
2017,2017-western-corps-connection,VP,c-dillon-1,1
2018,2018-atlanta-brass-classic,CG,c-dillon-1,1
2018,2018-atlanta-brass-classic,GE1,a-greene-1,1
2018,2018-atlanta-brass-classic,GE2,g-markham-1,1
2018,2018-atlanta-brass-classic,MA,m-hoskins-1,1
2018,2018-atlanta-brass-classic,MB,j-mills-1,1
2018,2018-atlanta-brass-classic,MP,t-mengel-1,1
2018,2018-atlanta-brass-classic,VA,unknown-unknown-1,2
2018,2018-atlanta-brass-classic,VP,s-alia-1,1
2018,2018-brass-impact,CG,m-kelly-1,1
2018,2018-brass-impact,GE1,j-gilley-1,1
2018,2018-brass-impact,GE2,a-lo-1,1
2018,2018-brass-impact,MA,j-davila-1,1
2018,2018-brass-impact,MB,r-rios-1,1
2018,2018-brass-impact,MP,t-hall-1,1
2018,2018-brass-impact,VA,p-madden-1,1
2018,2018-brass-impact,VP,c-nelson-1,1
2018,2018-cavalcade-of-brass,CG,t-wemhoff-1,1
2018,2018-cavalcade-of-brass,GE1,r-kemp-1,1
2018,2018-cavalcade-of-brass,GE2,s-calhoun-1,1
2018,2018-cavalcade-of-brass,MA,c-armbruster-1,1
2018,2018-cavalcade-of-brass,MB,d-aydelott-1,1
2018,2018-cavalcade-of-brass,MP,t-dempsey-1,1
2018,2018-cavalcade-of-brass,VA,k-baker-1,1
2018,2018-cavalcade-of-brass,VP,h-nguyen-1,1
2018,2018-celebration-in-brass,CG,k-kuhn-1,1
2018,2018-celebration-in-brass,GE1,unknown-unknown-1,1
2018,2018-celebration-in-brass,GE2,m-calima-1,1
2018,2018-celebration-in-brass,MA,a-dunn-1,1
2018,2018-celebration-in-brass,MB,r-rios-1,1
2018,2018-celebration-in-brass,MP,t-hall-1,1
2018,2018-celebration-in-brass,VA,c-church-1,1
2018,2018-celebration-in-brass,VP,m-bowers-1,1
2018,2018-corps-at-the-crest-san-diego,CG,m-stone-1,1
2018,2018-corps-at-the-crest-san-diego,GE1,s-chumley-1,1
2018,2018-corps-at-the-crest-san-diego,GE2,c-rothe-1,1
2018,2018-corps-at-the-crest-san-diego,MA,n-jones-1,1
2018,2018-corps-at-the-crest-san-diego,MB,c-phillips-1,1
2018,2018-corps-at-the-crest-san-diego,MP,m-leitzke-1,1
2018,2018-corps-at-the-crest-san-diego,VA,j-sturgeon-1,1
2018,2018-corps-at-the-crest-san-diego,VP,r-solomon-1,1
2018,2018-corps-encore,CG,m-anderson-1,1
2018,2018-corps-encore,GE1,e-martinez-1,1
2018,2018-corps-encore,GE2,p-haines-1,1
2018,2018-corps-encore,MA,a-cook-1,1
2018,2018-corps-encore,MB,d-orser-1,1
2018,2018-corps-encore,MP,j-missing-1,1
2018,2018-corps-encore,VA,m-thompson-1,1
2018,2018-corps-encore,VP,c-costanza-1,1
2018,2018-crownbeat,CG,a-greene-1,1
2018,2018-crownbeat,GE1,m-gray-1,1
2018,2018-crownbeat,GE2,e-argenziano-1,1
2018,2018-crownbeat,MA,d-carbone-1,1
2018,2018-crownbeat,MB,a-cook-1,1
2018,2018-crownbeat,MP,m-teal-1,1
2018,2018-crownbeat,VA,d-deems-1,1
2018,2018-crownbeat,VP,c-moss-1,1
2018,2018-dci-arkansas,CG,c-raichle-1,1
2018,2018-dci-arkansas,GE1,p-madden-1,1
2018,2018-dci-arkansas,GE2,j-webb-1,1
2018,2018-dci-arkansas,MA,j-bell-1,1
2018,2018-dci-arkansas,MB,j-denton-1,1
2018,2018-dci-arkansas,MP,m-davis-1,1
2018,2018-dci-arkansas,VA,c-moss-1,1
2018,2018-dci-arkansas,VP,c-nelson-1,1
2018,2018-dci-birmingham,CG,j-sturgeon-1,1
2018,2018-dci-birmingham,GE1,m-turner-1,1
2018,2018-dci-birmingham,GE2,k-turner-1,1
2018,2018-dci-birmingham,MA,k-turner-1,1
2018,2018-dci-birmingham,MA,j-bell-1,1
2018,2018-dci-birmingham,MB,r-isoda-1,1
2018,2018-dci-birmingham,MP,j-wilson-1,1
2018,2018-dci-birmingham,VA,m-turner-1,1
2018,2018-dci-birmingham,VA,k-miller-1,1
2018,2018-dci-birmingham,VP,c-nelson-1,1
2018,2018-dci-central-indiana,CG,m-turner-1,1
2018,2018-dci-central-indiana,GE1,j-howell-1,1
2018,2018-dci-central-indiana,GE2,d-davis-1,1
2018,2018-dci-central-indiana,MA,d-aydelott-1,1
2018,2018-dci-central-indiana,MB,j-denton-1,1
2018,2018-dci-central-indiana,MP,j-queen-1,1
2018,2018-dci-central-indiana,VA,m-gray-1,1
2018,2018-dci-central-indiana,VP,j-orefice-1,1
2018,2018-dci-crossroads,CG,b-spidel-1,1
2018,2018-dci-crossroads,GE1,b-kuhn-1,1
2018,2018-dci-crossroads,GE2,k-weirich-1,1
2018,2018-dci-crossroads,MA,t-johnston-1,1
2018,2018-dci-crossroads,MB,b-crisp-1,1
2018,2018-dci-crossroads,MP,g-fugett-1,1
2018,2018-dci-crossroads,VA,d-deems-1,1
2018,2018-dci-crossroads,VP,j-orefice-1,1
2018,2018-dci-eastern-classic,CG,c-raichle-1,1
2018,2018-dci-eastern-classic,GE1,m-stone-1,1
2018,2018-dci-eastern-classic,GE1,t-ochran-1,2
2018,2018-dci-eastern-classic,GE2,c-hestin-1,1
2018,2018-dci-eastern-classic,GE2,n-jones-1,2
2018,2018-dci-eastern-classic,MA,t-moddison-1,1
2018,2018-dci-eastern-classic,MA,j-webb-1,2
2018,2018-dci-eastern-classic,MB,p-mcgarr-1,1
2018,2018-dci-eastern-classic,MP,j-prosperie-1,1
2018,2018-dci-eastern-classic,VA,j-sturgeon-1,1
2018,2018-dci-eastern-classic,VP,m-turner-1,1
2018,2018-dci-eastern-classic-2,CG,c-raichle-1,1
2018,2018-dci-eastern-classic-2,GE1,m-stone-1,1
2018,2018-dci-eastern-classic-2,GE1,t-ochran-1,2
2018,2018-dci-eastern-classic-2,GE2,c-hestin-1,1
2018,2018-dci-eastern-classic-2,GE2,n-jones-1,2
2018,2018-dci-eastern-classic-2,MA,t-moddison-1,1
2018,2018-dci-eastern-classic-2,MA,j-webb-1,2
2018,2018-dci-eastern-classic-2,MB,p-mcgarr-1,1
2018,2018-dci-eastern-classic-2,MP,j-prosperie-1,1
2018,2018-dci-eastern-classic-2,VA,j-sturgeon-1,1
2018,2018-dci-eastern-classic-2,VP,m-turner-1,1
2018,2018-dci-in-the-heartland,CG,c-raichle-1,1
2018,2018-dci-in-the-heartland,GE1,c-moss-1,1
2018,2018-dci-in-the-heartland,GE2,j-denton-1,1
2018,2018-dci-in-the-heartland,MA,j-webb-1,1
2018,2018-dci-in-the-heartland,MB,p-mcgarr-1,1
2018,2018-dci-in-the-heartland,MP,m-griffin-1,1
2018,2018-dci-in-the-heartland,VA,p-madden-1,1
2018,2018-dci-in-the-heartland,VP,j-gilley-1,1
2018,2018-dci-mesquite,CG,j-gilley-1,1
2018,2018-dci-mesquite,GE1,p-madden-1,1
2018,2018-dci-mesquite,GE2,m-calima-1,1
2018,2018-dci-mesquite,MA,a-dunn-1,1
2018,2018-dci-mesquite,MB,a-lo-1,1
2018,2018-dci-mesquite,MP,m-griffin-1,1
2018,2018-dci-mesquite,VA,c-raichle-1,1
2018,2018-dci-mesquite,VP,c-moss-1,1
2018,2018-dci-midwestern-championship,CG,h-nguyen-1,1
2018,2018-dci-midwestern-championship,GE1,m-stone-1,1
2018,2018-dci-midwestern-championship,GE1,k-turner-1,2
2018,2018-dci-midwestern-championship,GE2,m-anderson-1,1
2018,2018-dci-midwestern-championship,GE2,j-bell-1,2
2018,2018-dci-midwestern-championship,MA,d-davis-1,1
2018,2018-dci-midwestern-championship,MA,p-furnari-1,2
2018,2018-dci-midwestern-championship,MB,a-lo-1,1
2018,2018-dci-midwestern-championship,MP,a-kristensen-1,1
2018,2018-dci-midwestern-championship,VA,k-giese-1,1
2018,2018-dci-midwestern-championship,VP,c-nelson-1,1
2018,2018-dci-minnesota,CG,m-bowers-1,1
2018,2018-dci-minnesota,GE1,m-o-neill-1,1
2018,2018-dci-minnesota,GE2,w-whaley-1,1
2018,2018-dci-minnesota,MA,g-miller-1,1
2018,2018-dci-minnesota,MB,c-armbruster-1,1
2018,2018-dci-minnesota,MP,j-ausdemore-1,1
2018,2018-dci-minnesota,VA,t-ochran-1,1
2018,2018-dci-minnesota,VP,b-jones-1,1
2018,2018-dci-northern-kentucky,CG,b-spidel-1,1
2018,2018-dci-northern-kentucky,GE1,k-miller-1,1
2018,2018-dci-northern-kentucky,GE2,m-calima-1,1
2018,2018-dci-northern-kentucky,MA,m-calima-1,1
2018,2018-dci-northern-kentucky,MA,g-boulden-1,1
2018,2018-dci-northern-kentucky,MB,a-cook-1,1
2018,2018-dci-northern-kentucky,MP,m-davis-1,1
2018,2018-dci-northern-kentucky,VA,k-miller-1,1
2018,2018-dci-northern-kentucky,VA,d-deems-1,1
2018,2018-dci-northern-kentucky,VP,b-thomas-1,1
2018,2018-dci-open-class-world-championship-finals,CG,h-nguyen-1,1
2018,2018-dci-open-class-world-championship-finals,GE1,p-madden-1,1
2018,2018-dci-open-class-world-championship-finals,GE2,n-jones-1,1
2018,2018-dci-open-class-world-championship-finals,MA,k-weirich-1,1
2018,2018-dci-open-class-world-championship-finals,MA,p-furnari-1,2
2018,2018-dci-open-class-world-championship-finals,MB,j-harper-1,1
2018,2018-dci-open-class-world-championship-finals,MP,d-bryan-1,1
2018,2018-dci-open-class-world-championship-finals,VA,k-baker-1,1
2018,2018-dci-open-class-world-championship-finals,VP,c-moss-1,1
2018,2018-dci-open-class-world-championship-prelims,CG,t-wemhoff-1,1
2018,2018-dci-open-class-world-championship-prelims,GE1,m-stone-1,1
2018,2018-dci-open-class-world-championship-prelims,GE2,w-dillon-1,1
2018,2018-dci-open-class-world-championship-prelims,MA,r-greenwell-1,1
2018,2018-dci-open-class-world-championship-prelims,MA,t-hall-1,2
2018,2018-dci-open-class-world-championship-prelims,MB,s-page-1,1
2018,2018-dci-open-class-world-championship-prelims,MP,m-leitzke-1,1
2018,2018-dci-open-class-world-championship-prelims,VA,t-ochran-1,1
2018,2018-dci-open-class-world-championship-prelims,VP,h-bassett-1,1
2018,2018-dci-orlando,CG,m-gray-1,1
2018,2018-dci-orlando,GE1,c-moss-1,1
2018,2018-dci-orlando,GE2,d-carbone-1,1
2018,2018-dci-orlando,MA,m-teal-1,1
2018,2018-dci-orlando,MB,j-mills-1,1
2018,2018-dci-orlando,MP,e-argenziano-1,1
2018,2018-dci-orlando,VA,s-alia-1,1
2018,2018-dci-orlando,VP,a-greene-1,1
2018,2018-dci-pittsburgh,CG,j-howell-1,1
2018,2018-dci-pittsburgh,GE1,c-moss-1,1
2018,2018-dci-pittsburgh,GE2,d-bryan-1,1
2018,2018-dci-pittsburgh,MA,t-fox-1,1
2018,2018-dci-pittsburgh,MB,b-crisp-1,1
2018,2018-dci-pittsburgh,MP,t-mengel-1,1
2018,2018-dci-pittsburgh,VA,t-ochran-1,1
2018,2018-dci-pittsburgh,VP,b-thomas-1,1
2018,2018-dci-southeastern-championship,CG,d-torchia-1,1
2018,2018-dci-southeastern-championship,GE1,p-madden-1,1
2018,2018-dci-southeastern-championship,GE1,m-gray-1,2
2018,2018-dci-southeastern-championship,GE2,g-fugett-1,1
2018,2018-dci-southeastern-championship,GE2,r-saucedo-1,2
2018,2018-dci-southeastern-championship,MA,g-fugett-1,1
2018,2018-dci-southeastern-championship,MA,c-romanowski-1,1
2018,2018-dci-southeastern-championship,MA,d-davis-1,2
2018,2018-dci-southeastern-championship,MB,c-phillips-1,1
2018,2018-dci-southeastern-championship,MP,m-griffin-1,1
2018,2018-dci-southeastern-championship,VA,m-gray-1,1
2018,2018-dci-southeastern-championship,VA,b-kuhn-1,1
2018,2018-dci-southeastern-championship,VP,w-chumley-1,1
2018,2018-dci-southern-alabama,CG,j-missing-1,1
2018,2018-dci-southern-alabama,GE1,a-greene-1,1
2018,2018-dci-southern-alabama,GE2,j-wilson-1,1
2018,2018-dci-southern-alabama,MA,j-bell-1,1
2018,2018-dci-southern-alabama,MB,r-isoda-1,1
2018,2018-dci-southern-alabama,MP,e-argenziano-1,1
2018,2018-dci-southern-alabama,VA,w-chumley-1,1
2018,2018-dci-southern-alabama,VP,b-kuhn-1,1
2018,2018-dci-southern-mississippi,CG,g-oliviero-1,1
2018,2018-dci-southern-mississippi,GE1,m-stone-1,1
2018,2018-dci-southern-mississippi,GE2,e-argenziano-1,1
2018,2018-dci-southern-mississippi,MA,m-waymire-1,1
2018,2018-dci-southern-mississippi,MB,r-isoda-1,1
2018,2018-dci-southern-mississippi,MP,j-wilson-1,1
2018,2018-dci-southern-mississippi,VA,k-giese-1,1
2018,2018-dci-southern-mississippi,VP,m-turner-1,1
2018,2018-dci-southwestern-championship,CG,r-solomon-1,1
2018,2018-dci-southwestern-championship,GE1,j-howell-1,1
2018,2018-dci-southwestern-championship,GE1,k-miller-1,2
2018,2018-dci-southwestern-championship,GE2,j-bell-1,1
2018,2018-dci-southwestern-championship,GE2,c-rothe-1,2
2018,2018-dci-southwestern-championship,MA,j-kennedy-1,1
2018,2018-dci-southwestern-championship,MA,j-davila-1,2
2018,2018-dci-southwestern-championship,MB,s-page-1,1
2018,2018-dci-southwestern-championship,MP,j-ausdemore-1,1
2018,2018-dci-southwestern-championship,VA,m-anderson-1,1
2018,2018-dci-southwestern-championship,VP,j-orefice-1,1
2018,2018-dci-tour-premiere,CG,m-stone-1,1
2018,2018-dci-tour-premiere,GE1,m-gray-1,1
2018,2018-dci-tour-premiere,GE2,r-saucedo-1,1
2018,2018-dci-tour-premiere,MA,c-hestin-1,1
2018,2018-dci-tour-premiere,MB,a-lo-1,1
2018,2018-dci-tour-premiere,MP,m-leitzke-1,1
2018,2018-dci-tour-premiere,VA,t-ochran-1,1
2018,2018-dci-tour-premiere,VP,j-orefice-1,1
2018,2018-dci-west,CG,m-turner-1,1
2018,2018-dci-west,GE1,t-ochran-1,1
2018,2018-dci-west,GE2,w-dillon-1,1
2018,2018-dci-west,MA,a-lo-1,1
2018,2018-dci-west,MB,r-saucedo-1,1
2018,2018-dci-west,MP,j-wilson-1,1
2018,2018-dci-west,VA,g-oliviero-1,1
2018,2018-dci-west,VP,k-miller-1,1
2018,2018-dci-world-championship-finals,CG,m-turner-1,1
2018,2018-dci-world-championship-finals,GE1,k-miller-1,1
2018,2018-dci-world-championship-finals,GE1,t-ochran-1,2
2018,2018-dci-world-championship-finals,GE2,c-rothe-1,1
2018,2018-dci-world-championship-finals,GE2,r-saucedo-1,2
2018,2018-dci-world-championship-finals,MA,d-davis-1,1
2018,2018-dci-world-championship-finals,MA,c-romanowski-1,2
2018,2018-dci-world-championship-finals,MB,c-phillips-1,1
2018,2018-dci-world-championship-finals,MP,a-kristensen-1,1
2018,2018-dci-world-championship-finals,VA,j-sturgeon-1,1
2018,2018-dci-world-championship-finals,VP,r-solomon-1,1
2018,2018-dci-world-championship-prelims,CG,c-raichle-1,1
2018,2018-dci-world-championship-prelims,GE1,m-stone-1,1
2018,2018-dci-world-championship-prelims,GE1,j-howell-1,2
2018,2018-dci-world-championship-prelims,GE2,g-fugett-1,1
2018,2018-dci-world-championship-prelims,GE2,n-jones-1,2
2018,2018-dci-world-championship-prelims,MA,t-moddison-1,1
2018,2018-dci-world-championship-prelims,MA,p-furnari-1,2
2018,2018-dci-world-championship-prelims,MB,a-lo-1,1
2018,2018-dci-world-championship-prelims,MP,j-ausdemore-1,1
2018,2018-dci-world-championship-prelims,VA,b-kuhn-1,1
2018,2018-dci-world-championship-prelims,VP,c-moss-1,1
2018,2018-dci-world-championship-semifinals,CG,w-chumley-1,1
2018,2018-dci-world-championship-semifinals,GE1,m-anderson-1,1
2018,2018-dci-world-championship-semifinals,GE1,m-gray-1,2
2018,2018-dci-world-championship-semifinals,GE2,c-hestin-1,1
2018,2018-dci-world-championship-semifinals,GE2,j-bell-1,2
2018,2018-dci-world-championship-semifinals,MA,j-kennedy-1,1
2018,2018-dci-world-championship-semifinals,MA,j-davila-1,2
2018,2018-dci-world-championship-semifinals,MB,p-mcgarr-1,1
2018,2018-dci-world-championship-semifinals,MP,m-griffin-1,1
2018,2018-dci-world-championship-semifinals,VA,g-oliviero-1,1
2018,2018-dci-world-championship-semifinals,VP,j-orefice-1,1
2018,2018-diablo-valley-classic-pacific-open-class-championship,CG,h-nguyen-1,1
2018,2018-diablo-valley-classic-pacific-open-class-championship,GE1,c-nelson-1,1
2018,2018-diablo-valley-classic-pacific-open-class-championship,GE2,a-kristensen-1,1
2018,2018-diablo-valley-classic-pacific-open-class-championship,MA,t-moddison-1,1
2018,2018-diablo-valley-classic-pacific-open-class-championship,MB,w-dillon-1,1
2018,2018-diablo-valley-classic-pacific-open-class-championship,MP,j-wilson-1,1
2018,2018-diablo-valley-classic-pacific-open-class-championship,VA,k-baker-1,1
2018,2018-diablo-valley-classic-pacific-open-class-championship,VP,e-martinez-1,1
2018,2018-drum-corps-an-american-tradition,CG,c-dillon-1,1
2018,2018-drum-corps-an-american-tradition,GE1,m-kelly-1,1
2018,2018-drum-corps-an-american-tradition,GE2,t-mengel-1,1
2018,2018-drum-corps-an-american-tradition,MA,t-west-1,1
2018,2018-drum-corps-an-american-tradition,MB,w-dillon-1,1
2018,2018-drum-corps-an-american-tradition,MP,j-prosperie-1,1
2018,2018-drum-corps-an-american-tradition,VA,s-adamo-1,1
2018,2018-drum-corps-an-american-tradition,VP,m-thompson-1,1
2018,2018-drum-corps-an-american-tradition-annapolis,CG,m-bowers-1,1
2018,2018-drum-corps-an-american-tradition-annapolis,GE1,g-oliviero-1,1
2018,2018-drum-corps-an-american-tradition-annapolis,GE2,s-calhoun-1,1
2018,2018-drum-corps-an-american-tradition-annapolis,MA,c-romanowski-1,1
2018,2018-drum-corps-an-american-tradition-annapolis,MB,r-rios-1,1
2018,2018-drum-corps-an-american-tradition-annapolis,MP,j-brooks-1,1
2018,2018-drum-corps-an-american-tradition-annapolis,VA,b-mascaro-1,1
2018,2018-drum-corps-an-american-tradition-annapolis,VP,j-howell-1,1
2018,2018-drum-corps-at-the-rose-bowl,CG,r-solomon-1,1
2018,2018-drum-corps-at-the-rose-bowl,GE1,m-stone-1,1
2018,2018-drum-corps-at-the-rose-bowl,GE2,n-jones-1,1
2018,2018-drum-corps-at-the-rose-bowl,MA,j-davila-1,1
2018,2018-drum-corps-at-the-rose-bowl,MB,c-phillips-1,1
2018,2018-drum-corps-at-the-rose-bowl,MP,m-leitzke-1,1
2018,2018-drum-corps-at-the-rose-bowl,VA,s-chumley-1,1
2018,2018-drum-corps-at-the-rose-bowl,VP,j-sturgeon-1,1
2018,2018-drum-corps-mid-america,CG,j-gilley-1,1
2018,2018-drum-corps-mid-america,GE1,a-combites-1,1
2018,2018-drum-corps-mid-america,GE2,t-hall-1,1
2018,2018-drum-corps-mid-america,MA,k-weirich-1,1
2018,2018-drum-corps-mid-america,MB,s-page-1,1
2018,2018-drum-corps-mid-america,MP,g-howarth-1,1
2018,2018-drum-corps-mid-america,VA,k-baker-1,1
2018,2018-drum-corps-mid-america,VP,unknown-unknown-1,1
2018,2018-drums-across-america,CG,unknown-unknown-1,3
2018,2018-drums-across-america,GE1,d-torchia-1,1
2018,2018-drums-across-america,GE2,c-phillips-1,1
2018,2018-drums-across-america,MA,c-romanowski-1,1
2018,2018-drums-across-america,MB,j-mills-1,1
2018,2018-drums-across-america,MP,j-prosperie-1,1
2018,2018-drums-across-america,VA,r-kemp-1,1
2018,2018-drums-across-america,VP,a-greene-1,1
2018,2018-drums-across-america-valdosta,CG,a-greene-1,1
2018,2018-drums-across-america-valdosta,GE1,r-kemp-1,1
2018,2018-drums-across-america-valdosta,GE2,j-harper-1,1
2018,2018-drums-across-america-valdosta,MA,j-mills-1,1
2018,2018-drums-across-america-valdosta,MB,c-phillips-1,1
2018,2018-drums-across-america-valdosta,MP,j-prosperie-1,1
2018,2018-drums-across-america-valdosta,VA,d-torchia-1,1
2018,2018-drums-across-america-valdosta,VP,unknown-unknown-1,1
2018,2018-drums-across-cajun-field,CG,m-turner-1,1
2018,2018-drums-across-cajun-field,GE1,m-stone-1,1
2018,2018-drums-across-cajun-field,GE2,e-argenziano-1,1
2018,2018-drums-across-cajun-field,MA,m-waymire-1,1
2018,2018-drums-across-cajun-field,MB,p-mcgarr-1,1
2018,2018-drums-across-cajun-field,MP,j-prosperie-1,1
2018,2018-drums-across-cajun-field,VA,k-giese-1,1
2018,2018-drums-across-cajun-field,VP,g-oliviero-1,1
2018,2018-drums-across-kansas,CG,m-bowers-1,1
2018,2018-drums-across-kansas,GE1,c-church-1,1
2018,2018-drums-across-kansas,GE2,j-bell-1,1
2018,2018-drums-across-kansas,MA,d-davis-1,1
2018,2018-drums-across-kansas,MB,s-page-1,1
2018,2018-drums-across-kansas,MP,m-davis-1,1
2018,2018-drums-across-kansas,VA,d-torchia-1,1
2018,2018-drums-across-kansas,VP,j-howell-1,1
2018,2018-drums-across-the-desert,CG,k-miller-1,1
2018,2018-drums-across-the-desert,GE1,s-chumley-1,1
2018,2018-drums-across-the-desert,GE2,n-jones-1,1
2018,2018-drums-across-the-desert,MA,j-davila-1,1
2018,2018-drums-across-the-desert,MB,m-rubino-1,1
2018,2018-drums-across-the-desert,MP,b-williams-1,1
2018,2018-drums-across-the-desert,VA,c-nelson-1,1
2018,2018-drums-across-the-desert,VP,j-missing-1,1
2018,2018-drums-across-the-river-region,CG,c-dillon-1,1
2018,2018-drums-across-the-river-region,GE1,s-alia-1,1
2018,2018-drums-across-the-river-region,GE2,m-calima-1,1
2018,2018-drums-across-the-river-region,MA,m-calima-1,1
2018,2018-drums-across-the-river-region,MA,a-dunn-1,1
2018,2018-drums-across-the-river-region,MB,m-hoskins-1,1
2018,2018-drums-across-the-river-region,MP,m-davis-1,1
2018,2018-drums-across-the-river-region,VA,s-alia-1,1
2018,2018-drums-across-the-river-region,VA,a-greene-1,1
2018,2018-drums-across-the-river-region,VP,unknown-unknown-1,1
2018,2018-drums-across-the-smokies,CG,unknown-unknown-1,3
2018,2018-drums-across-the-smokies,GE1,d-torchia-1,1
2018,2018-drums-across-the-smokies,GE2,g-fugett-1,1
2018,2018-drums-across-the-smokies,MA,n-jones-1,1
2018,2018-drums-across-the-smokies,MB,unknown-unknown-1,1
2018,2018-drums-across-the-smokies,MP,m-griffin-1,1
2018,2018-drums-across-the-smokies,VA,s-alia-1,1
2018,2018-drums-across-the-smokies,VP,a-greene-1,1
2018,2018-drums-across-the-tri-state,CG,m-gray-1,1
2018,2018-drums-across-the-tri-state,GE1,b-thomas-1,1
2018,2018-drums-across-the-tri-state,GE2,b-fabrizio-1,1
2018,2018-drums-across-the-tri-state,MA,r-rios-1,1
2018,2018-drums-across-the-tri-state,MB,g-boulden-1,1
2018,2018-drums-across-the-tri-state,MP,m-davis-1,1
2018,2018-drums-across-the-tri-state,VA,b-kuhn-1,1
2018,2018-drums-across-the-tri-state,VP,unknown-unknown-1,1
2018,2018-drums-along-the-mississippi,CG,d-deems-1,1
2018,2018-drums-along-the-mississippi,GE1,c-church-1,1
2018,2018-drums-along-the-mississippi,GE2,b-crisp-1,1
2018,2018-drums-along-the-mississippi,MA,g-boulden-1,1
2018,2018-drums-along-the-mississippi,MB,k-turner-1,1
2018,2018-drums-along-the-mississippi,MP,m-davis-1,1
2018,2018-drums-along-the-mississippi,VA,t-wemhoff-1,1
2018,2018-drums-along-the-mississippi,VP,b-jones-1,1
2018,2018-drums-along-the-mohawk,CG,m-thompson-1,1
2018,2018-drums-along-the-mohawk,GE1,b-thomas-1,1
2018,2018-drums-along-the-mohawk,GE2,d-orser-1,1
2018,2018-drums-along-the-mohawk,MA,t-hall-1,1
2018,2018-drums-along-the-mohawk,MB,b-fabrizio-1,1
2018,2018-drums-along-the-mohawk,MP,m-griffin-1,1
2018,2018-drums-along-the-mohawk,VA,j-howell-1,1
2018,2018-drums-along-the-mohawk,VP,m-turner-1,1
2018,2018-drums-along-the-rockies,CG,m-thompson-1,1
2018,2018-drums-along-the-rockies,GE1,c-costanza-1,1
2018,2018-drums-along-the-rockies,GE2,k-turner-1,1
2018,2018-drums-along-the-rockies,MA,p-furnari-1,1
2018,2018-drums-along-the-rockies,MB,a-lo-1,1
2018,2018-drums-along-the-rockies,MP,a-kristensen-1,1
2018,2018-drums-along-the-rockies,VA,k-baker-1,1
2018,2018-drums-along-the-rockies,VP,w-chumley-1,1
2018,2018-drums-of-fire,CG,r-solomon-1,1
2018,2018-drums-of-fire,GE1,p-madden-1,1
2018,2018-drums-of-fire,GE2,g-howarth-1,1
2018,2018-drums-of-fire,MA,p-haines-1,1
2018,2018-drums-of-fire,MB,m-waymire-1,1
2018,2018-drums-of-fire,MP,m-griffin-1,1
2018,2018-drums-of-fire,VA,r-comfort-1,1
2018,2018-drums-of-fire,VP,c-nelson-1,1
2018,2018-drums-on-parade,CG,k-kuhn-1,1
2018,2018-drums-on-parade,GE1,r-kemp-1,1
2018,2018-drums-on-parade,GE2,a-dunn-1,1
2018,2018-drums-on-parade,MA,j-webb-1,1
2018,2018-drums-on-parade,MB,c-marra-1,1
2018,2018-drums-on-parade,MP,c-rapacki-1,1
2018,2018-drums-on-parade,VA,b-kuhn-1,1
2018,2018-drums-on-parade,VP,c-quamme-1,1
2018,2018-east-coast-classic,CG,c-raichle-1,1
2018,2018-east-coast-classic,GE1,m-kelly-1,1
2018,2018-east-coast-classic,GE2,j-kennedy-1,1
2018,2018-east-coast-classic,MA,s-halquist-1,1
2018,2018-east-coast-classic,MB,t-west-1,1
2018,2018-east-coast-classic,MP,t-mengel-1,1
2018,2018-east-coast-classic,VA,d-torchia-1,1
2018,2018-east-coast-classic,VP,c-moss-1,1
2018,2018-east-troy-showcase,CG,c-dillon-1,1
2018,2018-east-troy-showcase,GE1,unknown-unknown-1,1
2018,2018-east-troy-showcase,GE2,j-kennedy-1,1
2018,2018-east-troy-showcase,MA,k-weirich-1,1
2018,2018-east-troy-showcase,MB,c-marra-1,1
2018,2018-east-troy-showcase,MP,j-ausdemore-1,1
2018,2018-east-troy-showcase,VA,d-deems-1,1
2018,2018-east-troy-showcase,VP,j-gilley-1,1
2018,2018-gold-showcase,CG,r-solomon-1,1
2018,2018-gold-showcase,GE1,t-wemhoff-1,1
2018,2018-gold-showcase,GE2,j-harper-1,1
2018,2018-gold-showcase,MA,j-ausdemore-1,1
2018,2018-gold-showcase,MB,r-greenwell-1,1
2018,2018-gold-showcase,MP,m-leitzke-1,1
2018,2018-gold-showcase,VA,e-martinez-1,1
2018,2018-gold-showcase,VP,m-o-neill-1,1
2018,2018-innovations-in-brass,CG,m-bowers-1,1
2018,2018-innovations-in-brass,GE1,m-stone-1,1
2018,2018-innovations-in-brass,GE2,c-hestin-1,1
2018,2018-innovations-in-brass,MA,g-fugett-1,1
2018,2018-innovations-in-brass,MB,c-marra-1,1
2018,2018-innovations-in-brass,MP,g-howarth-1,1
2018,2018-innovations-in-brass,VA,j-howell-1,1
2018,2018-innovations-in-brass,VP,j-sturgeon-1,1
2018,2018-lake-erie-fanfare,CG,h-nguyen-1,1
2018,2018-lake-erie-fanfare,GE1,j-howell-1,1
2018,2018-lake-erie-fanfare,GE2,t-mengel-1,1
2018,2018-lake-erie-fanfare,MA,g-howarth-1,1
2018,2018-lake-erie-fanfare,MB,d-orser-1,1
2018,2018-lake-erie-fanfare,MP,d-bryan-1,1
2018,2018-lake-erie-fanfare,VA,b-thomas-1,1
2018,2018-lake-erie-fanfare,VP,c-moss-1,1
2018,2018-legends-drum-corps-invitational,CG,k-kuhn-1,1
2018,2018-legends-drum-corps-invitational,GE1,b-kuhn-1,1
2018,2018-legends-drum-corps-invitational,GE2,b-fabrizio-1,1
2018,2018-legends-drum-corps-invitational,MA,b-fabrizio-1,1
2018,2018-legends-drum-corps-invitational,MA,p-furnari-1,1
2018,2018-legends-drum-corps-invitational,MB,c-marra-1,1
2018,2018-legends-drum-corps-invitational,MP,m-griffin-1,1
2018,2018-legends-drum-corps-invitational,VA,b-kuhn-1,1
2018,2018-legends-drum-corps-invitational,VA,m-gray-1,1
2018,2018-legends-drum-corps-invitational,VP,j-orefice-1,1
2018,2018-legends-drum-corps-open,CG,h-nguyen-1,1
2018,2018-legends-drum-corps-open,GE1,p-madden-1,1
2018,2018-legends-drum-corps-open,GE2,j-bell-1,1
2018,2018-legends-drum-corps-open,MA,t-hall-1,1
2018,2018-legends-drum-corps-open,MB,j-harper-1,1
2018,2018-legends-drum-corps-open,MP,m-leitzke-1,1
2018,2018-legends-drum-corps-open,VA,c-moss-1,1
2018,2018-legends-drum-corps-open,VP,h-bassett-1,1
2018,2018-march-on,CG,h-nguyen-1,1
2018,2018-march-on,GE1,a-combites-1,1
2018,2018-march-on,GE2,n-jones-1,1
2018,2018-march-on,MA,n-jones-1,1
2018,2018-march-on,MA,r-greenwell-1,1
2018,2018-march-on,MB,c-armbruster-1,1
2018,2018-march-on,MP,m-leitzke-1,1
2018,2018-march-on,VA,a-combites-1,1
2018,2018-march-on,VA,r-comfort-1,1
2018,2018-march-on,VP,h-bassett-1,1
2018,2018-metamora-music-in-motion,CG,h-nguyen-1,1
2018,2018-metamora-music-in-motion,GE1,p-madden-1,1
2018,2018-metamora-music-in-motion,GE2,j-bell-1,1
2018,2018-metamora-music-in-motion,MA,t-hall-1,1
2018,2018-metamora-music-in-motion,MB,j-harper-1,1
2018,2018-metamora-music-in-motion,MP,m-leitzke-1,1
2018,2018-metamora-music-in-motion,VA,c-moss-1,1
2018,2018-metamora-music-in-motion,VP,h-bassett-1,1
2018,2018-midcal-champions-showcase,CG,g-oliviero-1,1
2018,2018-midcal-champions-showcase,GE1,k-miller-1,1
2018,2018-midcal-champions-showcase,GE2,r-saucedo-1,1
2018,2018-midcal-champions-showcase,MA,w-dillon-1,1
2018,2018-midcal-champions-showcase,MB,a-lo-1,1
2018,2018-midcal-champions-showcase,MP,a-kristensen-1,1
2018,2018-midcal-champions-showcase,VA,t-ochran-1,1
2018,2018-midcal-champions-showcase,VP,m-turner-1,1
2018,2018-moonlight-classic,CG,k-miller-1,1
2018,2018-moonlight-classic,GE1,g-oliviero-1,1
2018,2018-moonlight-classic,GE2,a-lo-1,1
2018,2018-moonlight-classic,MA,j-wilson-1,1
2018,2018-moonlight-classic,MB,w-dillon-1,1
2018,2018-moonlight-classic,MP,a-kristensen-1,1
2018,2018-moonlight-classic,VA,t-ochran-1,1
2018,2018-moonlight-classic,VP,m-turner-1,1
2018,2018-music-on-the-mountain,CG,m-thompson-1,1
2018,2018-music-on-the-mountain,GE1,b-thomas-1,1
2018,2018-music-on-the-mountain,GE2,b-fabrizio-1,1
2018,2018-music-on-the-mountain,MA,m-calima-1,1
2018,2018-music-on-the-mountain,MB,s-halquist-1,1
2018,2018-music-on-the-mountain,MP,p-furnari-1,1
2018,2018-music-on-the-mountain,VA,j-howell-1,1
2018,2018-music-on-the-mountain,VP,k-kuhn-1,1
2018,2018-music-on-the-move,CG,c-dillon-1,1
2018,2018-music-on-the-move,GE1,r-kemp-1,1
2018,2018-music-on-the-move,GE2,m-calima-1,1
2018,2018-music-on-the-move,MA,a-kristensen-1,1
2018,2018-music-on-the-move,MB,r-ellis-1,1
2018,2018-music-on-the-move,MP,t-mengel-1,1
2018,2018-music-on-the-move,VA,k-giese-1,1
2018,2018-music-on-the-move,VP,k-baker-1,1
2018,2018-nightbeat-tour-of-champions,CG,m-stone-1,1
2018,2018-nightbeat-tour-of-champions,GE1,g-oliviero-1,1
2018,2018-nightbeat-tour-of-champions,GE2,d-carbone-1,1
2018,2018-nightbeat-tour-of-champions,MA,j-harper-1,1
2018,2018-nightbeat-tour-of-champions,MB,g-boulden-1,1
2018,2018-nightbeat-tour-of-champions,MP,m-davis-1,1
2018,2018-nightbeat-tour-of-champions,VA,w-chumley-1,1
2018,2018-nightbeat-tour-of-champions,VP,b-mascaro-1,1
2018,2018-pageant-of-drums,CG,b-kuhn-1,1
2018,2018-pageant-of-drums,GE1,m-stone-1,1
2018,2018-pageant-of-drums,GE2,r-rios-1,1
2018,2018-pageant-of-drums,MA,g-howarth-1,1
2018,2018-pageant-of-drums,MB,m-hoskins-1,1
2018,2018-pageant-of-drums,MP,g-fugett-1,1
2018,2018-pageant-of-drums,VA,w-chumley-1,1
2018,2018-pageant-of-drums,VP,k-kuhn-1,1
2018,2018-petunia-city-brass,CG,h-nguyen-1,1
2018,2018-petunia-city-brass,GE1,r-comfort-1,1
2018,2018-petunia-city-brass,GE2,n-jones-1,1
2018,2018-petunia-city-brass,MA,r-greenwell-1,1
2018,2018-petunia-city-brass,MB,c-armbruster-1,1
2018,2018-petunia-city-brass,MP,m-leitzke-1,1
2018,2018-petunia-city-brass,VA,k-baker-1,1
2018,2018-petunia-city-brass,VP,h-bassett-1,1
2018,2018-resound,CG,k-baker-1,1
2018,2018-resound,GE1,e-martinez-1,1
2018,2018-resound,GE2,w-dillon-1,1
2018,2018-resound,MA,j-wilson-1,1
2018,2018-resound,MB,t-moddison-1,1
2018,2018-resound,MP,a-kristensen-1,1
2018,2018-resound,VA,c-nelson-1,1
2018,2018-resound,VP,h-nguyen-1,1
2018,2018-river-city-rhapsody-la-crosse,CG,h-nguyen-1,1
2018,2018-river-city-rhapsody-la-crosse,GE1,t-wemhoff-1,1
2018,2018-river-city-rhapsody-la-crosse,GE2,d-aydelott-1,1
2018,2018-river-city-rhapsody-la-crosse,MA,d-aydelott-1,1
2018,2018-river-city-rhapsody-la-crosse,MA,t-dempsey-1,1
2018,2018-river-city-rhapsody-la-crosse,MB,s-calhoun-1,1
2018,2018-river-city-rhapsody-la-crosse,MP,m-teal-1,1
2018,2018-river-city-rhapsody-la-crosse,VA,t-wemhoff-1,1
2018,2018-river-city-rhapsody-la-crosse,VA,unknown-unknown-1,1
2018,2018-river-city-rhapsody-la-crosse,VP,a-combites-1,1
2018,2018-river-city-rhapsody-rochester,CG,t-ochran-1,1
2018,2018-river-city-rhapsody-rochester,GE1,b-jones-1,1
2018,2018-river-city-rhapsody-rochester,GE2,c-armbruster-1,1
2018,2018-river-city-rhapsody-rochester,MA,c-armbruster-1,1
2018,2018-river-city-rhapsody-rochester,MA,j-ausdemore-1,1
2018,2018-river-city-rhapsody-rochester,MB,w-whaley-1,1
2018,2018-river-city-rhapsody-rochester,MP,m-davis-1,1
2018,2018-river-city-rhapsody-rochester,VA,b-jones-1,1
2018,2018-river-city-rhapsody-rochester,VA,m-bowers-1,1
2018,2018-river-city-rhapsody-rochester,VP,m-o-neill-1,1
2018,2018-seattle-summer-music-games,CG,p-madden-1,1
2018,2018-seattle-summer-music-games,GE1,r-solomon-1,1
2018,2018-seattle-summer-music-games,GE2,m-waymire-1,1
2018,2018-seattle-summer-music-games,MA,m-griffin-1,1
2018,2018-seattle-summer-music-games,MB,p-haines-1,1
2018,2018-seattle-summer-music-games,MP,g-howarth-1,1
2018,2018-seattle-summer-music-games,VA,c-nelson-1,1
2018,2018-seattle-summer-music-games,VP,r-comfort-1,1
2018,2018-shoremen-brass-classic,CG,d-deems-1,1
2018,2018-shoremen-brass-classic,GE1,t-wemhoff-1,1
2018,2018-shoremen-brass-classic,GE2,w-dillon-1,1
2018,2018-shoremen-brass-classic,MA,p-furnari-1,1
2018,2018-shoremen-brass-classic,MB,s-page-1,1
2018,2018-shoremen-brass-classic,MP,d-bryan-1,1
2018,2018-shoremen-brass-classic,VA,k-baker-1,1
2018,2018-shoremen-brass-classic,VP,j-gilley-1,1
2018,2018-show-of-shows,CG,c-quamme-1,1
2018,2018-show-of-shows,GE1,r-kemp-1,1
2018,2018-show-of-shows,GE2,g-miller-1,1
2018,2018-show-of-shows,MA,w-whaley-1,1
2018,2018-show-of-shows,MB,a-cook-1,1
2018,2018-show-of-shows,MP,m-davis-1,1
2018,2018-show-of-shows,VA,k-giese-1,1
2018,2018-show-of-shows,VP,j-orefice-1,1
2018,2018-so-cal-classic,CG,t-wemhoff-1,1
2018,2018-so-cal-classic,GE1,e-martinez-1,1
2018,2018-so-cal-classic,GE2,r-greenwell-1,1
2018,2018-so-cal-classic,MA,m-leitzke-1,1
2018,2018-so-cal-classic,MB,j-harper-1,1
2018,2018-so-cal-classic,MP,j-ausdemore-1,1
2018,2018-so-cal-classic,VA,m-o-neill-1,1
2018,2018-so-cal-classic,VP,r-solomon-1,1
2018,2018-soaring-sounds,CG,m-bowers-1,1
2018,2018-soaring-sounds,GE1,d-deems-1,1
2018,2018-soaring-sounds,GE2,r-greenwell-1,1
2018,2018-soaring-sounds,MA,r-greenwell-1,1
2018,2018-soaring-sounds,MA,j-webb-1,1
2018,2018-soaring-sounds,MB,b-crisp-1,1
2018,2018-soaring-sounds,MP,t-hall-1,1
2018,2018-soaring-sounds,VA,d-deems-1,1
2018,2018-soaring-sounds,VA,j-howell-1,1
2018,2018-soaring-sounds,VP,k-kuhn-1,1
2018,2018-summer-music-games-in-cincinnati,CG,m-bowers-1,1
2018,2018-summer-music-games-in-cincinnati,GE1,b-spidel-1,1
2018,2018-summer-music-games-in-cincinnati,GE2,r-isoda-1,1
2018,2018-summer-music-games-in-cincinnati,MA,r-isoda-1,1
2018,2018-summer-music-games-in-cincinnati,MA,m-hoskins-1,1
2018,2018-summer-music-games-in-cincinnati,MB,r-rios-1,1
2018,2018-summer-music-games-in-cincinnati,MP,j-brooks-1,1
2018,2018-summer-music-games-in-cincinnati,VA,b-spidel-1,1
2018,2018-summer-music-games-in-cincinnati,VA,w-chumley-1,1
2018,2018-summer-music-games-in-cincinnati,VP,d-deems-1,1
2018,2018-the-beanpot,CG,c-moss-1,1
2018,2018-the-beanpot,GE1,m-kelly-1,1
2018,2018-the-beanpot,GE2,t-west-1,1
2018,2018-the-beanpot,MA,t-mengel-1,1
2018,2018-the-beanpot,MB,w-dillon-1,1
2018,2018-the-beanpot,MP,p-furnari-1,1
2018,2018-the-beanpot,VA,c-raichle-1,1
2018,2018-the-beanpot,VP,j-missing-1,1
2018,2018-the-masters-of-the-summer-music-games,CG,j-sturgeon-1,1
2018,2018-the-masters-of-the-summer-music-games,GE1,m-gray-1,1
2018,2018-the-masters-of-the-summer-music-games,GE2,n-jones-1,1
2018,2018-the-masters-of-the-summer-music-games,MA,j-davila-1,1
2018,2018-the-masters-of-the-summer-music-games,MB,d-aydelott-1,1
2018,2018-the-masters-of-the-summer-music-games,MP,m-leitzke-1,1
2018,2018-the-masters-of-the-summer-music-games,VA,c-nelson-1,1
2018,2018-the-masters-of-the-summer-music-games,VP,r-solomon-1,1
2018,2018-the-northwoods-encore,CG,r-kemp-1,1
2018,2018-the-northwoods-encore,GE1,k-giese-1,1
2018,2018-the-northwoods-encore,GE2,t-fox-1,1
2018,2018-the-northwoods-encore,MA,a-cook-1,1
2018,2018-the-northwoods-encore,MB,j-missing-1,1
2018,2018-the-northwoods-encore,MB,g-miller-1,1
2018,2018-the-northwoods-encore,MP,c-rapacki-1,1
2018,2018-the-northwoods-encore,VA,j-orefice-1,1
2018,2018-the-northwoods-encore,VP,c-quamme-1,1
2018,2018-the-thunder-of-drums,CG,a-combites-1,1
2018,2018-the-thunder-of-drums,GE1,h-nguyen-1,1
2018,2018-the-thunder-of-drums,GE2,c-armbruster-1,1
2018,2018-the-thunder-of-drums,MA,s-calhoun-1,1
2018,2018-the-thunder-of-drums,MB,g-miller-1,1
2018,2018-the-thunder-of-drums,MP,t-dempsey-1,1
2018,2018-the-thunder-of-drums,VA,t-wemhoff-1,1
2018,2018-the-thunder-of-drums,VP,unknown-unknown-1,1
2018,2018-the-whitewater-classic,CG,k-kuhn-1,1
2018,2018-the-whitewater-classic,GE1,a-combites-1,1
2018,2018-the-whitewater-classic,GE2,m-hoskins-1,1
2018,2018-the-whitewater-classic,MA,r-rios-1,1
2018,2018-the-whitewater-classic,MB,r-isoda-1,1
2018,2018-the-whitewater-classic,MP,m-leitzke-1,1
2018,2018-the-whitewater-classic,VA,b-kuhn-1,1
2018,2018-the-whitewater-classic,VP,w-chumley-1,1
2018,2018-tour-of-champions-chester,CG,m-turner-1,1
2018,2018-tour-of-champions-chester,GE1,j-howell-1,1
2018,2018-tour-of-champions-chester,GE2,t-moddison-1,1
2018,2018-tour-of-champions-chester,MA,t-moddison-1,1
2018,2018-tour-of-champions-chester,MA,g-markham-1,1
2018,2018-tour-of-champions-chester,MB,b-fabrizio-1,1
2018,2018-tour-of-champions-chester,MP,m-griffin-1,1
2018,2018-tour-of-champions-chester,VA,j-howell-1,1
2018,2018-tour-of-champions-chester,VA,m-kelly-1,1
2018,2018-tour-of-champions-chester,VP,m-thompson-1,1
2018,2018-tour-of-champions-drums-along-the-waterfront,CG,m-kelly-1,1
2018,2018-tour-of-champions-drums-along-the-waterfront,GE1,s-adamo-1,1
2018,2018-tour-of-champions-drums-along-the-waterfront,GE2,j-kennedy-1,1
2018,2018-tour-of-champions-drums-along-the-waterfront,MA,k-turner-1,1
2018,2018-tour-of-champions-drums-along-the-waterfront,MB,d-orser-1,1
2018,2018-tour-of-champions-drums-along-the-waterfront,MP,m-griffin-1,1
2018,2018-tour-of-champions-drums-along-the-waterfront,VA,b-mascaro-1,1
2018,2018-tour-of-champions-drums-along-the-waterfront,VP,h-bassett-1,1
2018,2018-tour-of-champions-massillon,CG,s-adamo-1,1
2018,2018-tour-of-champions-massillon,GE1,m-kelly-1,1
2018,2018-tour-of-champions-massillon,GE2,r-isoda-1,1
2018,2018-tour-of-champions-massillon,MA,j-davila-1,1
2018,2018-tour-of-champions-massillon,MB,c-phillips-1,1
2018,2018-tour-of-champions-massillon,MP,a-kristensen-1,1
2018,2018-tour-of-champions-massillon,VA,k-baker-1,1
2018,2018-tour-of-champions-massillon,VP,b-mascaro-1,1
2018,2018-tour-of-champions-northern-illinois,CG,h-nguyen-1,1
2018,2018-tour-of-champions-northern-illinois,GE1,k-giese-1,1
2018,2018-tour-of-champions-northern-illinois,GE2,c-rothe-1,1
2018,2018-tour-of-champions-northern-illinois,MA,e-argenziano-1,1
2018,2018-tour-of-champions-northern-illinois,MB,r-isoda-1,1
2018,2018-tour-of-champions-northern-illinois,MP,g-fugett-1,1
2018,2018-tour-of-champions-northern-illinois,VA,m-anderson-1,1
2018,2018-tour-of-champions-northern-illinois,VP,c-nelson-1,1
2018,2018-tour-of-champions-oklahoma,CG,j-howell-1,1
2018,2018-tour-of-champions-oklahoma,GE1,p-madden-1,1
2018,2018-tour-of-champions-oklahoma,GE2,j-bell-1,1
2018,2018-tour-of-champions-oklahoma,MA,j-davila-1,1
2018,2018-tour-of-champions-oklahoma,MB,s-page-1,1
2018,2018-tour-of-champions-oklahoma,MP,m-davis-1,1
2018,2018-tour-of-champions-oklahoma,VA,d-torchia-1,1
2018,2018-tour-of-champions-oklahoma,VP,j-gilley-1,1
2018,2018-tour-of-champions-texas,CG,d-torchia-1,1
2018,2018-tour-of-champions-texas,GE1,m-anderson-1,1
2018,2018-tour-of-champions-texas,GE2,m-mcgahey-1,1
2018,2018-tour-of-champions-texas,MA,a-dunn-1,1
2018,2018-tour-of-champions-texas,MB,r-ellis-1,1
2018,2018-tour-of-champions-texas,MP,t-dempsey-1,1
2018,2018-tour-of-champions-texas,VA,b-kuhn-1,1
2018,2018-tour-of-champions-texas,VP,c-moss-1,1
2018,2018-tournament-of-drums,CG,d-deems-1,1
2018,2018-tournament-of-drums,GE1,t-wemhoff-1,1
2018,2018-tournament-of-drums,GE2,w-dillon-1,1
2018,2018-tournament-of-drums,MA,p-furnari-1,1
2018,2018-tournament-of-drums,MB,s-page-1,1
2018,2018-tournament-of-drums,MP,d-bryan-1,1
2018,2018-tournament-of-drums,VA,k-baker-1,1
2018,2018-tournament-of-drums,VP,j-gilley-1,1
2018,2018-western-corps-connection,CG,s-chumley-1,1
2018,2018-western-corps-connection,GE1,r-solomon-1,1
2018,2018-western-corps-connection,GE2,m-leitzke-1,1
2018,2018-western-corps-connection,MA,n-jones-1,1
2018,2018-western-corps-connection,MB,c-phillips-1,1
2018,2018-western-corps-connection,MP,j-davila-1,1
2018,2018-western-corps-connection,VA,j-sturgeon-1,1
2018,2018-western-corps-connection,VP,m-stone-1,1
2019,2019-atlanta-brass-classic,CG,d-padilla-1,1
2019,2019-atlanta-brass-classic,GE1,m-stone-1,1
2019,2019-atlanta-brass-classic,GE2,r-saucedo-1,1
2019,2019-atlanta-brass-classic,MA,m-waymire-1,1
2019,2019-atlanta-brass-classic,MB,s-page-1,1
2019,2019-atlanta-brass-classic,MP,t-hall-1,1
2019,2019-atlanta-brass-classic,VA,m-gray-1,1
2019,2019-atlanta-brass-classic,VP,c-clayton-fisher-1,1
2019,2019-brass-impact,CG,j-howell-1,1
2019,2019-brass-impact,GE1,b-kuhn-1,1
2019,2019-brass-impact,GE2,j-bell-1,1
2019,2019-brass-impact,MA,r-saucedo-1,1
2019,2019-brass-impact,MB,a-cook-1,1
2019,2019-brass-impact,MP,t-hall-1,1
2019,2019-brass-impact,VA,c-church-1,1
2019,2019-brass-impact,VP,j-gilley-1,1
2019,2019-cavalcade-of-brass,CG,r-solomon-1,1
2019,2019-cavalcade-of-brass,GE1,m-o-neill-1,1
2019,2019-cavalcade-of-brass,GE2,k-young-1,1
2019,2019-cavalcade-of-brass,MA,g-miller-1,1
2019,2019-cavalcade-of-brass,MB,a-lo-1,1
2019,2019-cavalcade-of-brass,MP,p-furnari-1,1
2019,2019-cavalcade-of-brass,VA,r-kemp-1,1
2019,2019-cavalcade-of-brass,VP,unknown-unknown-1,1
2019,2019-celebration-in-brass,CG,c-quamme-1,1
2019,2019-celebration-in-brass,GE1,b-kuhn-1,1
2019,2019-celebration-in-brass,GE2,m-waymire-1,1
2019,2019-celebration-in-brass,MA,d-davis-1,1
2019,2019-celebration-in-brass,MB,d-argul-1,1
2019,2019-celebration-in-brass,MP,m-leitzke-1,1
2019,2019-celebration-in-brass,VA,unknown-unknown-1,2
2019,2019-celebration-in-brass,VP,k-kuhn-1,1
2019,2019-corps-at-the-crest-san-diego,CG,k-miller-1,1
2019,2019-corps-at-the-crest-san-diego,GE1,r-solomon-1,1
2019,2019-corps-at-the-crest-san-diego,GE2,j-webb-1,1
2019,2019-corps-at-the-crest-san-diego,MA,n-jones-1,1
2019,2019-corps-at-the-crest-san-diego,MB,p-mcgarr-1,1
2019,2019-corps-at-the-crest-san-diego,MP,j-davila-1,1
2019,2019-corps-at-the-crest-san-diego,VA,c-nelson-1,1
2019,2019-corps-at-the-crest-san-diego,VP,m-anderson-1,1
2019,2019-corps-encore,CG,s-chumley-1,1
2019,2019-corps-encore,GE1,r-comfort-1,1
2019,2019-corps-encore,GE2,m-mcgahey-1,1
2019,2019-corps-encore,MA,a-kristensen-1,1
2019,2019-corps-encore,MB,b-huneycutt-1,1
2019,2019-corps-encore,MP,a-dunn-1,1
2019,2019-corps-encore,VA,m-anderson-1,1
2019,2019-corps-encore,VP,e-martinez-1,1
2019,2019-crownbeat,CG,c-clayton-fisher-1,1
2019,2019-crownbeat,GE1,m-gray-1,1
2019,2019-crownbeat,GE2,w-dillon-1,1
2019,2019-crownbeat,MA,j-mitchell-1,1
2019,2019-crownbeat,MB,j-mills-1,1
2019,2019-crownbeat,MP,c-romanowski-1,1
2019,2019-crownbeat,VA,t-slaughter-1,1
2019,2019-crownbeat,VP,c-moss-1,1
2019,2019-cyo-nationals,CG,c-raichle-1,1
2019,2019-cyo-nationals,GE1,w-rickart-1,1
2019,2019-cyo-nationals,GE2,c-phillips-1,1
2019,2019-cyo-nationals,MA,c-poole-1,1
2019,2019-cyo-nationals,MB,j-mitchell-1,1
2019,2019-cyo-nationals,MP,p-furnari-1,1
2019,2019-cyo-nationals,VA,d-torchia-1,1
2019,2019-cyo-nationals,VP,h-nguyen-1,1
2019,2019-dci-arkansas,CG,c-clayton-fisher-1,1
2019,2019-dci-arkansas,GE1,k-miller-1,1
2019,2019-dci-arkansas,GE2,c-phillips-1,1
2019,2019-dci-arkansas,MA,c-rapacki-1,1
2019,2019-dci-arkansas,MB,w-dillon-1,1
2019,2019-dci-arkansas,MP,m-teal-1,1
2019,2019-dci-arkansas,VA,g-oliviero-1,1
2019,2019-dci-arkansas,VP,c-church-1,1
2019,2019-dci-birmingham,CG,c-clayton-fisher-1,1
2019,2019-dci-birmingham,GE1,m-stone-1,1
2019,2019-dci-birmingham,GE2,c-rothe-1,1
2019,2019-dci-birmingham,MA,c-rothe-1,1
2019,2019-dci-birmingham,MA,m-waymire-1,1
2019,2019-dci-birmingham,MB,r-ellis-1,1
2019,2019-dci-birmingham,MP,c-rapacki-1,1
2019,2019-dci-birmingham,VA,m-stone-1,1
2019,2019-dci-birmingham,VA,p-madden-1,1
2019,2019-dci-birmingham,VP,t-wemhoff-1,1
2019,2019-dci-broken-arrow,CG,j-sturgeon-1,1
2019,2019-dci-broken-arrow,GE1,t-wemhoff-1,1
2019,2019-dci-broken-arrow,GE2,j-bell-1,1
2019,2019-dci-broken-arrow,MA,d-davis-1,1
2019,2019-dci-broken-arrow,MB,j-harper-1,1
2019,2019-dci-broken-arrow,MP,j-prosperie-1,1
2019,2019-dci-broken-arrow,VA,w-chumley-1,1
2019,2019-dci-broken-arrow,VP,j-howell-1,1
2019,2019-dci-capital-classic-corps-show,CG,k-miller-1,1
2019,2019-dci-capital-classic-corps-show,GE1,s-chumley-1,1
2019,2019-dci-capital-classic-corps-show,GE2,j-wilson-1,1
2019,2019-dci-capital-classic-corps-show,MA,a-dunn-1,1
2019,2019-dci-capital-classic-corps-show,MB,m-rubino-1,1
2019,2019-dci-capital-classic-corps-show,MP,a-kristensen-1,1
2019,2019-dci-capital-classic-corps-show,VA,t-ochran-1,1
2019,2019-dci-capital-classic-corps-show,VP,c-nelson-1,1
2019,2019-dci-central-indiana,CG,m-gray-1,1
2019,2019-dci-central-indiana,GE1,b-kuhn-1,1
2019,2019-dci-central-indiana,GE2,g-markham-1,1
2019,2019-dci-central-indiana,MA,r-saucedo-1,1
2019,2019-dci-central-indiana,MB,a-cook-1,1
2019,2019-dci-central-indiana,MP,g-fugett-1,1
2019,2019-dci-central-indiana,VA,k-giese-1,1
2019,2019-dci-central-indiana,VP,j-orefice-1,1
2019,2019-dci-central-texas,CG,h-nguyen-1,1
2019,2019-dci-central-texas,GE1,c-dillon-1,1
2019,2019-dci-central-texas,GE2,m-mcgahey-1,1
2019,2019-dci-central-texas,MA,b-huneycutt-1,1
2019,2019-dci-central-texas,MB,k-shuttlesworth-1,1
2019,2019-dci-central-texas,MP,t-dempsey-1,1
2019,2019-dci-central-texas,VA,b-kuhn-1,1
2019,2019-dci-central-texas,VP,b-spidel-1,1
2019,2019-dci-crossroads,CG,t-landess-1,1
2019,2019-dci-crossroads,GE1,d-deems-1,1
2019,2019-dci-crossroads,GE2,a-cook-1,1
2019,2019-dci-crossroads,MA,a-cook-1,1
2019,2019-dci-crossroads,MA,d-aydelott-1,1
2019,2019-dci-crossroads,MB,m-hoskins-1,1
2019,2019-dci-crossroads,MP,g-fugett-1,1
2019,2019-dci-crossroads,VA,d-deems-1,1
2019,2019-dci-crossroads,VA,j-sturgeon-1,1
2019,2019-dci-crossroads,VP,k-miller-1,1
2019,2019-dci-eastern-classic,CG,w-rickart-1,1
2019,2019-dci-eastern-classic,GE1,m-gray-1,1
2019,2019-dci-eastern-classic,GE1,m-kelly-1,2
2019,2019-dci-eastern-classic,GE2,n-jones-1,1
2019,2019-dci-eastern-classic,GE2,m-mcgahey-1,2
2019,2019-dci-eastern-classic,MA,j-davila-1,1
2019,2019-dci-eastern-classic,MA,r-greenwell-1,2
2019,2019-dci-eastern-classic,MB,j-harper-1,1
2019,2019-dci-eastern-classic,MP,j-brooks-1,1
2019,2019-dci-eastern-classic,VA,k-giese-1,1
2019,2019-dci-eastern-classic,VP,j-sturgeon-1,1
2019,2019-dci-eastern-classic-2,CG,w-rickart-1,1
2019,2019-dci-eastern-classic-2,GE1,m-gray-1,1
2019,2019-dci-eastern-classic-2,GE1,m-kelly-1,2
2019,2019-dci-eastern-classic-2,GE2,n-jones-1,1
2019,2019-dci-eastern-classic-2,GE2,m-mcgahey-1,2
2019,2019-dci-eastern-classic-2,MA,j-davila-1,1
2019,2019-dci-eastern-classic-2,MA,r-greenwell-1,2
2019,2019-dci-eastern-classic-2,MB,j-harper-1,1
2019,2019-dci-eastern-classic-2,MP,j-brooks-1,1
2019,2019-dci-eastern-classic-2,VA,k-giese-1,1
2019,2019-dci-eastern-classic-2,VP,j-sturgeon-1,1
2019,2019-dci-hoosier-heartland,CG,d-torchia-1,1
2019,2019-dci-hoosier-heartland,GE1,t-wingate-1,1
2019,2019-dci-hoosier-heartland,GE2,w-dillon-1,1
2019,2019-dci-hoosier-heartland,MA,c-romanowski-1,1
2019,2019-dci-hoosier-heartland,MB,t-johnston-1,1
2019,2019-dci-hoosier-heartland,MP,m-griffin-1,1
2019,2019-dci-hoosier-heartland,VA,m-anderson-1,1
2019,2019-dci-hoosier-heartland,VP,b-spidel-1,1
2019,2019-dci-katy,CG,h-nguyen-1,1
2019,2019-dci-katy,GE1,t-wemhoff-1,1
2019,2019-dci-katy,GE2,m-mcgahey-1,1
2019,2019-dci-katy,MA,a-dunn-1,1
2019,2019-dci-katy,MB,a-lo-1,1
2019,2019-dci-katy,MP,t-dempsey-1,1
2019,2019-dci-katy,VA,b-kuhn-1,1
2019,2019-dci-katy,VP,c-nelson-1,1
2019,2019-dci-memphis,CG,t-pierce-1,1
2019,2019-dci-memphis,GE1,w-rickart-1,1
2019,2019-dci-memphis,GE2,n-jones-1,1
2019,2019-dci-memphis,MA,j-harper-1,1
2019,2019-dci-memphis,MB,c-phillips-1,1
2019,2019-dci-memphis,MP,m-davis-1,1
2019,2019-dci-memphis,VA,k-giese-1,1
2019,2019-dci-memphis,VP,b-jones-1,1
2019,2019-dci-menomonie,CG,unknown-unknown-1,3
2019,2019-dci-menomonie,GE1,m-anderson-1,1
2019,2019-dci-menomonie,GE2,g-markham-1,1
2019,2019-dci-menomonie,MA,g-markham-1,1
2019,2019-dci-menomonie,MA,w-dillon-1,1
2019,2019-dci-menomonie,MB,c-armbruster-1,1
2019,2019-dci-menomonie,MP,m-griffin-1,1
2019,2019-dci-menomonie,VA,m-anderson-1,1
2019,2019-dci-menomonie,VA,k-baker-1,1
2019,2019-dci-menomonie,VP,r-solomon-1,1
2019,2019-dci-mesquite,CG,r-solomon-1,1
2019,2019-dci-mesquite,GE1,m-stone-1,1
2019,2019-dci-mesquite,GE2,w-dillon-1,1
2019,2019-dci-mesquite,MA,m-teal-1,1
2019,2019-dci-mesquite,MB,c-phillips-1,1
2019,2019-dci-mesquite,MP,c-rapacki-1,1
2019,2019-dci-mesquite,VA,g-oliviero-1,1
2019,2019-dci-mesquite,VP,k-miller-1,1
2019,2019-dci-new-hampshire,CG,m-mccourt-1,1
2019,2019-dci-new-hampshire,GE1,s-adamo-1,1
2019,2019-dci-new-hampshire,GE2,g-miller-1,1
2019,2019-dci-new-hampshire,MA,t-west-1,1
2019,2019-dci-new-hampshire,MB,d-thomas-1,1
2019,2019-dci-new-hampshire,MP,c-poole-1,1
2019,2019-dci-new-hampshire,VA,d-torchia-1,1
2019,2019-dci-new-hampshire,VP,m-thompson-1,1
2019,2019-dci-north-texas,CG,t-pierce-1,1
2019,2019-dci-north-texas,GE1,t-wemhoff-1,1
2019,2019-dci-north-texas,GE2,j-kennedy-1,1
2019,2019-dci-north-texas,MA,g-markham-1,1
2019,2019-dci-north-texas,MB,c-armbruster-1,1
2019,2019-dci-north-texas,MP,j-davila-1,1
2019,2019-dci-north-texas,VA,c-church-1,1
2019,2019-dci-north-texas,VP,c-nelson-1,1
2019,2019-dci-open-class-world-championship-finals,CG,d-torchia-1,1
2019,2019-dci-open-class-world-championship-finals,GE1,m-stone-1,1
2019,2019-dci-open-class-world-championship-finals,GE2,r-saucedo-1,1
2019,2019-dci-open-class-world-championship-finals,MA,j-kennedy-1,1
2019,2019-dci-open-class-world-championship-finals,MA,k-weirich-1,2
2019,2019-dci-open-class-world-championship-finals,MB,b-fabrizio-1,1
2019,2019-dci-open-class-world-championship-finals,MP,j-ausdemore-1,1
2019,2019-dci-open-class-world-championship-finals,VA,t-ochran-1,1
2019,2019-dci-open-class-world-championship-finals,VP,c-nelson-1,1
2019,2019-dci-open-class-world-championship-prelims,CG,c-clayton-fisher-1,1
2019,2019-dci-open-class-world-championship-prelims,GE1,j-gilley-1,1
2019,2019-dci-open-class-world-championship-prelims,GE2,g-miller-1,1
2019,2019-dci-open-class-world-championship-prelims,MA,c-armbruster-1,1
2019,2019-dci-open-class-world-championship-prelims,MA,c-romanowski-1,2
2019,2019-dci-open-class-world-championship-prelims,MB,d-orser-1,1
2019,2019-dci-open-class-world-championship-prelims,MP,j-wilson-1,1
2019,2019-dci-open-class-world-championship-prelims,VA,t-slaughter-1,1
2019,2019-dci-open-class-world-championship-prelims,VP,t-landess-1,1
2019,2019-dci-pittsburgh,CG,c-dillon-1,1
2019,2019-dci-pittsburgh,GE1,j-howell-1,1
2019,2019-dci-pittsburgh,GE2,c-hestin-1,1
2019,2019-dci-pittsburgh,MA,t-fox-1,1
2019,2019-dci-pittsburgh,MB,c-marra-1,1
2019,2019-dci-pittsburgh,MP,t-mengel-1,1
2019,2019-dci-pittsburgh,VA,d-torchia-1,1
2019,2019-dci-pittsburgh,VP,j-orefice-1,1
2019,2019-dci-shoreline-classic,CG,r-kemp-1,1
2019,2019-dci-shoreline-classic,GE1,a-combites-1,1
2019,2019-dci-shoreline-classic,GE2,k-weirich-1,1
2019,2019-dci-shoreline-classic,MA,c-armbruster-1,1
2019,2019-dci-shoreline-classic,MB,d-argul-1,1
2019,2019-dci-shoreline-classic,MP,j-ausdemore-1,1
2019,2019-dci-shoreline-classic,VA,b-mascaro-1,1
2019,2019-dci-shoreline-classic,VP,unknown-unknown-1,1
2019,2019-dci-southeastern-championship,CG,h-nguyen-1,1
2019,2019-dci-southeastern-championship,GE1,m-anderson-1,1
2019,2019-dci-southeastern-championship,GE1,w-dillon-1,2
2019,2019-dci-southeastern-championship,GE2,w-dillon-1,1
2019,2019-dci-southeastern-championship,GE2,t-wemhoff-1,1
2019,2019-dci-southeastern-championship,GE2,j-webb-1,2
2019,2019-dci-southeastern-championship,MA,w-dillon-1,1
2019,2019-dci-southeastern-championship,MA,c-romanowski-1,1
2019,2019-dci-southeastern-championship,MA,d-aydelott-1,2
2019,2019-dci-southeastern-championship,MB,m-hoskins-1,1
2019,2019-dci-southeastern-championship,MP,j-prosperie-1,1
2019,2019-dci-southeastern-championship,VA,m-anderson-1,1
2019,2019-dci-southeastern-championship,VA,w-chumley-1,1
2019,2019-dci-southeastern-championship,VP,c-nelson-1,1
2019,2019-dci-southern-alabama,CG,g-oliviero-1,1
2019,2019-dci-southern-alabama,GE1,d-padilla-1,1
2019,2019-dci-southern-alabama,GE2,m-waymire-1,1
2019,2019-dci-southern-alabama,MA,c-rothe-1,1
2019,2019-dci-southern-alabama,MB,r-ellis-1,1
2019,2019-dci-southern-alabama,MP,d-carbone-1,1
2019,2019-dci-southern-alabama,VA,p-madden-1,1
2019,2019-dci-southern-alabama,VP,c-church-1,1
2019,2019-dci-southern-mississippi,CG,j-howell-1,1
2019,2019-dci-southern-mississippi,GE1,t-pierce-1,1
2019,2019-dci-southern-mississippi,GE2,n-jones-1,1
2019,2019-dci-southern-mississippi,MA,m-waymire-1,1
2019,2019-dci-southern-mississippi,MB,j-mills-1,1
2019,2019-dci-southern-mississippi,MP,j-prosperie-1,1
2019,2019-dci-southern-mississippi,VA,k-giese-1,1
2019,2019-dci-southern-mississippi,VP,m-thompson-1,1
2019,2019-dci-southwestern-championship,CG,j-howell-1,1
2019,2019-dci-southwestern-championship,GE1,m-stone-1,1
2019,2019-dci-southwestern-championship,GE1,g-markham-1,2
2019,2019-dci-southwestern-championship,GE2,g-oliviero-1,1
2019,2019-dci-southwestern-championship,GE2,g-fugett-1,2
2019,2019-dci-southwestern-championship,MA,j-kennedy-1,1
2019,2019-dci-southwestern-championship,MA,r-saucedo-1,2
2019,2019-dci-southwestern-championship,MB,d-argul-1,1
2019,2019-dci-southwestern-championship,MP,m-leitzke-1,1
2019,2019-dci-southwestern-championship,VA,t-ochran-1,1
2019,2019-dci-southwestern-championship,VP,r-solomon-1,1
2019,2019-dci-st-louis,CG,b-spidel-1,1
2019,2019-dci-st-louis,GE1,t-wemhoff-1,1
2019,2019-dci-st-louis,GE2,j-webb-1,1
2019,2019-dci-st-louis,MA,d-aydelott-1,1
2019,2019-dci-st-louis,MB,r-rios-1,1
2019,2019-dci-st-louis,MP,m-davis-1,1
2019,2019-dci-st-louis,VA,k-baker-1,1
2019,2019-dci-st-louis,VP,r-overvliet-1,1
2019,2019-dci-tour-premiere,CG,j-sturgeon-1,1
2019,2019-dci-tour-premiere,GE1,m-stone-1,1
2019,2019-dci-tour-premiere,GE2,j-bell-1,1
2019,2019-dci-tour-premiere,MA,j-davila-1,1
2019,2019-dci-tour-premiere,MB,p-mcgarr-1,1
2019,2019-dci-tour-premiere,MP,m-leitzke-1,1
2019,2019-dci-tour-premiere,VA,t-ochran-1,1
2019,2019-dci-tour-premiere,VP,j-orefice-1,1
2019,2019-dci-west,CG,w-chumley-1,1
2019,2019-dci-west,GE1,m-stone-1,1
2019,2019-dci-west,GE2,r-greenwell-1,1
2019,2019-dci-west,MA,j-kennedy-1,1
2019,2019-dci-west,MB,k-turner-1,1
2019,2019-dci-west,MP,j-wilson-1,1
2019,2019-dci-west,VA,t-ochran-1,1
2019,2019-dci-west,VP,g-oliviero-1,1
2019,2019-dci-world-championship-finals,CG,j-sturgeon-1,1
2019,2019-dci-world-championship-finals,GE1,j-howell-1,1
2019,2019-dci-world-championship-finals,GE1,m-stone-1,2
2019,2019-dci-world-championship-finals,GE2,g-fugett-1,1
2019,2019-dci-world-championship-finals,GE2,n-jones-1,2
2019,2019-dci-world-championship-finals,MA,j-davila-1,1
2019,2019-dci-world-championship-finals,MA,r-greenwell-1,2
2019,2019-dci-world-championship-finals,MB,j-harper-1,1
2019,2019-dci-world-championship-finals,MP,j-prosperie-1,1
2019,2019-dci-world-championship-finals,VA,w-chumley-1,1
2019,2019-dci-world-championship-finals,VP,j-orefice-1,1
2019,2019-dci-world-championship-prelims,CG,w-rickart-1,1
2019,2019-dci-world-championship-prelims,GE1,m-gray-1,1
2019,2019-dci-world-championship-prelims,GE1,t-wemhoff-1,2
2019,2019-dci-world-championship-prelims,GE2,m-mcgahey-1,1
2019,2019-dci-world-championship-prelims,GE2,j-webb-1,2
2019,2019-dci-world-championship-prelims,MA,d-davis-1,1
2019,2019-dci-world-championship-prelims,MA,c-romanowski-1,2
2019,2019-dci-world-championship-prelims,MB,m-hoskins-1,1
2019,2019-dci-world-championship-prelims,MP,m-leitzke-1,1
2019,2019-dci-world-championship-prelims,VA,k-giese-1,1
2019,2019-dci-world-championship-prelims,VP,c-nelson-1,1
2019,2019-dci-world-championship-semifinals,CG,h-nguyen-1,1
2019,2019-dci-world-championship-semifinals,GE1,g-oliviero-1,1
2019,2019-dci-world-championship-semifinals,GE1,m-anderson-1,2
2019,2019-dci-world-championship-semifinals,GE2,w-dillon-1,1
2019,2019-dci-world-championship-semifinals,GE2,g-markham-1,2
2019,2019-dci-world-championship-semifinals,MA,j-kennedy-1,1
2019,2019-dci-world-championship-semifinals,MA,r-saucedo-1,2
2019,2019-dci-world-championship-semifinals,MB,d-argul-1,1
2019,2019-dci-world-championship-semifinals,MP,j-brooks-1,1
2019,2019-dci-world-championship-semifinals,VA,t-ochran-1,1
2019,2019-dci-world-championship-semifinals,VP,r-solomon-1,1
2019,2019-diablo-valley-classic,CG,r-solomon-1,1
2019,2019-diablo-valley-classic,GE1,c-nelson-1,1
2019,2019-diablo-valley-classic,GE2,k-shuttlesworth-1,1
2019,2019-diablo-valley-classic,MA,b-williams-1,1
2019,2019-diablo-valley-classic,MB,p-mcgarr-1,1
2019,2019-diablo-valley-classic,MP,t-dempsey-1,1
2019,2019-diablo-valley-classic,VA,t-ochran-1,1
2019,2019-diablo-valley-classic,VP,e-martinez-1,1
2019,2019-drum-corps-an-american-tradition-allentown,CG,m-mccourt-1,1
2019,2019-drum-corps-an-american-tradition-allentown,GE1,m-kelly-1,1
2019,2019-drum-corps-an-american-tradition-allentown,GE2,d-thomas-1,1
2019,2019-drum-corps-an-american-tradition-allentown,MA,d-orser-1,1
2019,2019-drum-corps-an-american-tradition-allentown,MB,d-argul-1,1
2019,2019-drum-corps-an-american-tradition-allentown,MP,j-prosperie-1,1
2019,2019-drum-corps-an-american-tradition-allentown,VA,b-mascaro-1,1
2019,2019-drum-corps-an-american-tradition-allentown,VP,s-adamo-1,1
2019,2019-drum-corps-an-american-tradition-annapolis,CG,m-bowers-1,1
2019,2019-drum-corps-an-american-tradition-annapolis,GE1,w-rickart-1,1
2019,2019-drum-corps-an-american-tradition-annapolis,GE2,t-west-1,1
2019,2019-drum-corps-an-american-tradition-annapolis,MA,j-harper-1,1
2019,2019-drum-corps-an-american-tradition-annapolis,MB,r-rios-1,1
2019,2019-drum-corps-an-american-tradition-annapolis,MP,j-brooks-1,1
2019,2019-drum-corps-an-american-tradition-annapolis,VA,b-jones-1,1
2019,2019-drum-corps-an-american-tradition-annapolis,VP,d-padilla-1,1
2019,2019-drum-corps-an-american-tradition-metlife-stadium,CG,m-mccourt-1,1
2019,2019-drum-corps-an-american-tradition-metlife-stadium,GE1,c-dillon-1,1
2019,2019-drum-corps-an-american-tradition-metlife-stadium,GE2,t-west-1,1
2019,2019-drum-corps-an-american-tradition-metlife-stadium,MA,d-thomas-1,1
2019,2019-drum-corps-an-american-tradition-metlife-stadium,MB,d-argul-1,1
2019,2019-drum-corps-an-american-tradition-metlife-stadium,MP,j-prosperie-1,1
2019,2019-drum-corps-an-american-tradition-metlife-stadium,VA,d-torchia-1,1
2019,2019-drum-corps-an-american-tradition-metlife-stadium,VP,s-adamo-1,1
2019,2019-drum-corps-at-the-rose-bowl,CG,r-solomon-1,1
2019,2019-drum-corps-at-the-rose-bowl,GE1,k-miller-1,1
2019,2019-drum-corps-at-the-rose-bowl,GE2,n-jones-1,1
2019,2019-drum-corps-at-the-rose-bowl,MA,j-davila-1,1
2019,2019-drum-corps-at-the-rose-bowl,MB,p-mcgarr-1,1
2019,2019-drum-corps-at-the-rose-bowl,MP,j-webb-1,1
2019,2019-drum-corps-at-the-rose-bowl,VA,m-anderson-1,1
2019,2019-drum-corps-at-the-rose-bowl,VP,c-nelson-1,1
2019,2019-drum-corps-mid-america,CG,j-gilley-1,1
2019,2019-drum-corps-mid-america,GE1,m-stone-1,1
2019,2019-drum-corps-mid-america,GE2,r-saucedo-1,1
2019,2019-drum-corps-mid-america,MA,n-jones-1,1
2019,2019-drum-corps-mid-america,MB,b-fabrizio-1,1
2019,2019-drum-corps-mid-america,MP,j-brooks-1,1
2019,2019-drum-corps-mid-america,VA,t-ochran-1,1
2019,2019-drum-corps-mid-america,VP,b-mascaro-1,1
2019,2019-drums-across-america-atlanta,CG,unknown-unknown-1,3
2019,2019-drums-across-america-atlanta,GE1,d-padilla-1,1
2019,2019-drums-across-america-atlanta,GE2,g-markham-1,1
2019,2019-drums-across-america-atlanta,MA,j-mills-1,1
2019,2019-drums-across-america-atlanta,MB,j-harper-1,1
2019,2019-drums-across-america-atlanta,MP,c-romanowski-1,1
2019,2019-drums-across-america-atlanta,VA,t-wingate-1,1
2019,2019-drums-across-america-atlanta,VP,c-clayton-fisher-1,1
2019,2019-drums-across-america-valdosta,CG,unknown-unknown-1,3
2019,2019-drums-across-america-valdosta,GE1,m-gray-1,1
2019,2019-drums-across-america-valdosta,GE2,b-crisp-1,1
2019,2019-drums-across-america-valdosta,MA,c-romanowski-1,1
2019,2019-drums-across-america-valdosta,MB,a-cook-1,1
2019,2019-drums-across-america-valdosta,MP,c-rapacki-1,1
2019,2019-drums-across-america-valdosta,VA,t-wingate-1,1
2019,2019-drums-across-america-valdosta,VP,c-moss-1,1
2019,2019-drums-across-cajun-field,CG,m-thompson-1,1
2019,2019-drums-across-cajun-field,GE1,t-pierce-1,1
2019,2019-drums-across-cajun-field,GE2,d-starnes-1,1
2019,2019-drums-across-cajun-field,MA,j-prosperie-1,1
2019,2019-drums-across-cajun-field,MB,j-mills-1,1
2019,2019-drums-across-cajun-field,MP,m-davis-1,1
2019,2019-drums-across-cajun-field,VA,k-giese-1,1
2019,2019-drums-across-cajun-field,VP,j-howell-1,1
2019,2019-drums-across-kansas,CG,w-chumley-1,1
2019,2019-drums-across-kansas,GE1,t-wemhoff-1,1
2019,2019-drums-across-kansas,GE2,j-webb-1,1
2019,2019-drums-across-kansas,MA,m-waymire-1,1
2019,2019-drums-across-kansas,MB,b-crisp-1,1
2019,2019-drums-across-kansas,MP,j-ausdemore-1,1
2019,2019-drums-across-kansas,VA,t-pierce-1,1
2019,2019-drums-across-kansas,VP,j-sturgeon-1,1
2019,2019-drums-across-the-river-region,CG,m-gray-1,1
2019,2019-drums-across-the-river-region,GE1,d-padilla-1,1
2019,2019-drums-across-the-river-region,GE2,m-waymire-1,1
2019,2019-drums-across-the-river-region,MA,j-mills-1,1
2019,2019-drums-across-the-river-region,MB,j-mitchell-1,1
2019,2019-drums-across-the-river-region,MP,t-hall-1,1
2019,2019-drums-across-the-river-region,VA,r-overvliet-1,1
2019,2019-drums-across-the-river-region,VP,c-moss-1,1
2019,2019-drums-across-the-smokies,CG,d-deems-1,1
2019,2019-drums-across-the-smokies,GE1,c-moss-1,1
2019,2019-drums-across-the-smokies,GE2,m-mcgahey-1,1
2019,2019-drums-across-the-smokies,MA,r-saucedo-1,1
2019,2019-drums-across-the-smokies,MB,d-argul-1,1
2019,2019-drums-across-the-smokies,MP,j-ausdemore-1,1
2019,2019-drums-across-the-smokies,VA,t-pierce-1,1
2019,2019-drums-across-the-smokies,VP,j-missing-1,1
2019,2019-drums-across-the-tri-state,CG,w-rickart-1,1
2019,2019-drums-across-the-tri-state,GE1,j-howell-1,1
2019,2019-drums-across-the-tri-state,GE2,c-marra-1,1
2019,2019-drums-across-the-tri-state,MA,t-west-1,1
2019,2019-drums-across-the-tri-state,MB,j-harper-1,1
2019,2019-drums-across-the-tri-state,MP,g-howarth-1,1
2019,2019-drums-across-the-tri-state,VA,d-padilla-1,1
2019,2019-drums-across-the-tri-state,VP,b-jones-1,1
2019,2019-drums-along-the-columbia,CG,r-comfort-1,1
2019,2019-drums-along-the-columbia,GE1,c-costanza-1,1
2019,2019-drums-along-the-columbia,GE2,d-carbone-1,1
2019,2019-drums-along-the-columbia,MA,r-greenwell-1,1
2019,2019-drums-along-the-columbia,MB,p-haines-1,1
2019,2019-drums-along-the-columbia,MP,t-hall-1,1
2019,2019-drums-along-the-columbia,VA,p-madden-1,1
2019,2019-drums-along-the-columbia,VP,m-anderson-1,1
2019,2019-drums-along-the-mississippi,CG,t-pierce-1,1
2019,2019-drums-along-the-mississippi,GE1,a-combites-1,1
2019,2019-drums-along-the-mississippi,GE2,d-starnes-1,1
2019,2019-drums-along-the-mississippi,MA,k-weirich-1,1
2019,2019-drums-along-the-mississippi,MB,d-orser-1,1
2019,2019-drums-along-the-mississippi,MP,m-teal-1,1
2019,2019-drums-along-the-mississippi,VA,c-quamme-1,1
2019,2019-drums-along-the-mississippi,VP,d-deems-1,1
2019,2019-drums-along-the-mohawk,CG,c-dillon-1,1
2019,2019-drums-along-the-mohawk,GE1,m-mccourt-1,1
2019,2019-drums-along-the-mohawk,GE2,k-turner-1,1
2019,2019-drums-along-the-mohawk,MA,c-marra-1,1
2019,2019-drums-along-the-mohawk,MB,s-halquist-1,1
2019,2019-drums-along-the-mohawk,MP,m-griffin-1,1
2019,2019-drums-along-the-mohawk,VA,b-mascaro-1,1
2019,2019-drums-along-the-mohawk,VP,j-missing-1,1
2019,2019-drums-along-the-rockies-boise-edition,CG,r-comfort-1,1
2019,2019-drums-along-the-rockies-boise-edition,GE1,m-anderson-1,1
2019,2019-drums-along-the-rockies-boise-edition,GE2,b-huneycutt-1,1
2019,2019-drums-along-the-rockies-boise-edition,MA,a-dunn-1,1
2019,2019-drums-along-the-rockies-boise-edition,MB,d-davis-1,1
2019,2019-drums-along-the-rockies-boise-edition,MP,m-leitzke-1,1
2019,2019-drums-along-the-rockies-boise-edition,VA,p-madden-1,1
2019,2019-drums-along-the-rockies-boise-edition,VP,c-costanza-1,1
2019,2019-drums-along-the-wasatch,CG,s-chumley-1,1
2019,2019-drums-along-the-wasatch,GE1,r-comfort-1,1
2019,2019-drums-along-the-wasatch,GE2,b-williams-1,1
2019,2019-drums-along-the-wasatch,MA,s-page-1,1
2019,2019-drums-along-the-wasatch,MB,p-haines-1,1
2019,2019-drums-along-the-wasatch,MP,j-ausdemore-1,1
2019,2019-drums-along-the-wasatch,VA,e-martinez-1,1
2019,2019-drums-along-the-wasatch,VP,j-gilley-1,1
2019,2019-drums-along-the-waterfront,CG,m-thompson-1,1
2019,2019-drums-along-the-waterfront,GE1,m-mccourt-1,1
2019,2019-drums-along-the-waterfront,GE2,k-turner-1,1
2019,2019-drums-along-the-waterfront,MA,s-halquist-1,1
2019,2019-drums-along-the-waterfront,MB,p-mcgarr-1,1
2019,2019-drums-along-the-waterfront,MP,m-davis-1,1
2019,2019-drums-along-the-waterfront,VA,t-wingate-1,1
2019,2019-drums-along-the-waterfront,VP,s-adamo-1,1
2019,2019-drums-of-fire,CG,j-sturgeon-1,1
2019,2019-drums-of-fire,GE1,p-madden-1,1
2019,2019-drums-of-fire,GE2,r-greenwell-1,1
2019,2019-drums-of-fire,MA,d-carbone-1,1
2019,2019-drums-of-fire,MB,p-haines-1,1
2019,2019-drums-of-fire,MP,t-hall-1,1
2019,2019-drums-of-fire,VA,c-costanza-1,1
2019,2019-drums-of-fire,VP,r-comfort-1,1
2019,2019-drums-on-parade,CG,c-dillon-1,1
2019,2019-drums-on-parade,GE1,c-quamme-1,1
2019,2019-drums-on-parade,GE2,j-bell-1,1
2019,2019-drums-on-parade,MA,k-young-1,1
2019,2019-drums-on-parade,MB,a-cook-1,1
2019,2019-drums-on-parade,MP,m-davis-1,1
2019,2019-drums-on-parade,VA,k-baker-1,1
2019,2019-drums-on-parade,VP,j-orefice-1,1
2019,2019-drums-on-the-ohio,CG,k-miller-1,1
2019,2019-drums-on-the-ohio,GE1,d-deems-1,1
2019,2019-drums-on-the-ohio,GE2,m-hoskins-1,1
2019,2019-drums-on-the-ohio,MA,t-johnston-1,1
2019,2019-drums-on-the-ohio,MB,s-page-1,1
2019,2019-drums-on-the-ohio,MP,j-brooks-1,1
2019,2019-drums-on-the-ohio,VA,b-kuhn-1,1
2019,2019-drums-on-the-ohio,VP,t-landess-1,1
2019,2019-east-coast-classic,CG,d-torchia-1,1
2019,2019-east-coast-classic,GE1,m-kelly-1,1
2019,2019-east-coast-classic,GE2,p-furnari-1,1
2019,2019-east-coast-classic,MA,j-kennedy-1,1
2019,2019-east-coast-classic,MB,d-thomas-1,1
2019,2019-east-coast-classic,MP,c-poole-1,1
2019,2019-east-coast-classic,VA,c-raichle-1,1
2019,2019-east-coast-classic,VP,h-nguyen-1,1
2019,2019-east-troy-showcase,CG,c-clayton-fisher-1,1
2019,2019-east-troy-showcase,GE1,m-stone-1,1
2019,2019-east-troy-showcase,GE2,g-miller-1,1
2019,2019-east-troy-showcase,MA,j-kennedy-1,1
2019,2019-east-troy-showcase,MB,b-fabrizio-1,1
2019,2019-east-troy-showcase,MP,j-wilson-1,1
2019,2019-east-troy-showcase,VA,t-ochran-1,1
2019,2019-east-troy-showcase,VP,c-nelson-1,1
2019,2019-gold-showcase,CG,s-chumley-1,1
2019,2019-gold-showcase,GE1,e-martinez-1,1
2019,2019-gold-showcase,GE2,c-rothe-1,1
2019,2019-gold-showcase,MA,j-wilson-1,1
2019,2019-gold-showcase,MB,c-armbruster-1,1
2019,2019-gold-showcase,MP,j-ausdemore-1,1
2019,2019-gold-showcase,VA,b-spidel-1,1
2019,2019-gold-showcase,VP,j-gilley-1,1
2019,2019-innovations-in-brass-north-canton,CG,t-landess-1,1
2019,2019-innovations-in-brass-north-canton,GE1,j-howell-1,1
2019,2019-innovations-in-brass-north-canton,GE2,r-saucedo-1,1
2019,2019-innovations-in-brass-north-canton,MA,d-aydelott-1,1
2019,2019-innovations-in-brass-north-canton,MB,m-hoskins-1,1
2019,2019-innovations-in-brass-north-canton,MP,g-fugett-1,1
2019,2019-innovations-in-brass-north-canton,VA,j-sturgeon-1,1
2019,2019-innovations-in-brass-north-canton,VP,k-miller-1,1
2019,2019-innovations-in-brass-pittsburgh,CG,m-mccourt-1,1
2019,2019-innovations-in-brass-pittsburgh,GE1,c-quamme-1,1
2019,2019-innovations-in-brass-pittsburgh,GE2,c-hestin-1,1
2019,2019-innovations-in-brass-pittsburgh,MA,d-davis-1,1
2019,2019-innovations-in-brass-pittsburgh,MB,c-marra-1,1
2019,2019-innovations-in-brass-pittsburgh,MP,t-fox-1,1
2019,2019-innovations-in-brass-pittsburgh,VA,j-orefice-1,1
2019,2019-innovations-in-brass-pittsburgh,VP,c-moss-1,1
2019,2019-lake-erie-fanfare,CG,j-howell-1,1
2019,2019-lake-erie-fanfare,GE1,t-wingate-1,1
2019,2019-lake-erie-fanfare,GE2,c-marra-1,1
2019,2019-lake-erie-fanfare,MA,t-fox-1,1
2019,2019-lake-erie-fanfare,MB,p-mcgarr-1,1
2019,2019-lake-erie-fanfare,MP,t-mengel-1,1
2019,2019-lake-erie-fanfare,VA,j-orefice-1,1
2019,2019-lake-erie-fanfare,VP,m-thompson-1,1
2019,2019-legends-drum-corps-invitational,CG,a-combites-1,1
2019,2019-legends-drum-corps-invitational,GE1,b-kuhn-1,1
2019,2019-legends-drum-corps-invitational,GE2,d-starnes-1,1
2019,2019-legends-drum-corps-invitational,MA,d-starnes-1,1
2019,2019-legends-drum-corps-invitational,MA,k-weirich-1,1
2019,2019-legends-drum-corps-invitational,MB,d-orser-1,1
2019,2019-legends-drum-corps-invitational,MP,m-teal-1,1
2019,2019-legends-drum-corps-invitational,VA,b-kuhn-1,1
2019,2019-legends-drum-corps-invitational,VA,j-orefice-1,1
2019,2019-legends-drum-corps-invitational,VP,k-kuhn-1,1
2019,2019-legends-drum-corps-open,CG,c-clayton-fisher-1,1
2019,2019-legends-drum-corps-open,GE1,m-stone-1,1
2019,2019-legends-drum-corps-open,GE2,g-miller-1,1
2019,2019-legends-drum-corps-open,MA,j-kennedy-1,1
2019,2019-legends-drum-corps-open,MB,b-fabrizio-1,1
2019,2019-legends-drum-corps-open,MP,j-wilson-1,1
2019,2019-legends-drum-corps-open,VA,t-ochran-1,1
2019,2019-legends-drum-corps-open,VP,c-nelson-1,1
2019,2019-march-on,CG,k-kuhn-1,1
2019,2019-march-on,GE1,a-combites-1,1
2019,2019-march-on,GE2,w-dillon-1,1
2019,2019-march-on,MA,c-romanowski-1,1
2019,2019-march-on,MA,w-dillon-1,1
2019,2019-march-on,MB,t-johnston-1,1
2019,2019-march-on,MP,m-griffin-1,1
2019,2019-march-on,VA,b-kuhn-1,1
2019,2019-march-on,VA,a-combites-1,1
2019,2019-march-on,VP,j-orefice-1,1
2019,2019-midcal-champions-showcase,CG,g-oliviero-1,1
2019,2019-midcal-champions-showcase,GE1,m-stone-1,1
2019,2019-midcal-champions-showcase,GE2,j-kennedy-1,1
2019,2019-midcal-champions-showcase,MA,k-turner-1,1
2019,2019-midcal-champions-showcase,MB,r-greenwell-1,1
2019,2019-midcal-champions-showcase,MP,a-kristensen-1,1
2019,2019-midcal-champions-showcase,VA,t-ochran-1,1
2019,2019-midcal-champions-showcase,VP,w-chumley-1,1
2019,2019-mile-high-showcase,CG,s-chumley-1,1
2019,2019-mile-high-showcase,GE1,e-martinez-1,1
2019,2019-mile-high-showcase,GE2,w-whaley-1,1
2019,2019-mile-high-showcase,MA,c-rothe-1,1
2019,2019-mile-high-showcase,MB,s-page-1,1
2019,2019-mile-high-showcase,MP,j-wilson-1,1
2019,2019-mile-high-showcase,VA,r-comfort-1,1
2019,2019-mile-high-showcase,VP,j-gilley-1,1
2019,2019-moonlight-classic,CG,m-stone-1,1
2019,2019-moonlight-classic,GE1,t-ochran-1,1
2019,2019-moonlight-classic,GE2,a-kristensen-1,1
2019,2019-moonlight-classic,MA,k-turner-1,1
2019,2019-moonlight-classic,MB,r-greenwell-1,1
2019,2019-moonlight-classic,MP,j-kennedy-1,1
2019,2019-moonlight-classic,VA,g-oliviero-1,1
2019,2019-moonlight-classic,VP,w-chumley-1,1
2019,2019-music-on-the-march,CG,k-kuhn-1,1
2019,2019-music-on-the-march,GE1,c-church-1,1
2019,2019-music-on-the-march,GE2,n-jones-1,1
2019,2019-music-on-the-march,MA,j-bell-1,1
2019,2019-music-on-the-march,MB,m-hoskins-1,1
2019,2019-music-on-the-march,MP,j-wilson-1,1
2019,2019-music-on-the-march,VA,r-overvliet-1,1
2019,2019-music-on-the-march,VP,unknown-unknown-1,1
2019,2019-music-on-the-mountain,CG,t-wingate-1,1
2019,2019-music-on-the-mountain,GE1,j-howell-1,1
2019,2019-music-on-the-mountain,GE2,r-saucedo-1,1
2019,2019-music-on-the-mountain,MA,r-saucedo-1,1
2019,2019-music-on-the-mountain,MA,c-marra-1,1
2019,2019-music-on-the-mountain,MB,b-fabrizio-1,1
2019,2019-music-on-the-mountain,MP,j-brooks-1,1
2019,2019-music-on-the-mountain,VA,j-howell-1,1
2019,2019-music-on-the-mountain,VA,j-orefice-1,1
2019,2019-music-on-the-mountain,VP,k-kuhn-1,1
2019,2019-music-on-the-move,CG,c-clayton-fisher-1,1
2019,2019-music-on-the-move,GE1,m-stone-1,1
2019,2019-music-on-the-move,GE2,d-davis-1,1
2019,2019-music-on-the-move,MA,j-rhodes-1,1
2019,2019-music-on-the-move,MB,j-missing-1,1
2019,2019-music-on-the-move,MP,m-davis-1,1
2019,2019-music-on-the-move,VA,r-overvliet-1,1
2019,2019-music-on-the-move,VP,t-slaughter-1,1
2019,2019-nightbeat,CG,unknown-unknown-1,3
2019,2019-nightbeat,GE1,w-chumley-1,1
2019,2019-nightbeat,GE2,g-fugett-1,1
2019,2019-nightbeat,MA,j-kennedy-1,1
2019,2019-nightbeat,MB,j-harper-1,1
2019,2019-nightbeat,MP,j-brooks-1,1
2019,2019-nightbeat,VA,m-anderson-1,1
2019,2019-nightbeat,VP,c-nelson-1,1
2019,2019-prelude-to-drums-along-the-waterfront,CG,t-wingate-1,1
2019,2019-prelude-to-drums-along-the-waterfront,GE1,h-nguyen-1,1
2019,2019-prelude-to-drums-along-the-waterfront,GE2,b-fabrizio-1,1
2019,2019-prelude-to-drums-along-the-waterfront,MA,t-west-1,1
2019,2019-prelude-to-drums-along-the-waterfront,MB,d-orser-1,1
2019,2019-prelude-to-drums-along-the-waterfront,MP,c-poole-1,1
2019,2019-prelude-to-drums-along-the-waterfront,VA,k-kuhn-1,1
2019,2019-prelude-to-drums-along-the-waterfront,VP,b-mascaro-1,1
2019,2019-resound,CG,r-solomon-1,1
2019,2019-resound,GE1,c-nelson-1,1
2019,2019-resound,GE2,t-dempsey-1,1
2019,2019-resound,MA,p-mcgarr-1,1
2019,2019-resound,MB,k-shuttlesworth-1,1
2019,2019-resound,MP,b-williams-1,1
2019,2019-resound,VA,t-ochran-1,1
2019,2019-resound,VP,e-martinez-1,1
2019,2019-river-city-rhapsody-rochester,CG,c-clayton-fisher-1,1
2019,2019-river-city-rhapsody-rochester,GE1,k-baker-1,1
2019,2019-river-city-rhapsody-rochester,GE2,c-armbruster-1,1
2019,2019-river-city-rhapsody-rochester,MA,g-fugett-1,1
2019,2019-river-city-rhapsody-rochester,MB,t-johnston-1,1
2019,2019-river-city-rhapsody-rochester,MP,g-howarth-1,1
2019,2019-river-city-rhapsody-rochester,VA,k-giese-1,1
2019,2019-river-city-rhapsody-rochester,VP,m-thompson-1,1
2019,2019-riverside-open,CG,r-solomon-1,1
2019,2019-riverside-open,GE1,j-gilley-1,1
2019,2019-riverside-open,GE2,j-wilson-1,1
2019,2019-riverside-open,MA,j-ausdemore-1,1
2019,2019-riverside-open,MB,m-rubino-1,1
2019,2019-riverside-open,MP,a-kristensen-1,1
2019,2019-riverside-open,VA,e-martinez-1,1
2019,2019-riverside-open,VP,s-chumley-1,1
2019,2019-rotary-music-festival,CG,c-quamme-1,1
2019,2019-rotary-music-festival,GE1,r-kemp-1,1
2019,2019-rotary-music-festival,GE2,g-miller-1,1
2019,2019-rotary-music-festival,MA,a-lo-1,1
2019,2019-rotary-music-festival,MB,m-hoskins-1,1
2019,2019-rotary-music-festival,MP,m-leitzke-1,1
2019,2019-rotary-music-festival,VA,k-giese-1,1
2019,2019-rotary-music-festival,VP,unknown-unknown-1,1
2019,2019-seattle-summer-music-games,CG,r-comfort-1,1
2019,2019-seattle-summer-music-games,GE1,c-costanza-1,1
2019,2019-seattle-summer-music-games,GE2,t-hall-1,1
2019,2019-seattle-summer-music-games,MA,p-haines-1,1
2019,2019-seattle-summer-music-games,MB,r-greenwell-1,1
2019,2019-seattle-summer-music-games,MP,d-carbone-1,1
2019,2019-seattle-summer-music-games,VA,p-madden-1,1
2019,2019-seattle-summer-music-games,VP,j-sturgeon-1,1
2019,2019-shoremen-brass-classic,CG,t-landess-1,1
2019,2019-shoremen-brass-classic,GE1,j-gilley-1,1
2019,2019-shoremen-brass-classic,GE2,r-saucedo-1,1
2019,2019-shoremen-brass-classic,MA,k-weirich-1,1
2019,2019-shoremen-brass-classic,MB,d-orser-1,1
2019,2019-shoremen-brass-classic,MP,j-ausdemore-1,1
2019,2019-shoremen-brass-classic,VA,d-torchia-1,1
2019,2019-shoremen-brass-classic,VP,t-slaughter-1,1
2019,2019-show-of-shows,CG,m-thompson-1,1
2019,2019-show-of-shows,GE1,k-giese-1,1
2019,2019-show-of-shows,GE2,k-young-1,1
2019,2019-show-of-shows,MA,g-howarth-1,1
2019,2019-show-of-shows,MB,t-johnston-1,1
2019,2019-show-of-shows,MP,m-davis-1,1
2019,2019-show-of-shows,VA,k-baker-1,1
2019,2019-show-of-shows,VP,c-clayton-fisher-1,1
2019,2019-so-cal-classic,CG,j-gilley-1,1
2019,2019-so-cal-classic,GE1,e-martinez-1,1
2019,2019-so-cal-classic,GE2,a-kristensen-1,1
2019,2019-so-cal-classic,MA,c-armbruster-1,1
2019,2019-so-cal-classic,MB,m-rubino-1,1
2019,2019-so-cal-classic,MP,j-wilson-1,1
2019,2019-so-cal-classic,VA,b-spidel-1,1
2019,2019-so-cal-classic,VP,s-chumley-1,1
2019,2019-soaring-sounds,CG,m-bowers-1,1
2019,2019-soaring-sounds,GE1,j-orefice-1,1
2019,2019-soaring-sounds,GE2,s-halquist-1,1
2019,2019-soaring-sounds,MA,s-halquist-1,1
2019,2019-soaring-sounds,MA,r-rios-1,1
2019,2019-soaring-sounds,MB,b-crisp-1,1
2019,2019-soaring-sounds,MP,t-mengel-1,1
2019,2019-soaring-sounds,VA,j-orefice-1,1
2019,2019-soaring-sounds,VA,b-kuhn-1,1
2019,2019-soaring-sounds,VP,t-landess-1,1
2019,2019-summer-music-games-in-cincinnati,CG,d-deems-1,1
2019,2019-summer-music-games-in-cincinnati,GE1,c-moss-1,1
2019,2019-summer-music-games-in-cincinnati,GE2,d-davis-1,1
2019,2019-summer-music-games-in-cincinnati,MA,d-davis-1,1
2019,2019-summer-music-games-in-cincinnati,MA,t-fox-1,1
2019,2019-summer-music-games-in-cincinnati,MB,b-crisp-1,1
2019,2019-summer-music-games-in-cincinnati,MP,j-brooks-1,1
2019,2019-summer-music-games-in-cincinnati,VA,c-moss-1,1
2019,2019-summer-music-games-in-cincinnati,VA,c-quamme-1,1
2019,2019-summer-music-games-in-cincinnati,VP,j-orefice-1,1
2019,2019-summer-music-games-of-southwest-virginia,CG,b-spidel-1,1
2019,2019-summer-music-games-of-southwest-virginia,GE1,t-wingate-1,1
2019,2019-summer-music-games-of-southwest-virginia,GE2,t-fox-1,1
2019,2019-summer-music-games-of-southwest-virginia,MA,s-halquist-1,1
2019,2019-summer-music-games-of-southwest-virginia,MB,c-phillips-1,1
2019,2019-summer-music-games-of-southwest-virginia,MP,g-howarth-1,1
2019,2019-summer-music-games-of-southwest-virginia,VA,m-gray-1,1
2019,2019-summer-music-games-of-southwest-virginia,VP,c-moss-1,1
2019,2019-the-beanpot,CG,d-torchia-1,1
2019,2019-the-beanpot,GE1,m-kelly-1,1
2019,2019-the-beanpot,GE2,j-kennedy-1,1
2019,2019-the-beanpot,MA,c-poole-1,1
2019,2019-the-beanpot,MB,d-argul-1,1
2019,2019-the-beanpot,MP,p-furnari-1,1
2019,2019-the-beanpot,VA,c-raichle-1,1
2019,2019-the-beanpot,VP,h-nguyen-1,1
2019,2019-the-masters-of-the-summer-music-games,CG,d-padilla-1,1
2019,2019-the-masters-of-the-summer-music-games,GE1,k-miller-1,1
2019,2019-the-masters-of-the-summer-music-games,GE2,g-fugett-1,1
2019,2019-the-masters-of-the-summer-music-games,MA,d-carbone-1,1
2019,2019-the-masters-of-the-summer-music-games,MB,n-jones-1,1
2019,2019-the-masters-of-the-summer-music-games,MP,m-leitzke-1,1
2019,2019-the-masters-of-the-summer-music-games,VA,g-oliviero-1,1
2019,2019-the-masters-of-the-summer-music-games,VP,w-chumley-1,1
2019,2019-the-northwoods-encore,CG,c-quamme-1,1
2019,2019-the-northwoods-encore,GE1,r-kemp-1,1
2019,2019-the-northwoods-encore,GE2,a-lo-1,1
2019,2019-the-northwoods-encore,MA,g-miller-1,1
2019,2019-the-northwoods-encore,MB,c-armbruster-1,1
2019,2019-the-northwoods-encore,MP,m-leitzke-1,1
2019,2019-the-northwoods-encore,VA,unknown-unknown-1,2
2019,2019-the-northwoods-encore,VP,j-gilley-1,1
2019,2019-the-thunder-of-drums,CG,d-deems-1,1
2019,2019-the-thunder-of-drums,GE1,j-gilley-1,1
2019,2019-the-thunder-of-drums,GE2,m-mcgahey-1,1
2019,2019-the-thunder-of-drums,MA,m-mcgahey-1,1
2019,2019-the-thunder-of-drums,MA,j-davila-1,1
2019,2019-the-thunder-of-drums,MB,b-crisp-1,1
2019,2019-the-thunder-of-drums,MP,a-kristensen-1,1
2019,2019-the-thunder-of-drums,VA,j-gilley-1,1
2019,2019-the-thunder-of-drums,VA,b-kuhn-1,1
2019,2019-the-thunder-of-drums,VP,k-kuhn-1,1
2019,2019-tour-of-champions-akron,CG,c-dillon-1,1
2019,2019-tour-of-champions-akron,GE1,m-mccourt-1,1
2019,2019-tour-of-champions-akron,GE2,j-webb-1,1
2019,2019-tour-of-champions-akron,MA,k-turner-1,1
2019,2019-tour-of-champions-akron,MB,m-hoskins-1,1
2019,2019-tour-of-champions-akron,MP,c-hestin-1,1
2019,2019-tour-of-champions-akron,VA,s-adamo-1,1
2019,2019-tour-of-champions-akron,VP,c-moss-1,1
2019,2019-tour-of-champions-northern-illinois,CG,unknown-unknown-1,3
2019,2019-tour-of-champions-northern-illinois,GE1,t-wemhoff-1,1
2019,2019-tour-of-champions-northern-illinois,GE2,j-bell-1,1
2019,2019-tour-of-champions-northern-illinois,MA,d-aydelott-1,1
2019,2019-tour-of-champions-northern-illinois,MB,a-cook-1,1
2019,2019-tour-of-champions-northern-illinois,MP,j-wilson-1,1
2019,2019-tour-of-champions-northern-illinois,VA,k-baker-1,1
2019,2019-tour-of-champions-northern-illinois,VP,j-sturgeon-1,1
2019,2019-tournament-of-drums,CG,t-landess-1,1
2019,2019-tournament-of-drums,GE1,j-gilley-1,1
2019,2019-tournament-of-drums,GE2,r-saucedo-1,1
2019,2019-tournament-of-drums,MA,k-weirich-1,1
2019,2019-tournament-of-drums,MB,d-orser-1,1
2019,2019-tournament-of-drums,MP,j-ausdemore-1,1
2019,2019-tournament-of-drums,VA,unknown-unknown-1,2
2019,2019-tournament-of-drums,VP,t-slaughter-1,1
2019,2019-western-corps-connection,CG,k-miller-1,1
2019,2019-western-corps-connection,GE1,m-anderson-1,1
2019,2019-western-corps-connection,GE2,j-webb-1,1
2019,2019-western-corps-connection,MA,p-mcgarr-1,1
2019,2019-western-corps-connection,MB,n-jones-1,1
2019,2019-western-corps-connection,MP,a-kristensen-1,1
2019,2019-western-corps-connection,VA,c-nelson-1,1
2019,2019-western-corps-connection,VP,r-solomon-1,1
2019,2019-whitewater-classic,CG,unknown-unknown-1,3
2019,2019-whitewater-classic,GE1,m-anderson-1,1
2019,2019-whitewater-classic,GE2,w-dillon-1,1
2019,2019-whitewater-classic,MA,p-furnari-1,1
2019,2019-whitewater-classic,MB,k-young-1,1
2019,2019-whitewater-classic,MP,m-griffin-1,1
2019,2019-whitewater-classic,VA,m-o-neill-1,1
2019,2019-whitewater-classic,VP,r-solomon-1,1
2022,2022-brass-impact,CG,r-solomon-1,1
2022,2022-brass-impact,GE1,g-llacer-1,1
2022,2022-brass-impact,GE2,c-armbruster-1,1
2022,2022-brass-impact,MA,t-hall-1,1
2022,2022-brass-impact,MB,k-shuttlesworth-1,1
2022,2022-brass-impact,MP,m-davis-1,1
2022,2022-brass-impact,VA,k-baker-1,1
2022,2022-brass-impact,VP,w-chumley-1,1
2022,2022-cavalcade-of-brass,CG,t-hudnall-1,1
2022,2022-cavalcade-of-brass,GE1,c-church-1,1
2022,2022-cavalcade-of-brass,GE2,g-fugett-1,1
2022,2022-cavalcade-of-brass,MA,m-griffin-1,1
2022,2022-cavalcade-of-brass,MB,k-weirich-1,1
2022,2022-cavalcade-of-brass,MP,j-ausdemore-1,1
2022,2022-cavalcade-of-brass,VA,b-spidel-1,1
2022,2022-cavalcade-of-brass,VP,k-kuhn-1,1
2022,2022-celebration-in-brass,CG,j-gilley-1,1
2022,2022-celebration-in-brass,GE1,k-giese-1,1
2022,2022-celebration-in-brass,GE2,c-romanowski-1,1
2022,2022-celebration-in-brass,MA,a-cook-1,1
2022,2022-celebration-in-brass,MB,j-harper-1,1
2022,2022-celebration-in-brass,MP,b-williams-1,1
2022,2022-celebration-in-brass,VA,c-church-1,1
2022,2022-celebration-in-brass,VP,a-combites-1,1
2022,2022-corps-at-the-crest-san-diego,CG,r-solomon-1,1
2022,2022-corps-at-the-crest-san-diego,GE1,m-stone-1,1
2022,2022-corps-at-the-crest-san-diego,GE2,g-fugett-1,1
2022,2022-corps-at-the-crest-san-diego,MA,m-hoskins-1,1
2022,2022-corps-at-the-crest-san-diego,MB,p-haines-1,1
2022,2022-corps-at-the-crest-san-diego,MP,m-griffin-1,1
2022,2022-corps-at-the-crest-san-diego,VA,c-nelson-1,1
2022,2022-corps-at-the-crest-san-diego,VP,k-miller-1,1
2022,2022-corps-encore,CG,w-chumley-1,1
2022,2022-corps-encore,GE1,b-kuhn-1,1
2022,2022-corps-encore,GE2,c-rothe-1,1
2022,2022-corps-encore,MA,j-kennedy-1,1
2022,2022-corps-encore,MB,r-rios-1,1
2022,2022-corps-encore,MP,c-poole-1,1
2022,2022-corps-encore,VA,c-costanza-1,1
2022,2022-corps-encore,VP,r-comfort-1,1
2022,2022-crownbeat,CG,unknown-unknown-1,3
2022,2022-crownbeat,GE1,w-rickart-1,1
2022,2022-crownbeat,GE2,d-davis-1,1
2022,2022-crownbeat,MA,r-greenwell-1,1
2022,2022-crownbeat,MB,c-phillips-1,1
2022,2022-crownbeat,MP,c-romanowski-1,1
2022,2022-crownbeat,VA,t-ochran-1,1
2022,2022-crownbeat,VP,c-moss-1,1
2022,2022-dci-annapolis,CG,h-nguyen-1,1
2022,2022-dci-annapolis,GE1,s-adamo-1,1
2022,2022-dci-annapolis,GE2,g-miller-1,1
2022,2022-dci-annapolis,MA,d-carbone-1,1
2022,2022-dci-annapolis,MB,a-brown-1,1
2022,2022-dci-annapolis,MP,j-brooks-1,1
2022,2022-dci-annapolis,VA,m-tarr-1,1
2022,2022-dci-annapolis,VP,j-howell-1,1
2022,2022-dci-austin,CG,m-stone-1,1
2022,2022-dci-austin,GE1,g-llacer-1,1
2022,2022-dci-austin,GE2,j-loyde-1,1
2022,2022-dci-austin,MA,b-huneycutt-1,1
2022,2022-dci-austin,MB,b-fabrizio-1,1
2022,2022-dci-austin,MP,j-ausdemore-1,1
2022,2022-dci-austin,VA,t-slaughter-1,1
2022,2022-dci-austin,VP,k-miller-1,1
2022,2022-dci-boise,CG,r-comfort-1,1
2022,2022-dci-boise,GE1,c-costanza-1,1
2022,2022-dci-boise,GE2,j-kennedy-1,1
2022,2022-dci-boise,MA,r-rios-1,1
2022,2022-dci-boise,MB,m-mcgahey-1,1
2022,2022-dci-boise,MP,j-wilson-1,1
2022,2022-dci-boise,VA,w-chumley-1,1
2022,2022-dci-boise,VP,b-kuhn-1,1
2022,2022-dci-broken-arrow,CG,r-solomon-1,1
2022,2022-dci-broken-arrow,GE1,g-llacer-1,1
2022,2022-dci-broken-arrow,GE2,c-hestin-1,1
2022,2022-dci-broken-arrow,MA,j-webb-1,1
2022,2022-dci-broken-arrow,MB,d-davis-1,1
2022,2022-dci-broken-arrow,MP,j-brooks-1,1
2022,2022-dci-broken-arrow,VA,k-baker-1,1
2022,2022-dci-broken-arrow,VP,w-chumley-1,1
2022,2022-dci-capital-classic,CG,j-sturgeon-1,1
2022,2022-dci-capital-classic,GE1,p-madden-1,1
2022,2022-dci-capital-classic,GE2,k-young-1,1
2022,2022-dci-capital-classic,MA,j-loyde-1,1
2022,2022-dci-capital-classic,MB,s-page-1,1
2022,2022-dci-capital-classic,MP,c-rapacki-1,1
2022,2022-dci-capital-classic,VA,t-wemhoff-1,1
2022,2022-dci-capital-classic,VP,g-oliviero-1,1
2022,2022-dci-central-illinois,CG,a-combites-1,1
2022,2022-dci-central-illinois,GE1,c-church-1,1
2022,2022-dci-central-illinois,GE2,j-mills-1,1
2022,2022-dci-central-illinois,MA,k-weirich-1,1
2022,2022-dci-central-illinois,MB,c-marra-1,1
2022,2022-dci-central-illinois,MP,t-mengel-1,1
2022,2022-dci-central-illinois,VA,c-dillon-1,1
2022,2022-dci-central-illinois,VP,k-baker-1,1
2022,2022-dci-central-indiana,CG,t-landess-1,1
2022,2022-dci-central-indiana,GE1,d-deems-1,1
2022,2022-dci-central-indiana,GE2,n-jones-1,1
2022,2022-dci-central-indiana,MA,s-smith-1,1
2022,2022-dci-central-indiana,MB,b-fabrizio-1,1
2022,2022-dci-central-indiana,MP,j-davila-1,1
2022,2022-dci-central-indiana,VA,j-howell-1,1
2022,2022-dci-central-indiana,VP,b-spidel-1,1
2022,2022-dci-cincinnati,CG,d-padilla-1,1
2022,2022-dci-cincinnati,GE1,c-quamme-1,1
2022,2022-dci-cincinnati,GE2,r-greenwell-1,1
2022,2022-dci-cincinnati,MA,r-greenwell-1,1
2022,2022-dci-cincinnati,MA,a-brown-1,1
2022,2022-dci-cincinnati,MB,m-rubino-1,1
2022,2022-dci-cincinnati,MP,m-leitzke-1,1
2022,2022-dci-cincinnati,VA,c-quamme-1,1
2022,2022-dci-cincinnati,VA,j-pursifull-1,1
2022,2022-dci-cincinnati,VP,d-deems-1,1
2022,2022-dci-corpus-christi,CG,b-brahan-1,1
2022,2022-dci-corpus-christi,GE1,t-wemhoff-1,1
2022,2022-dci-corpus-christi,GE2,j-rhodes-1,1
2022,2022-dci-corpus-christi,MA,r-rios-1,1
2022,2022-dci-corpus-christi,MB,a-brown-1,1
2022,2022-dci-corpus-christi,MP,t-dempsey-1,1
2022,2022-dci-corpus-christi,VA,t-ochran-1,1
2022,2022-dci-corpus-christi,VP,j-missing-1,1
2022,2022-dci-denton,CG,w-rickart-1,1
2022,2022-dci-denton,GE1,d-padilla-1,1
2022,2022-dci-denton,GE2,w-dillon-1,1
2022,2022-dci-denton,MA,j-kennedy-1,1
2022,2022-dci-denton,MB,j-missing-1,1
2022,2022-dci-denton,MP,c-rapacki-1,1
2022,2022-dci-denton,VA,t-wemhoff-1,1
2022,2022-dci-denton,VP,c-moss-1,1
2022,2022-dci-denton,VP,t-wemhoff-1,1
2022,2022-dci-dover,CG,w-rickart-1,1
2022,2022-dci-dover,GE1,b-mascaro-1,1
2022,2022-dci-dover,GE2,k-turner-1,1
2022,2022-dci-dover,MA,c-phillips-1,1
2022,2022-dci-dover,MB,d-thomas-1,1
2022,2022-dci-dover,MP,g-howarth-1,1
2022,2022-dci-dover,VA,s-adamo-1,1
2022,2022-dci-dover,VP,j-missing-1,1
2022,2022-dci-eastern-classic,CG,h-nguyen-1,1
2022,2022-dci-eastern-classic,GE1,m-mccourt-1,1
2022,2022-dci-eastern-classic,GE1,k-miller-1,2
2022,2022-dci-eastern-classic,GE2,g-fugett-1,1
2022,2022-dci-eastern-classic,GE2,m-waymire-1,2
2022,2022-dci-eastern-classic,MA,g-fugett-1,1
2022,2022-dci-eastern-classic,MA,j-missing-1,1
2022,2022-dci-eastern-classic,MA,j-webb-1,2
2022,2022-dci-eastern-classic,MB,b-fabrizio-1,1
2022,2022-dci-eastern-classic,MP,j-ausdemore-1,1
2022,2022-dci-eastern-classic,VA,m-mccourt-1,1
2022,2022-dci-eastern-classic,VA,g-oliviero-1,1
2022,2022-dci-eastern-classic,VP,j-sturgeon-1,1
2022,2022-dci-eastern-classic-2,CG,h-nguyen-1,1
2022,2022-dci-eastern-classic-2,GE1,m-mccourt-1,1
2022,2022-dci-eastern-classic-2,GE1,k-miller-1,2
2022,2022-dci-eastern-classic-2,GE2,g-fugett-1,1
2022,2022-dci-eastern-classic-2,GE2,m-waymire-1,2
2022,2022-dci-eastern-classic-2,MA,j-webb-1,1
2022,2022-dci-eastern-classic-2,MA,j-missing-1,2
2022,2022-dci-eastern-classic-2,MB,b-fabrizio-1,1
2022,2022-dci-eastern-classic-2,MP,j-ausdemore-1,1
2022,2022-dci-eastern-classic-2,VA,g-oliviero-1,1
2022,2022-dci-eastern-classic-2,VP,j-sturgeon-1,1
2022,2022-dci-eastern-illinois,CG,c-quamme-1,1
2022,2022-dci-eastern-illinois,GE1,k-baker-1,1
2022,2022-dci-eastern-illinois,GE2,j-denton-1,1
2022,2022-dci-eastern-illinois,MA,j-kennedy-1,1
2022,2022-dci-eastern-illinois,MB,r-greenwell-1,1
2022,2022-dci-eastern-illinois,MP,c-rapacki-1,1
2022,2022-dci-eastern-illinois,VA,t-wingate-1,1
2022,2022-dci-eastern-illinois,VP,m-turner-1,1
2022,2022-dci-glassboro,CG,j-howell-1,1
2022,2022-dci-glassboro,GE1,m-tarr-1,1
2022,2022-dci-glassboro,GE2,j-webb-1,1
2022,2022-dci-glassboro,MA,k-turner-1,1
2022,2022-dci-glassboro,MB,d-thomas-1,1
2022,2022-dci-glassboro,MP,t-mengel-1,1
2022,2022-dci-glassboro,VA,s-adamo-1,1
2022,2022-dci-glassboro,VP,h-nguyen-1,1
2022,2022-dci-houston,CG,w-rickart-1,1
2022,2022-dci-houston,GE1,m-mccourt-1,1
2022,2022-dci-houston,GE2,j-rhodes-1,1
2022,2022-dci-houston,MA,b-huneycutt-1,1
2022,2022-dci-houston,MB,b-fabrizio-1,1
2022,2022-dci-houston,MP,j-ausdemore-1,1
2022,2022-dci-houston,VA,c-moss-1,1
2022,2022-dci-houston,VP,t-slaughter-1,1
2022,2022-dci-huntington,CG,h-nguyen-1,1
2022,2022-dci-huntington,GE1,j-howell-1,1
2022,2022-dci-huntington,GE2,g-miller-1,1
2022,2022-dci-huntington,MA,d-carbone-1,1
2022,2022-dci-huntington,MB,r-greenwell-1,1
2022,2022-dci-huntington,MP,j-brooks-1,1
2022,2022-dci-huntington,VA,b-mascaro-1,1
2022,2022-dci-huntington,VP,m-tarr-1,1
2022,2022-dci-little-rock,CG,t-pierce-1,1
2022,2022-dci-little-rock,GE1,s-adamo-1,1
2022,2022-dci-little-rock,GE2,a-brown-1,1
2022,2022-dci-little-rock,MA,j-bell-1,1
2022,2022-dci-little-rock,MB,s-smith-1,1
2022,2022-dci-little-rock,MP,t-hall-1,1
2022,2022-dci-little-rock,VA,d-torchia-1,1
2022,2022-dci-little-rock,VP,e-martinez-1,1
2022,2022-dci-mckinney,CG,d-torchia-1,1
2022,2022-dci-mckinney,GE1,c-raichle-1,1
2022,2022-dci-mckinney,GE2,j-bell-1,1
2022,2022-dci-mckinney,MA,k-turner-1,1
2022,2022-dci-mckinney,MB,a-brown-1,1
2022,2022-dci-mckinney,MP,j-ausdemore-1,1
2022,2022-dci-mckinney,VA,e-martinez-1,1
2022,2022-dci-mckinney,VP,s-adamo-1,1
2022,2022-dci-memphis,CG,unknown-unknown-1,3
2022,2022-dci-memphis,GE1,t-pierce-1,1
2022,2022-dci-memphis,GE2,g-miller-1,1
2022,2022-dci-memphis,MA,m-griffin-1,1
2022,2022-dci-memphis,MB,s-page-1,1
2022,2022-dci-memphis,MP,t-dempsey-1,1
2022,2022-dci-memphis,VA,c-church-1,1
2022,2022-dci-memphis,VP,k-baker-1,1
2022,2022-dci-mesquite,CG,c-raichle-1,1
2022,2022-dci-mesquite,GE1,s-adamo-1,1
2022,2022-dci-mesquite,GE2,k-turner-1,1
2022,2022-dci-mesquite,MA,b-huneycutt-1,1
2022,2022-dci-mesquite,MB,g-miller-1,1
2022,2022-dci-mesquite,MP,t-hall-1,1
2022,2022-dci-mesquite,VA,d-torchia-1,1
2022,2022-dci-mesquite,VP,e-martinez-1,1
2022,2022-dci-new-hampshire,CG,h-nguyen-1,1
2022,2022-dci-new-hampshire,GE1,g-llacer-1,1
2022,2022-dci-new-hampshire,GE2,p-furnari-1,1
2022,2022-dci-new-hampshire,MA,s-halquist-1,1
2022,2022-dci-new-hampshire,MB,d-thomas-1,1
2022,2022-dci-new-hampshire,MP,c-poole-1,1
2022,2022-dci-new-hampshire,VA,d-torchia-1,1
2022,2022-dci-new-hampshire,VP,c-raichle-1,1
2022,2022-dci-open-class-world-championship-prelims,CG,c-clayton-fisher-1,1
2022,2022-dci-open-class-world-championship-prelims,GE1,r-solomon-1,1
2022,2022-dci-open-class-world-championship-prelims,GE2,j-rhodes-1,1
2022,2022-dci-open-class-world-championship-prelims,MA,c-armbruster-1,1
2022,2022-dci-open-class-world-championship-prelims,MA,a-kristensen-1,2
2022,2022-dci-open-class-world-championship-prelims,MB,j-denton-1,1
2022,2022-dci-open-class-world-championship-prelims,MP,c-rapacki-1,1
2022,2022-dci-open-class-world-championship-prelims,VA,t-wingate-1,1
2022,2022-dci-open-class-world-championship-prelims,VP,m-turner-1,1
2022,2022-dci-pittsburgh,CG,j-howell-1,1
2022,2022-dci-pittsburgh,GE1,b-kuhn-1,1
2022,2022-dci-pittsburgh,GE2,c-hestin-1,1
2022,2022-dci-pittsburgh,MA,p-mcgarr-1,1
2022,2022-dci-pittsburgh,MB,d-orser-1,1
2022,2022-dci-pittsburgh,MP,t-fox-1,1
2022,2022-dci-pittsburgh,VA,j-orefice-1,1
2022,2022-dci-pittsburgh,VP,b-jones-1,1
2022,2022-dci-southeastern-championship,CG,unknown-unknown-1,3
2022,2022-dci-southeastern-championship,GE1,w-chumley-1,1
2022,2022-dci-southeastern-championship,GE1,w-rickart-1,2
2022,2022-dci-southeastern-championship,GE2,c-hestin-1,1
2022,2022-dci-southeastern-championship,GE2,g-miller-1,2
2022,2022-dci-southeastern-championship,MA,m-griffin-1,1
2022,2022-dci-southeastern-championship,MA,c-hestin-1,1
2022,2022-dci-southeastern-championship,MB,s-page-1,1
2022,2022-dci-southeastern-championship,MP,m-leitzke-1,1
2022,2022-dci-southeastern-championship,VA,b-kuhn-1,1
2022,2022-dci-southeastern-championship,VA,w-chumley-1,1
2022,2022-dci-southeastern-championship,VP,c-nelson-1,1
2022,2022-dci-southern-mississippi,CG,b-brahan-1,1
2022,2022-dci-southern-mississippi,GE1,k-miller-1,1
2022,2022-dci-southern-mississippi,GE2,m-waymire-1,1
2022,2022-dci-southern-mississippi,MA,s-page-1,1
2022,2022-dci-southern-mississippi,MB,j-missing-1,1
2022,2022-dci-southern-mississippi,MP,m-leitzke-1,1
2022,2022-dci-southern-mississippi,VA,t-slaughter-1,1
2022,2022-dci-southern-mississippi,VP,m-thompson-1,1
2022,2022-dci-southwestern-championship,CG,t-landess-1,1
2022,2022-dci-southwestern-championship,GE1,d-padilla-1,1
2022,2022-dci-southwestern-championship,GE1,c-rothe-1,2
2022,2022-dci-southwestern-championship,GE2,t-wemhoff-1,1
2022,2022-dci-southwestern-championship,GE2,k-young-1,2
2022,2022-dci-southwestern-championship,MA,d-carbone-1,1
2022,2022-dci-southwestern-championship,MA,w-dillon-1,2
2022,2022-dci-southwestern-championship,MB,m-hoskins-1,1
2022,2022-dci-southwestern-championship,MP,j-brooks-1,1
2022,2022-dci-southwestern-championship,VA,t-slaughter-1,1
2022,2022-dci-southwestern-championship,VP,c-moss-1,1
2022,2022-dci-sun-prairie,CG,m-czapinksi-1,1
2022,2022-dci-sun-prairie,GE1,c-quamme-1,1
2022,2022-dci-sun-prairie,GE2,j-denton-1,1
2022,2022-dci-sun-prairie,MA,c-armbruster-1,1
2022,2022-dci-sun-prairie,MB,s-halquist-1,1
2022,2022-dci-sun-prairie,MP,t-hall-1,1
2022,2022-dci-sun-prairie,VA,j-tate-1,1
2022,2022-dci-sun-prairie,VP,a-combites-1,1
2022,2022-dci-tour-premiere,CG,c-clayton-fisher-1,1
2022,2022-dci-tour-premiere,GE1,m-stone-1,1
2022,2022-dci-tour-premiere,GE2,j-bell-1,1
2022,2022-dci-tour-premiere,MA,j-webb-1,1
2022,2022-dci-tour-premiere,MB,k-weirich-1,1
2022,2022-dci-tour-premiere,MP,m-leitzke-1,1
2022,2022-dci-tour-premiere,VA,j-howell-1,1
2022,2022-dci-tour-premiere,VP,j-orefice-1,1
2022,2022-dci-tupelo,CG,b-brahan-1,1
2022,2022-dci-tupelo,GE1,k-miller-1,1
2022,2022-dci-tupelo,GE2,m-mcgahey-1,1
2022,2022-dci-tupelo,MA,m-waymire-1,1
2022,2022-dci-tupelo,MB,j-mills-1,1
2022,2022-dci-tupelo,MP,t-fox-1,1
2022,2022-dci-tupelo,VA,t-pierce-1,1
2022,2022-dci-tupelo,VP,d-padilla-1,1
2022,2022-dci-west,CG,g-oliviero-1,1
2022,2022-dci-west,GE1,t-wemhoff-1,1
2022,2022-dci-west,GE2,m-waymire-1,1
2022,2022-dci-west,MA,n-jones-1,1
2022,2022-dci-west,MB,j-loyde-1,1
2022,2022-dci-west,MP,j-ausdemore-1,1
2022,2022-dci-west,VA,p-madden-1,1
2022,2022-dci-west,VP,j-sturgeon-1,1
2022,2022-dci-world-championship-finals,CG,h-nguyen-1,1
2022,2022-dci-world-championship-finals,GE1,k-miller-1,1
2022,2022-dci-world-championship-finals,GE1,w-rickart-1,2
2022,2022-dci-world-championship-finals,GE2,g-fugett-1,1
2022,2022-dci-world-championship-finals,GE2,m-waymire-1,2
2022,2022-dci-world-championship-finals,MA,m-griffin-1,1
2022,2022-dci-world-championship-finals,MA,w-dillon-1,2
2022,2022-dci-world-championship-finals,MB,s-page-1,1
2022,2022-dci-world-championship-finals,MP,j-ausdemore-1,1
2022,2022-dci-world-championship-finals,VA,g-oliviero-1,1
2022,2022-dci-world-championship-finals,VP,c-nelson-1,1
2022,2022-dci-world-championship-prelims,CG,unknown-unknown-1,3
2022,2022-dci-world-championship-prelims,GE1,d-padilla-1,1
2022,2022-dci-world-championship-prelims,GE1,t-wemhoff-1,2
2022,2022-dci-world-championship-prelims,GE2,c-hestin-1,1
2022,2022-dci-world-championship-prelims,GE2,g-miller-1,2
2022,2022-dci-world-championship-prelims,MA,j-webb-1,1
2022,2022-dci-world-championship-prelims,MA,r-greenwell-1,2
2022,2022-dci-world-championship-prelims,MB,b-fabrizio-1,1
2022,2022-dci-world-championship-prelims,MP,j-brooks-1,1
2022,2022-dci-world-championship-prelims,VA,b-kuhn-1,1
2022,2022-dci-world-championship-prelims,VP,c-moss-1,1
2022,2022-dci-world-championship-semifinals,CG,t-landess-1,1
2022,2022-dci-world-championship-semifinals,GE1,m-mccourt-1,1
2022,2022-dci-world-championship-semifinals,GE1,w-chumley-1,2
2022,2022-dci-world-championship-semifinals,GE2,c-rothe-1,1
2022,2022-dci-world-championship-semifinals,GE2,k-young-1,2
2022,2022-dci-world-championship-semifinals,MA,d-carbone-1,1
2022,2022-dci-world-championship-semifinals,MA,n-jones-1,2
2022,2022-dci-world-championship-semifinals,MB,m-hoskins-1,1
2022,2022-dci-world-championship-semifinals,MP,m-leitzke-1,1
2022,2022-dci-world-championship-semifinals,VA,t-slaughter-1,1
2022,2022-dci-world-championship-semifinals,VP,j-sturgeon-1,1
2022,2022-diablo-valley-classic-pacific-open-class-championship-finals,CG,r-solomon-1,1
2022,2022-diablo-valley-classic-pacific-open-class-championship-finals,GE1,t-wingate-1,1
2022,2022-diablo-valley-classic-pacific-open-class-championship-finals,GE2,j-rhodes-1,1
2022,2022-diablo-valley-classic-pacific-open-class-championship-finals,MA,a-kristensen-1,1
2022,2022-diablo-valley-classic-pacific-open-class-championship-finals,MB,p-haines-1,1
2022,2022-diablo-valley-classic-pacific-open-class-championship-finals,MP,b-williams-1,1
2022,2022-diablo-valley-classic-pacific-open-class-championship-finals,VA,c-nelson-1,1
2022,2022-diablo-valley-classic-pacific-open-class-championship-finals,VP,j-gilley-1,1
2022,2022-diablo-valley-classic-pacific-open-class-championship-finals,VP,c-nelson-1,1
2022,2022-drum-corps-at-the-rose-bowl,CG,k-miller-1,1
2022,2022-drum-corps-at-the-rose-bowl,GE1,r-solomon-1,1
2022,2022-drum-corps-at-the-rose-bowl,GE2,g-fugett-1,1
2022,2022-drum-corps-at-the-rose-bowl,MA,m-griffin-1,1
2022,2022-drum-corps-at-the-rose-bowl,MB,m-hoskins-1,1
2022,2022-drum-corps-at-the-rose-bowl,MP,a-kristensen-1,1
2022,2022-drum-corps-at-the-rose-bowl,VA,e-martinez-1,1
2022,2022-drum-corps-at-the-rose-bowl,VP,c-nelson-1,1
2022,2022-drums-across-america-atlanta,CG,unknown-unknown-1,3
2022,2022-drums-across-america-atlanta,GE1,m-stone-1,1
2022,2022-drums-across-america-atlanta,GE2,c-phillips-1,1
2022,2022-drums-across-america-atlanta,MA,d-carbone-1,1
2022,2022-drums-across-america-atlanta,MB,m-hoskins-1,1
2022,2022-drums-across-america-atlanta,MP,c-romanowski-1,1
2022,2022-drums-across-america-atlanta,VA,c-moss-1,1
2022,2022-drums-across-america-atlanta,VP,s-adamo-1,1
2022,2022-drums-across-the-desert,CG,r-solomon-1,1
2022,2022-drums-across-the-desert,GE1,j-sturgeon-1,1
2022,2022-drums-across-the-desert,GE2,g-miller-1,1
2022,2022-drums-across-the-desert,MA,r-greenwell-1,1
2022,2022-drums-across-the-desert,MB,k-shuttlesworth-1,1
2022,2022-drums-across-the-desert,MP,m-teal-1,1
2022,2022-drums-across-the-desert,VA,r-jett-1,1
2022,2022-drums-across-the-desert,VP,e-martinez-1,1
2022,2022-drums-across-the-smokies,CG,d-deems-1,1
2022,2022-drums-across-the-smokies,GE1,j-orefice-1,1
2022,2022-drums-across-the-smokies,GE2,d-aydelott-1,1
2022,2022-drums-across-the-smokies,MA,r-greenwell-1,1
2022,2022-drums-across-the-smokies,MB,a-cook-1,1
2022,2022-drums-across-the-smokies,MP,t-hall-1,1
2022,2022-drums-across-the-smokies,VA,c-church-1,1
2022,2022-drums-across-the-smokies,VP,t-hudnall-1,1
2022,2022-drums-along-the-columbia,CG,w-chumley-1,1
2022,2022-drums-along-the-columbia,GE1,m-anderson-1,1
2022,2022-drums-along-the-columbia,GE2,m-waymire-1,1
2022,2022-drums-along-the-columbia,MA,p-haines-1,1
2022,2022-drums-along-the-columbia,MB,j-loyde-1,1
2022,2022-drums-along-the-columbia,MP,j-ausdemore-1,1
2022,2022-drums-along-the-columbia,VA,r-comfort-1,1
2022,2022-drums-along-the-columbia,VP,c-costanza-1,1
2022,2022-drums-along-the-rockies,CG,h-nguyen-1,1
2022,2022-drums-along-the-rockies,GE1,w-chumley-1,1
2022,2022-drums-along-the-rockies,GE2,g-fugett-1,1
2022,2022-drums-along-the-rockies,MA,r-greenwell-1,1
2022,2022-drums-along-the-rockies,MB,c-phillips-1,1
2022,2022-drums-along-the-rockies,MP,m-leitzke-1,1
2022,2022-drums-along-the-rockies,VA,c-quamme-1,1
2022,2022-drums-along-the-rockies,VP,s-chumley-1,1
2022,2022-drums-of-fire,CG,m-turner-1,1
2022,2022-drums-of-fire,GE1,m-anderson-1,1
2022,2022-drums-of-fire,GE2,n-jones-1,1
2022,2022-drums-of-fire,MA,j-davila-1,1
2022,2022-drums-of-fire,MB,j-missing-1,1
2022,2022-drums-of-fire,MP,j-wilson-1,1
2022,2022-drums-of-fire,VA,r-comfort-1,1
2022,2022-drums-of-fire,VP,c-costanza-1,1
2022,2022-drums-on-parade,CG,c-quamme-1,1
2022,2022-drums-on-parade,GE1,k-giese-1,1
2022,2022-drums-on-parade,GE2,j-rhodes-1,1
2022,2022-drums-on-parade,MA,r-rios-1,1
2022,2022-drums-on-parade,MB,m-hoskins-1,1
2022,2022-drums-on-parade,MP,j-brooks-1,1
2022,2022-drums-on-parade,VA,k-baker-1,1
2022,2022-drums-on-parade,VP,j-gilley-1,1
2022,2022-drums-on-the-chippewa,CG,a-combites-1,1
2022,2022-drums-on-the-chippewa,GE1,j-pursifull-1,1
2022,2022-drums-on-the-chippewa,GE2,m-davis-1,1
2022,2022-drums-on-the-chippewa,MA,d-carbone-1,1
2022,2022-drums-on-the-chippewa,MB,m-mcgahey-1,1
2022,2022-drums-on-the-chippewa,MP,j-wilson-1,1
2022,2022-drums-on-the-chippewa,VA,k-giese-1,1
2022,2022-drums-on-the-chippewa,VP,s-chumley-1,1
2022,2022-drums-on-the-ohio,CG,b-spidel-1,1
2022,2022-drums-on-the-ohio,GE1,t-hudnall-1,1
2022,2022-drums-on-the-ohio,GE2,n-jones-1,1
2022,2022-drums-on-the-ohio,MA,j-harper-1,1
2022,2022-drums-on-the-ohio,MB,a-cook-1,1
2022,2022-drums-on-the-ohio,MP,c-romanowski-1,1
2022,2022-drums-on-the-ohio,VA,c-clayton-fisher-1,1
2022,2022-drums-on-the-ohio,VP,t-landess-1,1
2022,2022-east-coast-classic,CG,m-thompson-1,1
2022,2022-east-coast-classic,GE1,g-oliviero-1,1
2022,2022-east-coast-classic,GE2,w-dillon-1,1
2022,2022-east-coast-classic,MA,m-griffin-1,1
2022,2022-east-coast-classic,MB,b-fabrizio-1,1
2022,2022-east-coast-classic,MP,p-furnari-1,1
2022,2022-east-coast-classic,VA,d-torchia-1,1
2022,2022-east-coast-classic,VP,c-raichle-1,1
2022,2022-gold-showcase,CG,m-czapinksi-1,1
2022,2022-gold-showcase,GE1,c-nelson-1,1
2022,2022-gold-showcase,GE2,k-weirich-1,1
2022,2022-gold-showcase,MA,p-haines-1,1
2022,2022-gold-showcase,MB,b-huneycutt-1,1
2022,2022-gold-showcase,MP,b-williams-1,1
2022,2022-gold-showcase,VA,m-turner-1,1
2022,2022-gold-showcase,VP,r-jett-1,1
2022,2022-golden-state-showdown,CG,j-gilley-1,1
2022,2022-golden-state-showdown,GE1,r-solomon-1,1
2022,2022-golden-state-showdown,GE2,a-cook-1,1
2022,2022-golden-state-showdown,MA,j-rhodes-1,1
2022,2022-golden-state-showdown,MB,j-denton-1,1
2022,2022-golden-state-showdown,MP,a-kristensen-1,1
2022,2022-golden-state-showdown,VA,t-wingate-1,1
2022,2022-golden-state-showdown,VP,c-nelson-1,1
2022,2022-golden-state-showdown,VP,r-solomon-1,1
2022,2022-innovations-in-brass-northeast-ohio,CG,b-spidel-1,1
2022,2022-innovations-in-brass-northeast-ohio,GE1,j-howell-1,1
2022,2022-innovations-in-brass-northeast-ohio,GE2,g-fugett-1,1
2022,2022-innovations-in-brass-northeast-ohio,MA,g-fugett-1,1
2022,2022-innovations-in-brass-northeast-ohio,MA,d-carbone-1,1
2022,2022-innovations-in-brass-northeast-ohio,MB,p-mcgarr-1,1
2022,2022-innovations-in-brass-northeast-ohio,MP,j-ausdemore-1,1
2022,2022-innovations-in-brass-northeast-ohio,VA,j-howell-1,1
2022,2022-innovations-in-brass-northeast-ohio,VA,d-deems-1,1
2022,2022-innovations-in-brass-northeast-ohio,VP,t-landess-1,1
2022,2022-legends-drum-corps-invitational,CG,k-kuhn-1,1
2022,2022-legends-drum-corps-invitational,GE1,j-orefice-1,1
2022,2022-legends-drum-corps-invitational,GE2,k-young-1,1
2022,2022-legends-drum-corps-invitational,MA,c-armbruster-1,1
2022,2022-legends-drum-corps-invitational,MB,d-orser-1,1
2022,2022-legends-drum-corps-invitational,MP,t-fox-1,1
2022,2022-legends-drum-corps-invitational,VA,j-pursifull-1,1
2022,2022-legends-drum-corps-invitational,VP,t-landess-1,1
2022,2022-legends-drum-corps-open,CG,c-quamme-1,1
2022,2022-legends-drum-corps-open,GE1,j-orefice-1,1
2022,2022-legends-drum-corps-open,GE2,j-denton-1,1
2022,2022-legends-drum-corps-open,MA,j-kennedy-1,1
2022,2022-legends-drum-corps-open,MB,j-missing-1,1
2022,2022-legends-drum-corps-open,MP,c-rapacki-1,1
2022,2022-legends-drum-corps-open,VA,t-wingate-1,1
2022,2022-legends-drum-corps-open,VP,m-turner-1,1
2022,2022-march-on,CG,c-clayton-fisher-1,1
2022,2022-march-on,GE1,a-combites-1,1
2022,2022-march-on,GE2,s-halquist-1,1
2022,2022-march-on,MA,s-halquist-1,1
2022,2022-march-on,MA,c-armbruster-1,1
2022,2022-march-on,MB,j-missing-1,1
2022,2022-march-on,MP,m-davis-1,1
2022,2022-march-on,VA,a-combites-1,1
2022,2022-march-on,VA,j-tate-1,1
2022,2022-march-on,VP,k-baker-1,1
2022,2022-march-on,VP,j-tate-1,1
2022,2022-midcal-champions-showcase,CG,r-comfort-1,1
2022,2022-midcal-champions-showcase,GE1,s-chumley-1,1
2022,2022-midcal-champions-showcase,GE2,j-harper-1,1
2022,2022-midcal-champions-showcase,MA,d-davis-1,1
2022,2022-midcal-champions-showcase,MB,m-rubino-1,1
2022,2022-midcal-champions-showcase,MP,a-kristensen-1,1
2022,2022-midcal-champions-showcase,VA,g-oliviero-1,1
2022,2022-midcal-champions-showcase,VP,m-turner-1,1
2022,2022-music-on-the-march,CG,t-wingate-1,1
2022,2022-music-on-the-march,GE1,j-tate-1,1
2022,2022-music-on-the-march,GE2,d-davis-1,1
2022,2022-music-on-the-march,MA,b-mascaro-1,1
2022,2022-music-on-the-march,MB,p-haines-1,1
2022,2022-music-on-the-march,MP,j-missing-1,1
2022,2022-music-on-the-march,VA,c-dillon-1,1
2022,2022-music-on-the-march,VP,j-missing-1,1
2022,2022-music-on-the-march,VP,c-dillon-1,1
2022,2022-music-on-the-mountain,CG,m-bowers-1,1
2022,2022-music-on-the-mountain,GE1,j-howell-1,1
2022,2022-music-on-the-mountain,GE2,j-mills-1,1
2022,2022-music-on-the-mountain,MA,k-weirich-1,1
2022,2022-music-on-the-mountain,MB,c-marra-1,1
2022,2022-music-on-the-mountain,MP,t-mengel-1,1
2022,2022-music-on-the-mountain,VA,b-thomas-1,1
2022,2022-music-on-the-mountain,VP,b-jones-1,1
2022,2022-nightbeat,CG,unknown-unknown-1,3
2022,2022-nightbeat,GE1,w-rickart-1,1
2022,2022-nightbeat,GE2,j-bell-1,1
2022,2022-nightbeat,MA,r-greenwell-1,1
2022,2022-nightbeat,MA,c-hestin-1,2
2022,2022-nightbeat,MB,j-harper-1,1
2022,2022-nightbeat,MP,m-leitzke-1,1
2022,2022-nightbeat,VA,b-kuhn-1,1
2022,2022-nightbeat,VP,c-nelson-1,1
2022,2022-open-class-world-championship-finals,CG,c-quamme-1,1
2022,2022-open-class-world-championship-finals,GE1,m-czapinksi-1,1
2022,2022-open-class-world-championship-finals,GE2,j-denton-1,1
2022,2022-open-class-world-championship-finals,MA,j-kennedy-1,1
2022,2022-open-class-world-championship-finals,MA,k-weirich-1,2
2022,2022-open-class-world-championship-finals,MB,a-cook-1,1
2022,2022-open-class-world-championship-finals,MP,a-kristensen-1,1
2022,2022-open-class-world-championship-finals,VA,d-deems-1,1
2022,2022-open-class-world-championship-finals,VP,r-solomon-1,1
2022,2022-resound,CG,t-wingate-1,1
2022,2022-resound,GE1,c-nelson-1,1
2022,2022-resound,GE2,j-denton-1,1
2022,2022-resound,MA,a-kristensen-1,1
2022,2022-resound,MB,a-cook-1,1
2022,2022-resound,MP,j-wilson-1,1
2022,2022-resound,VA,j-gilley-1,1
2022,2022-resound,VP,r-solomon-1,1
2022,2022-river-city-rhapsody-la-crosse,CG,t-wingate-1,1
2022,2022-river-city-rhapsody-la-crosse,GE1,b-mascaro-1,1
2022,2022-river-city-rhapsody-la-crosse,GE2,a-lo-1,1
2022,2022-river-city-rhapsody-la-crosse,MA,r-greenwell-1,1
2022,2022-river-city-rhapsody-la-crosse,MB,s-page-1,1
2022,2022-river-city-rhapsody-la-crosse,MP,j-davila-1,1
2022,2022-river-city-rhapsody-la-crosse,VA,c-dillon-1,1
2022,2022-river-city-rhapsody-la-crosse,VP,j-tate-1,1
2022,2022-river-city-rhapsody-la-crosse,VP,b-mascaro-1,1
2022,2022-riverside-open,CG,m-turner-1,1
2022,2022-riverside-open,GE1,m-czapinksi-1,1
2022,2022-riverside-open,GE2,c-rothe-1,1
2022,2022-riverside-open,MA,k-weirich-1,1
2022,2022-riverside-open,MB,a-cook-1,1
2022,2022-riverside-open,MP,m-leitzke-1,1
2022,2022-riverside-open,VA,r-jett-1,1
2022,2022-riverside-open,VP,c-nelson-1,1
2022,2022-rotary-music-festival,CG,j-gilley-1,1
2022,2022-rotary-music-festival,GE1,c-quamme-1,1
2022,2022-rotary-music-festival,GE2,m-hoskins-1,1
2022,2022-rotary-music-festival,MA,j-rhodes-1,1
2022,2022-rotary-music-festival,MB,r-rios-1,1
2022,2022-rotary-music-festival,MP,d-carbone-1,1
2022,2022-rotary-music-festival,VA,k-giese-1,1
2022,2022-rotary-music-festival,VP,k-baker-1,1
2022,2022-rotary-music-festival,VP,k-giese-1,1
2022,2022-seattle-summer-music-games,CG,r-comfort-1,1
2022,2022-seattle-summer-music-games,GE1,c-costanza-1,1
2022,2022-seattle-summer-music-games,GE2,k-young-1,1
2022,2022-seattle-summer-music-games,MA,n-jones-1,1
2022,2022-seattle-summer-music-games,MB,s-page-1,1
2022,2022-seattle-summer-music-games,MP,j-davila-1,1
2022,2022-seattle-summer-music-games,VA,m-anderson-1,1
2022,2022-seattle-summer-music-games,VP,m-turner-1,1
2022,2022-shoremen-brass-classic,CG,d-deems-1,1
2022,2022-shoremen-brass-classic,GE1,m-czapinksi-1,1
2022,2022-shoremen-brass-classic,GE2,j-rhodes-1,1
2022,2022-shoremen-brass-classic,MA,j-rhodes-1,1
2022,2022-shoremen-brass-classic,MA,k-weirich-1,1
2022,2022-shoremen-brass-classic,MB,a-cook-1,1
2022,2022-shoremen-brass-classic,MP,a-kristensen-1,1
2022,2022-shoremen-brass-classic,VA,m-czapinksi-1,1
2022,2022-shoremen-brass-classic,VA,c-clayton-fisher-1,1
2022,2022-shoremen-brass-classic,VP,r-solomon-1,1
2022,2022-so-cal-classic,CG,c-nelson-1,1
2022,2022-so-cal-classic,GE1,r-jett-1,1
2022,2022-so-cal-classic,GE2,b-huneycutt-1,1
2022,2022-so-cal-classic,MA,k-weirich-1,1
2022,2022-so-cal-classic,MB,c-phillips-1,1
2022,2022-so-cal-classic,MP,c-rothe-1,1
2022,2022-so-cal-classic,VA,m-czapinksi-1,1
2022,2022-so-cal-classic,VP,m-turner-1,1
2022,2022-soaring-sounds,CG,c-church-1,1
2022,2022-soaring-sounds,GE1,d-deems-1,1
2022,2022-soaring-sounds,GE2,k-young-1,1
2022,2022-soaring-sounds,MA,k-young-1,1
2022,2022-soaring-sounds,MA,w-dillon-1,1
2022,2022-soaring-sounds,MB,b-crisp-1,1
2022,2022-soaring-sounds,MP,t-fox-1,1
2022,2022-soaring-sounds,VA,d-deems-1,1
2022,2022-soaring-sounds,VA,j-orefice-1,1
2022,2022-soaring-sounds,VP,b-jones-1,1
2022,2022-spartan-thunder,CG,m-bowers-1,1
2022,2022-spartan-thunder,GE1,b-kuhn-1,1
2022,2022-spartan-thunder,GE2,j-denton-1,1
2022,2022-spartan-thunder,MA,j-denton-1,1
2022,2022-spartan-thunder,MA,c-armbruster-1,1
2022,2022-spartan-thunder,MB,b-crisp-1,1
2022,2022-spartan-thunder,MP,t-fox-1,1
2022,2022-spartan-thunder,VA,b-kuhn-1,1
2022,2022-spartan-thunder,VA,j-pursifull-1,1
2022,2022-spartan-thunder,VP,k-kuhn-1,1
2022,2022-summer-music-games-in-cincinnati,CG,t-landess-1,1
2022,2022-summer-music-games-in-cincinnati,GE1,b-spidel-1,1
2022,2022-summer-music-games-in-cincinnati,GE2,m-leitzke-1,1
2022,2022-summer-music-games-in-cincinnati,MA,m-leitzke-1,1
2022,2022-summer-music-games-in-cincinnati,MA,b-crisp-1,1
2022,2022-summer-music-games-in-cincinnati,MB,c-marra-1,1
2022,2022-summer-music-games-in-cincinnati,MP,t-fox-1,1
2022,2022-summer-music-games-in-cincinnati,VA,b-spidel-1,1
2022,2022-summer-music-games-in-cincinnati,VA,t-hudnall-1,1
2022,2022-summer-music-games-in-cincinnati,VP,c-clayton-fisher-1,1
2022,2022-summer-music-games-of-southwest-virginia,CG,d-padilla-1,1
2022,2022-summer-music-games-of-southwest-virginia,GE1,b-jones-1,1
2022,2022-summer-music-games-of-southwest-virginia,GE2,k-turner-1,1
2022,2022-summer-music-games-of-southwest-virginia,MA,w-dillon-1,1
2022,2022-summer-music-games-of-southwest-virginia,MB,s-halquist-1,1
2022,2022-summer-music-games-of-southwest-virginia,MP,m-davis-1,1
2022,2022-summer-music-games-of-southwest-virginia,VA,b-mascaro-1,1
2022,2022-summer-music-games-of-southwest-virginia,VP,j-missing-1,1
2022,2022-summer-thunder,CG,m-thompson-1,1
2022,2022-summer-thunder,GE1,b-mascaro-1,1
2022,2022-summer-thunder,GE2,d-thomas-1,1
2022,2022-summer-thunder,MA,b-fabrizio-1,1
2022,2022-summer-thunder,MA,d-thomas-1,1
2022,2022-summer-thunder,MB,s-halquist-1,1
2022,2022-summer-thunder,MP,t-mengel-1,1
2022,2022-summer-thunder,VA,s-adamo-1,1
2022,2022-summer-thunder,VA,b-mascaro-1,1
2022,2022-summer-thunder,VP,j-tate-1,1
2022,2022-the-beanpot,CG,c-raichle-1,1
2022,2022-the-beanpot,GE1,d-torchia-1,1
2022,2022-the-beanpot,GE2,b-fabrizio-1,1
2022,2022-the-beanpot,MA,w-dillon-1,1
2022,2022-the-beanpot,MB,p-mcgarr-1,1
2022,2022-the-beanpot,MP,j-brooks-1,1
2022,2022-the-beanpot,VA,g-oliviero-1,1
2022,2022-the-beanpot,VP,m-thompson-1,1
2022,2022-the-masters-of-the-summer-music-games,CG,k-miller-1,1
2022,2022-the-masters-of-the-summer-music-games,GE1,t-slaughter-1,1
2022,2022-the-masters-of-the-summer-music-games,GE2,g-fugett-1,1
2022,2022-the-masters-of-the-summer-music-games,MA,w-dillon-1,1
2022,2022-the-masters-of-the-summer-music-games,MB,m-hoskins-1,1
2022,2022-the-masters-of-the-summer-music-games,MP,j-ausdemore-1,1
2022,2022-the-masters-of-the-summer-music-games,VA,t-pierce-1,1
2022,2022-the-masters-of-the-summer-music-games,VP,m-thompson-1,1
2022,2022-the-thunder-of-drums,CG,s-chumley-1,1
2022,2022-the-thunder-of-drums,GE1,k-giese-1,1
2022,2022-the-thunder-of-drums,GE2,c-rothe-1,1
2022,2022-the-thunder-of-drums,MA,c-rothe-1,1
2022,2022-the-thunder-of-drums,MA,m-davis-1,1
2022,2022-the-thunder-of-drums,MB,c-armbruster-1,1
2022,2022-the-thunder-of-drums,MP,c-poole-1,1
2022,2022-the-thunder-of-drums,VA,k-giese-1,1
2022,2022-the-thunder-of-drums,VA,j-pursifull-1,1
2022,2022-the-thunder-of-drums,VP,a-combites-1,1
2022,2022-the-thunder-of-drums,VP,k-giese-1,1
2022,2022-tour-of-champions-northern-illinois,CG,c-dillon-1,1
2022,2022-tour-of-champions-northern-illinois,GE1,t-wingate-1,1
2022,2022-tour-of-champions-northern-illinois,GE2,m-waymire-1,1
2022,2022-tour-of-champions-northern-illinois,MA,w-dillon-1,1
2022,2022-tour-of-champions-northern-illinois,MB,a-lo-1,1
2022,2022-tour-of-champions-northern-illinois,MP,c-rapacki-1,1
2022,2022-tour-of-champions-northern-illinois,VA,j-tate-1,1
2022,2022-tour-of-champions-northern-illinois,VP,b-mascaro-1,1
2022,2022-tournament-of-drums,CG,d-deems-1,1
2022,2022-tournament-of-drums,GE1,m-czapinksi-1,1
2022,2022-tournament-of-drums,GE2,j-rhodes-1,1
2022,2022-tournament-of-drums,MA,a-kristensen-1,1
2022,2022-tournament-of-drums,MB,a-cook-1,1
2022,2022-tournament-of-drums,MP,m-davis-1,1
2022,2022-tournament-of-drums,VA,c-clayton-fisher-1,1
2022,2022-tournament-of-drums,VP,r-solomon-1,1
2022,2022-west-texas-drums,CG,t-landess-1,1
2022,2022-west-texas-drums,GE1,m-stone-1,1
2022,2022-west-texas-drums,GE2,c-hestin-1,1
2022,2022-west-texas-drums,MA,j-webb-1,1
2022,2022-west-texas-drums,MB,d-thomas-1,1
2022,2022-west-texas-drums,MP,j-brooks-1,1
2022,2022-west-texas-drums,VA,e-martinez-1,1
2022,2022-west-texas-drums,VP,j-missing-1,1
2022,2022-western-corps-connection,CG,r-solomon-1,1
2022,2022-western-corps-connection,GE1,k-miller-1,1
2022,2022-western-corps-connection,GE2,m-hoskins-1,1
2022,2022-western-corps-connection,MA,g-fugett-1,1
2022,2022-western-corps-connection,MB,m-rubino-1,1
2022,2022-western-corps-connection,MP,m-griffin-1,1
2022,2022-western-corps-connection,VA,c-nelson-1,1
2022,2022-western-corps-connection,VP,e-martinez-1,1
2022,2022-whitewater-classic,CG,m-mccourt-1,1
2022,2022-whitewater-classic,GE1,j-sturgeon-1,1
2022,2022-whitewater-classic,GE2,d-davis-1,1
2022,2022-whitewater-classic,MA,k-young-1,1
2022,2022-whitewater-classic,MB,a-cook-1,1
2022,2022-whitewater-classic,MP,t-hall-1,1
2022,2022-whitewater-classic,VA,t-slaughter-1,1
2022,2022-whitewater-classic,VP,t-wingate-1,1
2022,2022-whitewater-classic,VP,m-mccourt-1,1
2023,2023-beats-in-the-brook,CG,m-bowers-1,1
2023,2023-beats-in-the-brook,GE1,c-church-1,1
2023,2023-beats-in-the-brook,GE2,m-howard-1,1
2023,2023-beats-in-the-brook,MA,m-howard-1,1
2023,2023-beats-in-the-brook,MA,s-page-1,1
2023,2023-beats-in-the-brook,MB,c-armbruster-1,1
2023,2023-beats-in-the-brook,MP,m-leitzke-1,1
2023,2023-beats-in-the-brook,VA,c-church-1,1
2023,2023-beats-in-the-brook,VA,b-kuhn-1,1
2023,2023-beats-in-the-brook,VP,k-kuhn-1,1
2023,2023-beats-in-the-brook,VP,s-page-1,1
2023,2023-brass-impact,CG,m-turner-1,1
2023,2023-brass-impact,GE1,c-costanza-1,1
2023,2023-brass-impact,GE2,m-griffin-1,1
2023,2023-brass-impact,MA,k-weirich-1,1
2023,2023-brass-impact,MB,b-crisp-1,1
2023,2023-brass-impact,MP,a-kristensen-1,1
2023,2023-brass-impact,VA,j-pursifull-1,1
2023,2023-brass-impact,VP,c-nelson-1,1
2023,2023-brass-impact,VP,m-turner-1,1
2023,2023-brigadier-s-pageant-of-drums,CG,m-bowers-1,3
2023,2023-brigadier-s-pageant-of-drums,GE1,t-wingate-1,1
2023,2023-brigadier-s-pageant-of-drums,GE2,c-poole-1,2
2023,2023-brigadier-s-pageant-of-drums,MA,s-halquist-1,2
2023,2023-brigadier-s-pageant-of-drums,MB,b-fabrizio-1,1
2023,2023-brigadier-s-pageant-of-drums,MP,p-smith-1,3
2023,2023-brigadier-s-pageant-of-drums,VA,t-ochran-1,2
2023,2023-brigadier-s-pageant-of-drums,VP,j-campbell-1,1
2023,2023-brigadiers-pageant-of-drums,CG,m-bowers-1,1
2023,2023-brigadiers-pageant-of-drums,GE1,t-wingate-1,1
2023,2023-brigadiers-pageant-of-drums,GE2,c-poole-1,1
2023,2023-brigadiers-pageant-of-drums,MA,s-halquist-1,1
2023,2023-brigadiers-pageant-of-drums,MB,b-fabrizio-1,1
2023,2023-brigadiers-pageant-of-drums,MP,p-smith-1,1
2023,2023-brigadiers-pageant-of-drums,VA,t-ochran-1,1
2023,2023-brigadiers-pageant-of-drums,VP,j-campbell-1,1
2023,2023-cavalcade-of-brass,CG,k-kuhn-1,1
2023,2023-cavalcade-of-brass,GE1,m-tarr-1,1
2023,2023-cavalcade-of-brass,GE2,n-jones-1,1
2023,2023-cavalcade-of-brass,MA,j-rhodes-1,1
2023,2023-cavalcade-of-brass,MB,b-fabrizio-1,1
2023,2023-cavalcade-of-brass,MP,j-davila-1,1
2023,2023-cavalcade-of-brass,VA,d-torchia-1,1
2023,2023-cavalcade-of-brass,VP,s-chumley-1,1
2023,2023-celebration-in-brass,CG,j-gilley-1,1
2023,2023-celebration-in-brass,GE1,t-slaughter-1,1
2023,2023-celebration-in-brass,GE2,d-davis-1,1
2023,2023-celebration-in-brass,MA,t-dempsey-1,1
2023,2023-celebration-in-brass,MB,j-denton-1,1
2023,2023-celebration-in-brass,MP,j-missing-1,1
2023,2023-celebration-in-brass,VA,c-moss-1,1
2023,2023-celebration-in-brass,VP,j-missing-1,1
2023,2023-corps-at-the-crest-san-diego,CG,j-sturgeon-1,1
2023,2023-corps-at-the-crest-san-diego,GE1,t-ochran-1,1
2023,2023-corps-at-the-crest-san-diego,GE2,w-dillon-1,1
2023,2023-corps-at-the-crest-san-diego,MA,c-rothe-1,1
2023,2023-corps-at-the-crest-san-diego,MB,m-mcgahey-1,1
2023,2023-corps-at-the-crest-san-diego,MP,a-kristensen-1,1
2023,2023-corps-at-the-crest-san-diego,VA,c-nelson-1,1
2023,2023-corps-at-the-crest-san-diego,VP,r-solomon-1,1
2023,2023-corps-encore,CG,s-chumley-1,1
2023,2023-corps-encore,GE1,w-chumley-1,1
2023,2023-corps-encore,GE2,p-haines-1,1
2023,2023-corps-encore,MA,j-kennedy-1,1
2023,2023-corps-encore,MB,r-rios-1,1
2023,2023-corps-encore,MP,m-teal-1,1
2023,2023-corps-encore,VA,p-madden-1,1
2023,2023-corps-encore,VP,a-combites-1,1
2023,2023-corps-encore,VP,p-haines-1,1
2023,2023-crownbeat,CG,d-padilla-1,1
2023,2023-crownbeat,GE1,m-mccourt-1,1
2023,2023-crownbeat,GE2,d-carbone-1,1
2023,2023-crownbeat,MA,j-harper-1,1
2023,2023-crownbeat,MB,m-mcgahey-1,1
2023,2023-crownbeat,MP,j-brooks-1,1
2023,2023-crownbeat,VA,k-baker-1,1
2023,2023-crownbeat,VP,j-tate-1,1
2023,2023-dci-abilene,CG,j-gilley-1,1
2023,2023-dci-abilene,GE1,g-oliviero-1,1
2023,2023-dci-abilene,GE2,k-weirich-1,1
2023,2023-dci-abilene,MA,m-teal-1,1
2023,2023-dci-abilene,MB,b-crisp-1,1
2023,2023-dci-abilene,MP,a-kristensen-1,1
2023,2023-dci-abilene,VA,t-slaughter-1,1
2023,2023-dci-abilene,VP,w-chumley-1,1
2023,2023-dci-austin,CG,d-padilla-1,1
2023,2023-dci-austin,GE1,k-miller-1,1
2023,2023-dci-austin,GE2,j-loyde-1,1
2023,2023-dci-austin,MA,k-shuttlesworth-1,1
2023,2023-dci-austin,MB,p-mcgarr-1,1
2023,2023-dci-austin,MP,j-brooks-1,1
2023,2023-dci-austin,VA,j-tate-1,1
2023,2023-dci-austin,VP,t-slaughter-1,1
2023,2023-dci-birmingham,CG,k-miller-1,1
2023,2023-dci-birmingham,GE1,b-brahan-1,1
2023,2023-dci-birmingham,GE2,m-waymire-1,1
2023,2023-dci-birmingham,MA,m-howard-1,1
2023,2023-dci-birmingham,MB,s-page-1,1
2023,2023-dci-birmingham,MP,t-hall-1,1
2023,2023-dci-birmingham,VA,w-chumley-1,1
2023,2023-dci-birmingham,VP,c-costanza-1,1
2023,2023-dci-broken-arrow,CG,m-turner-1,1
2023,2023-dci-broken-arrow,GE1,c-costanza-1,1
2023,2023-dci-broken-arrow,GE2,j-webb-1,1
2023,2023-dci-broken-arrow,MA,d-davis-1,1
2023,2023-dci-broken-arrow,MB,m-hoskins-1,1
2023,2023-dci-broken-arrow,MP,m-griffin-1,1
2023,2023-dci-broken-arrow,VA,j-pursifull-1,1
2023,2023-dci-broken-arrow,VP,c-nelson-1,1
2023,2023-dci-broken-arrow,VP,j-pursifull-1,1
2023,2023-dci-capital-classic,CG,r-jett-1,1
2023,2023-dci-capital-classic,GE1,m-turner-1,1
2023,2023-dci-capital-classic,GE2,unknown-unknown-1,2
2023,2023-dci-capital-classic,MA,g-miller-1,1
2023,2023-dci-capital-classic,MB,d-davis-1,1
2023,2023-dci-capital-classic,MP,c-rapacki-1,1
2023,2023-dci-capital-classic,VA,t-pierce-1,1
2023,2023-dci-capital-classic,VP,p-madden-1,1
2023,2023-dci-central-indiana,CG,t-landess-1,1
2023,2023-dci-central-indiana,GE1,j-pursifull-1,1
2023,2023-dci-central-indiana,GE2,d-davis-1,1
2023,2023-dci-central-indiana,MA,n-jones-1,1
2023,2023-dci-central-indiana,MB,b-fabrizio-1,1
2023,2023-dci-central-indiana,MP,j-webb-1,1
2023,2023-dci-central-indiana,VA,b-kuhn-1,1
2023,2023-dci-central-indiana,VP,m-tarr-1,1
2023,2023-dci-cincinnati,CG,m-bowers-1,1
2023,2023-dci-cincinnati,GE1,d-torchia-1,1
2023,2023-dci-cincinnati,GE2,p-mcgarr-1,1
2023,2023-dci-cincinnati,MA,p-mcgarr-1,1
2023,2023-dci-cincinnati,MA,j-webb-1,1
2023,2023-dci-cincinnati,MB,a-cook-1,1
2023,2023-dci-cincinnati,MP,t-hall-1,1
2023,2023-dci-cincinnati,VA,d-torchia-1,1
2023,2023-dci-cincinnati,VA,g-oliviero-1,1
2023,2023-dci-cincinnati,VP,s-adamo-1,1
2023,2023-dci-connecticut,CG,b-spidel-1,1
2023,2023-dci-connecticut,GE1,b-mascaro-1,1
2023,2023-dci-connecticut,GE2,j-mills-1,1
2023,2023-dci-connecticut,MA,j-mills-1,1
2023,2023-dci-connecticut,MA,p-haines-1,1
2023,2023-dci-connecticut,MB,d-thomas-1,1
2023,2023-dci-connecticut,MP,p-furnari-1,1
2023,2023-dci-connecticut,VA,b-mascaro-1,1
2023,2023-dci-connecticut,VA,e-martinez-1,1
2023,2023-dci-connecticut,VP,m-mccourt-1,1
2023,2023-dci-denton,CG,t-wingate-1,1
2023,2023-dci-denton,GE1,g-llacer-1,1
2023,2023-dci-denton,GE2,n-jones-1,1
2023,2023-dci-denton,MA,d-carbone-1,1
2023,2023-dci-denton,MB,r-rios-1,1
2023,2023-dci-denton,MP,g-fugett-1,1
2023,2023-dci-denton,VA,t-wemhoff-1,1
2023,2023-dci-denton,VP,c-nelson-1,1
2023,2023-dci-east-coast-showcase-lawrence,CG,c-raichle-1,1
2023,2023-dci-east-coast-showcase-lawrence,GE1,g-oliviero-1,1
2023,2023-dci-east-coast-showcase-lawrence,GE2,c-phillips-1,1
2023,2023-dci-east-coast-showcase-lawrence,MA,b-huneycutt-1,1
2023,2023-dci-east-coast-showcase-lawrence,MB,d-orser-1,1
2023,2023-dci-east-coast-showcase-lawrence,MP,c-poole-1,1
2023,2023-dci-east-coast-showcase-lawrence,VA,d-torchia-1,1
2023,2023-dci-east-coast-showcase-lawrence,VP,h-nguyen-1,1
2023,2023-dci-east-coast-showcase-quincy,CG,j-campbell-1,1
2023,2023-dci-east-coast-showcase-quincy,GE1,g-llacer-1,1
2023,2023-dci-east-coast-showcase-quincy,GE2,j-loyde-1,1
2023,2023-dci-east-coast-showcase-quincy,MA,j-kennedy-1,1
2023,2023-dci-east-coast-showcase-quincy,MB,k-young-1,1
2023,2023-dci-east-coast-showcase-quincy,MP,p-furnari-1,1
2023,2023-dci-east-coast-showcase-quincy,VA,g-oliviero-1,1
2023,2023-dci-east-coast-showcase-quincy,VP,k-miller-1,1
2023,2023-dci-eastern-classic,CG,r-solomon-1,1
2023,2023-dci-eastern-classic,GE1,j-howell-1,1
2023,2023-dci-eastern-classic,GE1,t-wemhoff-1,2
2023,2023-dci-eastern-classic,GE2,d-davis-1,1
2023,2023-dci-eastern-classic,GE2,j-rhodes-1,2
2023,2023-dci-eastern-classic,MA,j-rhodes-1,1
2023,2023-dci-eastern-classic,MA,j-kennedy-1,1
2023,2023-dci-eastern-classic,MA,r-rios-1,2
2023,2023-dci-eastern-classic,MB,m-hoskins-1,1
2023,2023-dci-eastern-classic,MP,j-davila-1,1
2023,2023-dci-eastern-classic,VA,j-howell-1,1
2023,2023-dci-eastern-classic,VA,t-slaughter-1,1
2023,2023-dci-eastern-classic,VP,m-turner-1,1
2023,2023-dci-eastern-classic-2,CG,r-solomon-1,1
2023,2023-dci-eastern-classic-2,GE1,j-howell-1,1
2023,2023-dci-eastern-classic-2,GE1,t-wemhoff-1,2
2023,2023-dci-eastern-classic-2,GE2,d-davis-1,1
2023,2023-dci-eastern-classic-2,GE2,j-rhodes-1,1
2023,2023-dci-eastern-classic-2,MA,r-rios-1,1
2023,2023-dci-eastern-classic-2,MA,j-rhodes-1,1
2023,2023-dci-eastern-classic-2,MA,j-kennedy-1,2
2023,2023-dci-eastern-classic-2,MB,m-hoskins-1,1
2023,2023-dci-eastern-classic-2,MP,j-davila-1,1
2023,2023-dci-eastern-classic-2,VA,t-slaughter-1,1
2023,2023-dci-eastern-classic-2,VA,j-howell-1,1
2023,2023-dci-eastern-classic-2,VP,m-turner-1,1
2023,2023-dci-eastern-illinois,CG,t-landess-1,1
2023,2023-dci-eastern-illinois,GE1,c-raichle-1,1
2023,2023-dci-eastern-illinois,GE2,w-dillon-1,1
2023,2023-dci-eastern-illinois,MA,m-davis-1,1
2023,2023-dci-eastern-illinois,MB,j-mills-1,1
2023,2023-dci-eastern-illinois,MP,m-leitzke-1,1
2023,2023-dci-eastern-illinois,VA,j-pursifull-1,1
2023,2023-dci-eastern-illinois,VP,m-tarr-1,1
2023,2023-dci-glassboro,CG,j-howell-1,1
2023,2023-dci-glassboro,GE1,w-rickart-1,1
2023,2023-dci-glassboro,GE2,m-griffin-1,1
2023,2023-dci-glassboro,MA,t-mengel-1,1
2023,2023-dci-glassboro,MB,c-phillips-1,1
2023,2023-dci-glassboro,MP,p-smith-1,1
2023,2023-dci-glassboro,VA,t-wemhoff-1,1
2023,2023-dci-glassboro,VP,s-adamo-1,1
2023,2023-dci-houston,CG,g-llacer-1,1
2023,2023-dci-houston,GE1,t-wingate-1,1
2023,2023-dci-houston,GE2,b-huneycutt-1,1
2023,2023-dci-houston,MA,j-loyde-1,1
2023,2023-dci-houston,MB,p-mcgarr-1,1
2023,2023-dci-houston,MP,t-dempsey-1,1
2023,2023-dci-houston,VA,j-sturgeon-1,1
2023,2023-dci-houston,VP,h-nguyen-1,1
2023,2023-dci-huntington,CG,d-deems-1,1
2023,2023-dci-huntington,GE1,k-baker-1,1
2023,2023-dci-huntington,GE2,t-zimbelman-1,1
2023,2023-dci-huntington,MA,m-waymire-1,1
2023,2023-dci-huntington,MB,p-mcgarr-1,1
2023,2023-dci-huntington,MP,t-fox-1,1
2023,2023-dci-huntington,VA,b-mascaro-1,1
2023,2023-dci-huntington,VP,e-martinez-1,1
2023,2023-dci-little-rock,CG,k-miller-1,1
2023,2023-dci-little-rock,GE1,t-wemhoff-1,1
2023,2023-dci-little-rock,GE2,g-miller-1,1
2023,2023-dci-little-rock,MA,m-waymire-1,1
2023,2023-dci-little-rock,MB,s-halquist-1,1
2023,2023-dci-little-rock,MP,m-davis-1,1
2023,2023-dci-little-rock,VA,g-oliviero-1,1
2023,2023-dci-little-rock,VP,j-tate-1,1
2023,2023-dci-little-rock,VP,m-waymire-1,1
2023,2023-dci-macon,CG,d-padilla-1,1
2023,2023-dci-macon,GE1,k-baker-1,1
2023,2023-dci-macon,GE2,j-harper-1,1
2023,2023-dci-macon,MA,m-hoskins-1,1
2023,2023-dci-macon,MB,c-phillips-1,1
2023,2023-dci-macon,MP,d-carbone-1,1
2023,2023-dci-macon,VA,j-tate-1,1
2023,2023-dci-macon,VP,unknown-unknown-1,1
2023,2023-dci-mckinney,CG,b-brahan-1,1
2023,2023-dci-mckinney,GE1,d-torchia-1,1
2023,2023-dci-mckinney,GE2,j-denton-1,1
2023,2023-dci-mckinney,MA,j-davila-1,1
2023,2023-dci-mckinney,MB,a-brown-1,1
2023,2023-dci-mckinney,MP,j-webb-1,1
2023,2023-dci-mckinney,VA,j-gilley-1,1
2023,2023-dci-mckinney,VP,r-comfort-1,1
2023,2023-dci-mesquite,CG,r-comfort-1,1
2023,2023-dci-mesquite,GE1,b-brahan-1,1
2023,2023-dci-mesquite,GE2,j-rhodes-1,1
2023,2023-dci-mesquite,MA,n-jones-1,1
2023,2023-dci-mesquite,MB,a-brown-1,1
2023,2023-dci-mesquite,MP,j-davila-1,1
2023,2023-dci-mesquite,VA,d-torchia-1,1
2023,2023-dci-mesquite,VP,j-gilley-1,1
2023,2023-dci-monroe,CG,k-kuhn-1,1
2023,2023-dci-monroe,GE1,c-dillon-1,1
2023,2023-dci-monroe,GE2,m-leitzke-1,1
2023,2023-dci-monroe,MA,b-huneycutt-1,1
2023,2023-dci-monroe,MB,j-denton-1,1
2023,2023-dci-monroe,MP,m-davis-1,1
2023,2023-dci-monroe,VA,b-kuhn-1,1
2023,2023-dci-monroe,VP,unknown-unknown-1,1
2023,2023-dci-new-hampshire,CG,j-campbell-1,1
2023,2023-dci-new-hampshire,GE1,t-ochran-1,1
2023,2023-dci-new-hampshire,GE2,b-fabrizio-1,1
2023,2023-dci-new-hampshire,MA,d-thomas-1,1
2023,2023-dci-new-hampshire,MB,s-halquist-1,1
2023,2023-dci-new-hampshire,MP,c-poole-1,1
2023,2023-dci-new-hampshire,VA,c-raichle-1,1
2023,2023-dci-new-hampshire,VP,j-missing-1,1
2023,2023-dci-open-class-world-championship-finals,CG,d-deems-1,1
2023,2023-dci-open-class-world-championship-finals,GE1,w-chumley-1,1
2023,2023-dci-open-class-world-championship-finals,GE1,c-clayton-fisher-1,2
2023,2023-dci-open-class-world-championship-finals,GE2,d-carbone-1,1
2023,2023-dci-open-class-world-championship-finals,GE2,w-dillon-1,2
2023,2023-dci-open-class-world-championship-finals,MA,r-rios-1,1
2023,2023-dci-open-class-world-championship-finals,MA,k-turner-1,2
2023,2023-dci-open-class-world-championship-finals,MB,c-marra-1,1
2023,2023-dci-open-class-world-championship-finals,MP,g-howarth-1,1
2023,2023-dci-open-class-world-championship-finals,VA,t-wingate-1,1
2023,2023-dci-open-class-world-championship-finals,VP,j-orefice-1,1
2023,2023-dci-open-class-world-championship-prelims,CG,t-landess-1,1
2023,2023-dci-open-class-world-championship-prelims,GE1,k-baker-1,1
2023,2023-dci-open-class-world-championship-prelims,GE1,c-raichle-1,2
2023,2023-dci-open-class-world-championship-prelims,GE2,p-haines-1,1
2023,2023-dci-open-class-world-championship-prelims,GE2,g-fugett-1,2
2023,2023-dci-open-class-world-championship-prelims,MA,c-romanowski-1,1
2023,2023-dci-open-class-world-championship-prelims,MA,s-page-1,2
2023,2023-dci-open-class-world-championship-prelims,MB,j-mills-1,1
2023,2023-dci-open-class-world-championship-prelims,MP,m-leitzke-1,1
2023,2023-dci-open-class-world-championship-prelims,VA,j-pursifull-1,1
2023,2023-dci-open-class-world-championship-prelims,VP,m-tarr-1,1
2023,2023-dci-open-class-world-championship-prelims,VP,k-baker-1,1
2023,2023-dci-pittsburgh,CG,j-howell-1,1
2023,2023-dci-pittsburgh,GE1,d-padilla-1,1
2023,2023-dci-pittsburgh,GE2,a-cook-1,1
2023,2023-dci-pittsburgh,MA,t-fox-1,1
2023,2023-dci-pittsburgh,MB,c-marra-1,1
2023,2023-dci-pittsburgh,MP,g-howarth-1,1
2023,2023-dci-pittsburgh,VA,b-mascaro-1,1
2023,2023-dci-pittsburgh,VP,b-jones-1,1
2023,2023-dci-southeastern-championship,CG,b-brahan-1,1
2023,2023-dci-southeastern-championship,GE1,w-chumley-1,1
2023,2023-dci-southeastern-championship,GE1,d-padilla-1,2
2023,2023-dci-southeastern-championship,GE2,j-harper-1,1
2023,2023-dci-southeastern-championship,GE2,c-rothe-1,2
2023,2023-dci-southeastern-championship,MA,c-rothe-1,1
2023,2023-dci-southeastern-championship,MA,c-romanowski-1,1
2023,2023-dci-southeastern-championship,MB,m-hoskins-1,1
2023,2023-dci-southeastern-championship,MP,c-rapacki-1,1
2023,2023-dci-southeastern-championship,VA,d-padilla-1,1
2023,2023-dci-southeastern-championship,VA,t-pierce-1,1
2023,2023-dci-southeastern-championship,VP,k-miller-1,1
2023,2023-dci-southern-mississippi,CG,b-brahan-1,1
2023,2023-dci-southern-mississippi,GE1,k-miller-1,1
2023,2023-dci-southern-mississippi,GE2,m-waymire-1,1
2023,2023-dci-southern-mississippi,MA,j-webb-1,1
2023,2023-dci-southern-mississippi,MB,c-phillips-1,1
2023,2023-dci-southern-mississippi,MP,t-hall-1,1
2023,2023-dci-southern-mississippi,VA,w-chumley-1,1
2023,2023-dci-southern-mississippi,VP,j-missing-1,1
2023,2023-dci-southwestern-championship,CG,b-brahan-1,1
2023,2023-dci-southwestern-championship,GE1,g-llacer-1,1
2023,2023-dci-southwestern-championship,GE1,w-rickart-1,2
2023,2023-dci-southwestern-championship,GE2,m-mcgahey-1,1
2023,2023-dci-southwestern-championship,GE2,d-carbone-1,2
2023,2023-dci-southwestern-championship,MA,g-fugett-1,1
2023,2023-dci-southwestern-championship,MA,k-young-1,2
2023,2023-dci-southwestern-championship,MB,p-mcgarr-1,1
2023,2023-dci-southwestern-championship,MP,j-brooks-1,1
2023,2023-dci-southwestern-championship,VA,t-wingate-1,1
2023,2023-dci-southwestern-championship,VP,j-sturgeon-1,1
2023,2023-dci-tupelo,CG,c-dillon-1,1
2023,2023-dci-tupelo,GE1,b-brahan-1,1
2023,2023-dci-tupelo,GE2,d-carbone-1,1
2023,2023-dci-tupelo,MA,n-jones-1,1
2023,2023-dci-tupelo,MB,w-dillon-1,1
2023,2023-dci-tupelo,MP,m-leitzke-1,1
2023,2023-dci-tupelo,VA,t-pierce-1,1
2023,2023-dci-tupelo,VP,d-solomonson-1,1
2023,2023-dci-west,CG,m-turner-1,1
2023,2023-dci-west,GE1,t-pierce-1,1
2023,2023-dci-west,GE2,d-davis-1,1
2023,2023-dci-west,MA,c-romanowski-1,1
2023,2023-dci-west,MB,g-miller-1,1
2023,2023-dci-west,MP,c-rapacki-1,1
2023,2023-dci-west,VA,p-madden-1,1
2023,2023-dci-west,VP,w-rickart-1,1
2023,2023-dci-west,VP,d-davis-1,1
2023,2023-dci-world-championship-finals,CG,b-brahan-1,1
2023,2023-dci-world-championship-finals,GE1,j-howell-1,1
2023,2023-dci-world-championship-finals,GE1,t-wemhoff-1,2
2023,2023-dci-world-championship-finals,GE2,n-jones-1,1
2023,2023-dci-world-championship-finals,GE2,d-davis-1,2
2023,2023-dci-world-championship-finals,MA,k-young-1,1
2023,2023-dci-world-championship-finals,MA,j-kennedy-1,2
2023,2023-dci-world-championship-finals,MB,m-hoskins-1,1
2023,2023-dci-world-championship-finals,MP,j-davila-1,1
2023,2023-dci-world-championship-finals,VA,t-slaughter-1,1
2023,2023-dci-world-championship-finals,VP,j-sturgeon-1,1
2023,2023-dci-world-championship-prelims,CG,r-solomon-1,1
2023,2023-dci-world-championship-prelims,GE1,w-chumley-1,1
2023,2023-dci-world-championship-prelims,GE1,k-miller-1,2
2023,2023-dci-world-championship-prelims,GE2,j-rhodes-1,1
2023,2023-dci-world-championship-prelims,GE2,d-carbone-1,2
2023,2023-dci-world-championship-prelims,MA,r-rios-1,1
2023,2023-dci-world-championship-prelims,MA,c-romanowski-1,2
2023,2023-dci-world-championship-prelims,MB,b-crisp-1,1
2023,2023-dci-world-championship-prelims,MP,j-brooks-1,1
2023,2023-dci-world-championship-prelims,VA,t-wingate-1,1
2023,2023-dci-world-championship-prelims,VP,h-nguyen-1,1
2023,2023-dci-world-championship-semifinals,CG,d-padilla-1,1
2023,2023-dci-world-championship-semifinals,GE1,g-llacer-1,1
2023,2023-dci-world-championship-semifinals,GE1,w-rickart-1,2
2023,2023-dci-world-championship-semifinals,GE2,g-fugett-1,1
2023,2023-dci-world-championship-semifinals,GE2,m-mcgahey-1,2
2023,2023-dci-world-championship-semifinals,MA,j-harper-1,1
2023,2023-dci-world-championship-semifinals,MA,j-webb-1,2
2023,2023-dci-world-championship-semifinals,MB,p-mcgarr-1,1
2023,2023-dci-world-championship-semifinals,MP,c-rapacki-1,1
2023,2023-dci-world-championship-semifinals,VA,t-pierce-1,1
2023,2023-dci-world-championship-semifinals,VP,m-turner-1,1
2023,2023-drum-corps-an-american-tradition,CG,w-rickart-1,1
2023,2023-drum-corps-an-american-tradition,GE1,t-wemhoff-1,1
2023,2023-drum-corps-an-american-tradition,GE2,t-zimbelman-1,1
2023,2023-drum-corps-an-american-tradition,MA,a-brown-1,1
2023,2023-drum-corps-an-american-tradition,MB,d-thomas-1,1
2023,2023-drum-corps-an-american-tradition,MP,j-brooks-1,1
2023,2023-drum-corps-an-american-tradition,VA,s-adamo-1,1
2023,2023-drum-corps-an-american-tradition,VP,j-howell-1,1
2023,2023-drum-corps-at-the-rose-bowl,CG,w-rickart-1,1
2023,2023-drum-corps-at-the-rose-bowl,GE1,p-madden-1,1
2023,2023-drum-corps-at-the-rose-bowl,GE2,g-miller-1,1
2023,2023-drum-corps-at-the-rose-bowl,MA,c-rapacki-1,1
2023,2023-drum-corps-at-the-rose-bowl,MB,d-davis-1,1
2023,2023-drum-corps-at-the-rose-bowl,MP,c-romanowski-1,1
2023,2023-drum-corps-at-the-rose-bowl,VA,t-pierce-1,1
2023,2023-drum-corps-at-the-rose-bowl,VP,m-turner-1,1
2023,2023-drums-across-america,CG,unknown-unknown-1,3
2023,2023-drums-across-america,GE1,c-dillon-1,1
2023,2023-drums-across-america,GE2,c-moss-1,1
2023,2023-drums-across-america,MA,c-moss-1,1
2023,2023-drums-across-america,MA,j-mills-1,1
2023,2023-drums-across-america,MB,m-hoskins-1,1
2023,2023-drums-across-america,MP,j-brooks-1,1
2023,2023-drums-across-america,VA,c-dillon-1,1
2023,2023-drums-across-america,VA,t-ochran-1,1
2023,2023-drums-across-america,VP,h-nguyen-1,1
2023,2023-drums-across-the-desert,CG,e-martinez-1,1
2023,2023-drums-across-the-desert,GE1,t-ochran-1,1
2023,2023-drums-across-the-desert,GE2,w-dillon-1,1
2023,2023-drums-across-the-desert,MA,p-haines-1,1
2023,2023-drums-across-the-desert,MB,m-rubino-1,1
2023,2023-drums-across-the-desert,MP,a-kristensen-1,1
2023,2023-drums-across-the-desert,VA,r-jett-1,1
2023,2023-drums-across-the-desert,VP,r-solomon-1,1
2023,2023-drums-across-the-river-region,CG,unknown-unknown-1,3
2023,2023-drums-across-the-river-region,GE1,d-padilla-1,1
2023,2023-drums-across-the-river-region,GE2,w-dillon-1,1
2023,2023-drums-across-the-river-region,MA,w-dillon-1,1
2023,2023-drums-across-the-river-region,MA,d-carbone-1,1
2023,2023-drums-across-the-river-region,MB,j-mills-1,1
2023,2023-drums-across-the-river-region,MP,m-leitzke-1,1
2023,2023-drums-across-the-river-region,VA,d-padilla-1,1
2023,2023-drums-across-the-river-region,VA,c-moss-1,1
2023,2023-drums-across-the-river-region,VP,j-missing-1,1
2023,2023-drums-across-the-river-region,VP,c-moss-1,1
2023,2023-drums-across-the-smokies,CG,t-hudnall-1,1
2023,2023-drums-across-the-smokies,GE1,p-madden-1,1
2023,2023-drums-across-the-smokies,GE2,m-waymire-1,1
2023,2023-drums-across-the-smokies,MA,g-fugett-1,1
2023,2023-drums-across-the-smokies,MB,j-denton-1,1
2023,2023-drums-across-the-smokies,MP,b-williams-1,1
2023,2023-drums-across-the-smokies,VA,j-orefice-1,1
2023,2023-drums-across-the-smokies,VP,b-jones-1,1
2023,2023-drums-along-the-rockies,CG,w-chumley-1,1
2023,2023-drums-along-the-rockies,GE1,w-rickart-1,1
2023,2023-drums-along-the-rockies,GE2,m-howard-1,1
2023,2023-drums-along-the-rockies,MA,j-wilson-1,1
2023,2023-drums-along-the-rockies,MB,p-haines-1,1
2023,2023-drums-along-the-rockies,MP,b-williams-1,1
2023,2023-drums-along-the-rockies,VA,r-solomon-1,1
2023,2023-drums-along-the-rockies,VP,c-costanza-1,1
2023,2023-drums-along-the-rockies-cheyenne-edition,CG,w-rickart-1,1
2023,2023-drums-along-the-rockies-cheyenne-edition,GE1,c-costanza-1,1
2023,2023-drums-along-the-rockies-cheyenne-edition,GE2,m-waymire-1,1
2023,2023-drums-along-the-rockies-cheyenne-edition,MA,s-halquist-1,1
2023,2023-drums-along-the-rockies-cheyenne-edition,MB,b-crisp-1,1
2023,2023-drums-along-the-rockies-cheyenne-edition,MP,b-williams-1,1
2023,2023-drums-along-the-rockies-cheyenne-edition,VA,w-chumley-1,1
2023,2023-drums-along-the-rockies-cheyenne-edition,VP,r-solomon-1,1
2023,2023-drums-in-the-heartland,CG,m-bowers-1,1
2023,2023-drums-in-the-heartland,GE1,b-jones-1,1
2023,2023-drums-in-the-heartland,GE2,t-fox-1,1
2023,2023-drums-in-the-heartland,MA,c-romanowski-1,1
2023,2023-drums-in-the-heartland,MA,t-fox-1,1
2023,2023-drums-in-the-heartland,MB,j-mills-1,1
2023,2023-drums-in-the-heartland,MP,j-wilson-1,1
2023,2023-drums-in-the-heartland,VA,k-kuhn-1,1
2023,2023-drums-in-the-heartland,VA,b-jones-1,1
2023,2023-drums-in-the-heartland,VP,j-orefice-1,1
2023,2023-drums-on-parade,CG,d-torchia-1,1
2023,2023-drums-on-parade,GE1,s-chumley-1,1
2023,2023-drums-on-parade,GE2,j-rhodes-1,1
2023,2023-drums-on-parade,MA,j-rhodes-1,1
2023,2023-drums-on-parade,MA,b-fabrizio-1,1
2023,2023-drums-on-parade,MB,a-cook-1,1
2023,2023-drums-on-parade,MP,j-davila-1,1
2023,2023-drums-on-parade,VA,s-chumley-1,1
2023,2023-drums-on-parade,VA,m-tarr-1,1
2023,2023-drums-on-parade,VP,k-kuhn-1,1
2023,2023-drums-on-parade,VP,b-fabrizio-1,1
2023,2023-drums-on-the-chippewa,CG,c-clayton-fisher-1,1
2023,2023-drums-on-the-chippewa,GE1,b-jones-1,1
2023,2023-drums-on-the-chippewa,GE2,k-weirich-1,1
2023,2023-drums-on-the-chippewa,MA,c-armbruster-1,1
2023,2023-drums-on-the-chippewa,MB,j-missing-1,1
2023,2023-drums-on-the-chippewa,MP,m-davis-1,1
2023,2023-drums-on-the-chippewa,VA,k-baker-1,1
2023,2023-drums-on-the-chippewa,VP,c-church-1,1
2023,2023-drums-on-the-chippewa,VP,k-weirich-1,1
2023,2023-gold-showcase,CG,r-jett-1,1
2023,2023-gold-showcase,GE1,d-deems-1,1
2023,2023-gold-showcase,GE2,g-fugett-1,1
2023,2023-gold-showcase,MA,m-brown-1,1
2023,2023-gold-showcase,MB,k-turner-1,1
2023,2023-gold-showcase,MP,c-rothe-1,1
2023,2023-gold-showcase,VA,m-tarr-1,1
2023,2023-gold-showcase,VP,j-orefice-1,1
2023,2023-march-on,CG,m-tarr-1,1
2023,2023-march-on,CG,j-missing-1,1
2023,2023-march-on,GE1,a-combites-1,1
2023,2023-march-on,GE2,g-fugett-1,1
2023,2023-march-on,MA,g-fugett-1,1
2023,2023-march-on,MA,k-turner-1,1
2023,2023-march-on,MB,b-huneycutt-1,1
2023,2023-march-on,MP,m-davis-1,1
2023,2023-march-on,VA,a-combites-1,1
2023,2023-march-on,VA,c-church-1,1
2023,2023-march-on,VP,m-tarr-1,1
2023,2023-march-on,VP,a-combites-1,1
2023,2023-midcal-champions-showcase,CG,m-turner-1,1
2023,2023-midcal-champions-showcase,GE1,w-rickart-1,1
2023,2023-midcal-champions-showcase,GE2,d-davis-1,1
2023,2023-midcal-champions-showcase,MA,c-romanowski-1,1
2023,2023-midcal-champions-showcase,MB,g-miller-1,1
2023,2023-midcal-champions-showcase,MP,a-kristensen-1,1
2023,2023-midcal-champions-showcase,VA,p-madden-1,1
2023,2023-midcal-champions-showcase,VP,t-pierce-1,1
2023,2023-midcal-champions-showcase,VP,m-turner-1,1
2023,2023-midwest-classic,CG,unknown-unknown-1,3
2023,2023-midwest-classic,GE1,m-thompson-1,1
2023,2023-midwest-classic,GE2,m-mcgahey-1,1
2023,2023-midwest-classic,MA,j-kennedy-1,1
2023,2023-midwest-classic,MB,j-harper-1,1
2023,2023-midwest-classic,MP,j-brooks-1,1
2023,2023-midwest-classic,VA,s-adamo-1,1
2023,2023-midwest-classic,VP,c-moss-1,1
2023,2023-midwest-premiere,CG,t-landess-1,1
2023,2023-midwest-premiere,GE1,j-pursifull-1,1
2023,2023-midwest-premiere,GE2,k-turner-1,1
2023,2023-midwest-premiere,MA,j-kennedy-1,1
2023,2023-midwest-premiere,MB,c-marra-1,1
2023,2023-midwest-premiere,MP,m-leitzke-1,1
2023,2023-midwest-premiere,VA,b-kuhn-1,1
2023,2023-midwest-premiere,VP,j-orefice-1,1
2023,2023-music-on-the-march,CG,g-llacer-1,1
2023,2023-music-on-the-march,GE1,m-mccourt-1,1
2023,2023-music-on-the-march,GE2,m-leitzke-1,1
2023,2023-music-on-the-march,MA,w-dillon-1,1
2023,2023-music-on-the-march,MB,j-mills-1,1
2023,2023-music-on-the-march,MP,d-carbone-1,1
2023,2023-music-on-the-march,VA,c-dillon-1,1
2023,2023-music-on-the-march,VP,j-missing-1,1
2023,2023-nightbeat,CG,d-padilla-1,1
2023,2023-nightbeat,GE1,w-chumley-1,1
2023,2023-nightbeat,GE1,c-moss-1,2
2023,2023-nightbeat,GE2,n-jones-1,1
2023,2023-nightbeat,GE2,c-rothe-1,2
2023,2023-nightbeat,MA,j-harper-1,1
2023,2023-nightbeat,MA,c-romanowski-1,2
2023,2023-nightbeat,MB,b-fabrizio-1,1
2023,2023-nightbeat,MP,c-rapacki-1,1
2023,2023-nightbeat,VA,t-pierce-1,1
2023,2023-nightbeat,VP,k-miller-1,1
2023,2023-resound,CG,r-solomon-1,1
2023,2023-resound,GE1,r-jett-1,1
2023,2023-resound,GE2,g-miller-1,1
2023,2023-resound,MA,t-zimbelman-1,1
2023,2023-resound,MB,m-rubino-1,1
2023,2023-resound,MP,j-wilson-1,1
2023,2023-resound,VA,e-martinez-1,1
2023,2023-resound,VP,c-nelson-1,1
2023,2023-river-city-rhapsody-la-crosse,CG,m-thompson-1,1
2023,2023-river-city-rhapsody-la-crosse,GE1,c-moss-1,1
2023,2023-river-city-rhapsody-la-crosse,GE2,d-thomas-1,1
2023,2023-river-city-rhapsody-la-crosse,MA,t-mengel-1,1
2023,2023-river-city-rhapsody-la-crosse,MB,c-armbruster-1,1
2023,2023-river-city-rhapsody-la-crosse,MP,t-fox-1,1
2023,2023-river-city-rhapsody-la-crosse,VA,s-adamo-1,1
2023,2023-river-city-rhapsody-la-crosse,VP,c-church-1,1
2023,2023-riverside-open,CG,d-deems-1,1
2023,2023-riverside-open,GE1,r-jett-1,1
2023,2023-riverside-open,GE2,k-turner-1,1
2023,2023-riverside-open,MA,c-rothe-1,1
2023,2023-riverside-open,MB,m-brown-1,1
2023,2023-riverside-open,MP,g-fugett-1,1
2023,2023-riverside-open,VA,c-nelson-1,1
2023,2023-riverside-open,VP,m-tarr-1,1
2023,2023-rotary-music-festival,CG,k-kuhn-1,1
2023,2023-rotary-music-festival,GE1,d-torchia-1,1
2023,2023-rotary-music-festival,GE2,b-fabrizio-1,1
2023,2023-rotary-music-festival,MA,j-rhodes-1,1
2023,2023-rotary-music-festival,MB,c-armbruster-1,1
2023,2023-rotary-music-festival,MP,t-hall-1,1
2023,2023-rotary-music-festival,VA,s-chumley-1,1
2023,2023-rotary-music-festival,VP,m-tarr-1,1
2023,2023-rotary-music-festival,VP,s-chumley-1,1
2023,2023-shoremen-brass-classic,CG,k-baker-1,1
2023,2023-shoremen-brass-classic,GE1,c-clayton-fisher-1,1
2023,2023-shoremen-brass-classic,GE2,d-carbone-1,1
2023,2023-shoremen-brass-classic,MA,d-carbone-1,1
2023,2023-shoremen-brass-classic,MA,c-romanowski-1,1
2023,2023-shoremen-brass-classic,MB,c-marra-1,1
2023,2023-shoremen-brass-classic,MP,g-howarth-1,1
2023,2023-shoremen-brass-classic,VA,c-clayton-fisher-1,1
2023,2023-shoremen-brass-classic,VA,t-wingate-1,1
2023,2023-shoremen-brass-classic,VP,d-deems-1,1
2023,2023-show-of-shows,CG,m-mccourt-1,1
2023,2023-show-of-shows,GE1,c-dillon-1,1
2023,2023-show-of-shows,GE2,d-davis-1,1
2023,2023-show-of-shows,MA,k-young-1,1
2023,2023-show-of-shows,MB,b-crisp-1,1
2023,2023-show-of-shows,MP,j-davila-1,1
2023,2023-show-of-shows,VA,g-llacer-1,1
2023,2023-show-of-shows,VP,h-nguyen-1,1
2023,2023-show-of-shows,VP,g-llacer-1,1
2023,2023-so-cal-classic,CG,d-deems-1,1
2023,2023-so-cal-classic,GE1,m-tarr-1,1
2023,2023-so-cal-classic,GE2,c-rothe-1,1
2023,2023-so-cal-classic,MA,k-turner-1,1
2023,2023-so-cal-classic,MB,m-brown-1,1
2023,2023-so-cal-classic,MP,g-fugett-1,1
2023,2023-so-cal-classic,VA,r-jett-1,1
2023,2023-so-cal-classic,VP,j-orefice-1,1
2023,2023-soaring-sounds,CG,t-hudnall-1,1
2023,2023-soaring-sounds,GE1,b-jones-1,1
2023,2023-soaring-sounds,GE2,t-zimbelman-1,1
2023,2023-soaring-sounds,MA,t-zimbelman-1,1
2023,2023-soaring-sounds,MA,d-orser-1,1
2023,2023-soaring-sounds,MB,p-mcgarr-1,1
2023,2023-soaring-sounds,MP,j-wilson-1,1
2023,2023-soaring-sounds,VA,b-jones-1,1
2023,2023-soaring-sounds,VA,p-madden-1,1
2023,2023-soaring-sounds,VP,j-orefice-1,1
2023,2023-summer-music-games-in-cincinnati,CG,t-hudnall-1,1
2023,2023-summer-music-games-in-cincinnati,GE1,j-howell-1,1
2023,2023-summer-music-games-in-cincinnati,GE2,j-webb-1,1
2023,2023-summer-music-games-in-cincinnati,MA,j-webb-1,1
2023,2023-summer-music-games-in-cincinnati,MA,b-crisp-1,1
2023,2023-summer-music-games-in-cincinnati,MB,a-cook-1,1
2023,2023-summer-music-games-in-cincinnati,MP,m-davis-1,1
2023,2023-summer-music-games-in-cincinnati,VA,j-howell-1,1
2023,2023-summer-music-games-in-cincinnati,VA,b-kuhn-1,1
2023,2023-summer-music-games-in-cincinnati,VP,b-jones-1,1
2023,2023-summer-music-games-in-cincinnati,VP,j-webb-1,1
2023,2023-summer-music-games-of-southwest-virginia,CG,e-martinez-1,1
2023,2023-summer-music-games-of-southwest-virginia,GE1,d-deems-1,1
2023,2023-summer-music-games-of-southwest-virginia,GE2,p-smith-1,1
2023,2023-summer-music-games-of-southwest-virginia,MA,m-griffin-1,1
2023,2023-summer-music-games-of-southwest-virginia,MB,p-mcgarr-1,1
2023,2023-summer-music-games-of-southwest-virginia,MP,m-davis-1,1
2023,2023-summer-music-games-of-southwest-virginia,VA,k-baker-1,1
2023,2023-summer-music-games-of-southwest-virginia,VP,b-mascaro-1,1
2023,2023-summer-thunder,CG,m-thompson-1,1
2023,2023-summer-thunder,GE1,b-spidel-1,1
2023,2023-summer-thunder,GE2,p-haines-1,1
2023,2023-summer-thunder,MA,d-thomas-1,1
2023,2023-summer-thunder,MB,j-mills-1,1
2023,2023-summer-thunder,MP,g-howarth-1,1
2023,2023-summer-thunder,VA,e-martinez-1,1
2023,2023-summer-thunder,VP,b-mascaro-1,1
2023,2023-the-beanpot,CG,g-llacer-1,1
2023,2023-the-beanpot,GE1,g-oliviero-1,1
2023,2023-the-beanpot,GE2,j-kennedy-1,1
2023,2023-the-beanpot,MA,k-young-1,1
2023,2023-the-beanpot,MB,j-loyde-1,1
2023,2023-the-beanpot,MP,c-poole-1,1
2023,2023-the-beanpot,VA,k-miller-1,1
2023,2023-the-beanpot,VP,c-raichle-1,1
2023,2023-the-kiwanis-thunder-of-drums,CG,c-clayton-fisher-1,1
2023,2023-the-kiwanis-thunder-of-drums,GE1,k-baker-1,1
2023,2023-the-kiwanis-thunder-of-drums,GE2,c-armbruster-1,1
2023,2023-the-kiwanis-thunder-of-drums,MA,c-armbruster-1,1
2023,2023-the-kiwanis-thunder-of-drums,MA,k-weirich-1,1
2023,2023-the-kiwanis-thunder-of-drums,MB,j-missing-1,1
2023,2023-the-kiwanis-thunder-of-drums,MP,t-dempsey-1,1
2023,2023-the-kiwanis-thunder-of-drums,VA,k-baker-1,1
2023,2023-the-kiwanis-thunder-of-drums,VA,c-church-1,1
2023,2023-the-kiwanis-thunder-of-drums,VP,b-jones-1,1
2023,2023-the-kiwanis-thunder-of-drums,VP,k-weirich-1,1
2023,2023-the-masters-of-the-summer-music-games,CG,t-wingate-1,1
2023,2023-the-masters-of-the-summer-music-games,GE1,t-wemhoff-1,1
2023,2023-the-masters-of-the-summer-music-games,GE2,j-webb-1,1
2023,2023-the-masters-of-the-summer-music-games,MA,c-armbruster-1,1
2023,2023-the-masters-of-the-summer-music-games,MB,b-crisp-1,1
2023,2023-the-masters-of-the-summer-music-games,MP,m-leitzke-1,1
2023,2023-the-masters-of-the-summer-music-games,VA,j-sturgeon-1,1
2023,2023-the-masters-of-the-summer-music-games,VP,j-howell-1,1
2023,2023-tournament-of-drums,CG,d-deems-1,1
2023,2023-tournament-of-drums,GE1,k-baker-1,1
2023,2023-tournament-of-drums,GE2,p-haines-1,1
2023,2023-tournament-of-drums,MA,s-page-1,1
2023,2023-tournament-of-drums,MB,c-marra-1,1
2023,2023-tournament-of-drums,MP,g-howarth-1,1
2023,2023-tournament-of-drums,VA,t-wingate-1,1
2023,2023-tournament-of-drums,VP,c-clayton-fisher-1,1
2023,2023-west-texas-drums,CG,w-chumley-1,1
2023,2023-west-texas-drums,GE1,j-gilley-1,1
2023,2023-west-texas-drums,GE2,j-webb-1,1
2023,2023-west-texas-drums,MA,c-rapacki-1,1
2023,2023-west-texas-drums,MB,m-hoskins-1,1
2023,2023-west-texas-drums,MP,m-teal-1,1
2023,2023-west-texas-drums,VA,g-oliviero-1,1
2023,2023-west-texas-drums,VP,t-slaughter-1,1
2023,2023-western-corps-connection,CG,r-solomon-1,1
2023,2023-western-corps-connection,GE1,j-sturgeon-1,1
2023,2023-western-corps-connection,GE2,m-mcgahey-1,1
2023,2023-western-corps-connection,MA,a-kristensen-1,1
2023,2023-western-corps-connection,MB,w-dillon-1,1
2023,2023-western-corps-connection,MP,c-rothe-1,1
2023,2023-western-corps-connection,VA,t-ochran-1,1
2023,2023-western-corps-connection,VP,c-nelson-1,1
2023,2023-white-rose-classic,CG,b-spidel-1,1
2023,2023-white-rose-classic,GE1,j-howell-1,1
2023,2023-white-rose-classic,GE2,c-poole-1,1
2023,2023-white-rose-classic,MA,t-fox-1,1
2023,2023-white-rose-classic,MB,d-thomas-1,1
2023,2023-white-rose-classic,MP,t-mengel-1,1
2023,2023-white-rose-classic,VA,b-mascaro-1,1
2023,2023-white-rose-classic,VP,e-martinez-1,1
2023,2023-whitewater-classic,CG,m-thompson-1,1
2023,2023-whitewater-classic,GE1,unknown-unknown-1,1
2023,2023-whitewater-classic,GE2,t-fox-1,1
2023,2023-whitewater-classic,MA,c-armbruster-1,1
2023,2023-whitewater-classic,MB,d-thomas-1,1
2023,2023-whitewater-classic,MP,t-mengel-1,1
2023,2023-whitewater-classic,VA,c-moss-1,1
2023,2023-whitewater-classic,VP,s-adamo-1,1
2023,2023-whitewater-classic,VP,c-moss-1,1
2024,2024-barnum-festival-champions-on-parade,CG,h-nguyen-1,1
2024,2024-barnum-festival-champions-on-parade,GE1,c-raichle-1,1
2024,2024-barnum-festival-champions-on-parade,GE2,d-orser-1,1
2024,2024-barnum-festival-champions-on-parade,MA,c-poole-1,1
2024,2024-barnum-festival-champions-on-parade,MB,b-fabrizio-1,1
2024,2024-barnum-festival-champions-on-parade,MP,p-furnari-1,1
2024,2024-barnum-festival-champions-on-parade,VA,m-thompson-1,1
2024,2024-barnum-festival-champions-on-parade,VP,s-adamo-1,1
2024,2024-beats-in-the-brook,CG,m-bowers-1,1
2024,2024-beats-in-the-brook,GE1,j-tate-1,1
2024,2024-beats-in-the-brook,GE2,m-mcgahey-1,1
2024,2024-beats-in-the-brook,MA,a-kristensen-1,1
2024,2024-beats-in-the-brook,MB,j-missing-1,1
2024,2024-beats-in-the-brook,MP,j-missing-1,1
2024,2024-beats-in-the-brook,VA,p-madden-1,1
2024,2024-beats-in-the-brook,VP,e-martinez-1,1
2024,2024-big-sounds-in-motion,CG,t-wingate-1,1
2024,2024-big-sounds-in-motion,GE1,c-raichle-1,1
2024,2024-big-sounds-in-motion,GE2,d-davis-1,1
2024,2024-big-sounds-in-motion,MA,c-marra-1,1
2024,2024-big-sounds-in-motion,MB,b-crisp-1,1
2024,2024-big-sounds-in-motion,MP,t-mengel-1,1
2024,2024-big-sounds-in-motion,VA,p-madden-1,1
2024,2024-big-sounds-in-motion,VP,s-adamo-1,1
2024,2024-brass-impact,CG,t-landess-1,1
2024,2024-brass-impact,GE1,m-gray-1,1
2024,2024-brass-impact,GE2,c-rothe-1,1
2024,2024-brass-impact,MA,p-mcgarr-1,1
2024,2024-brass-impact,MB,m-hoskins-1,1
2024,2024-brass-impact,MP,m-davis-1,1
2024,2024-brass-impact,VA,c-clayton-fisher-1,1
2024,2024-brass-impact,VP,j-pursifull-1,1
2024,2024-cavalcade-of-brass,CG,t-hudnall-1,1
2024,2024-cavalcade-of-brass,GE1,b-kuhn-1,1
2024,2024-cavalcade-of-brass,GE2,j-kennedy-1,1
2024,2024-cavalcade-of-brass,MA,k-young-1,1
2024,2024-cavalcade-of-brass,MB,b-dacy-1,1
2024,2024-cavalcade-of-brass,MP,b-williams-1,1
2024,2024-cavalcade-of-brass,VA,d-torchia-1,1
2024,2024-cavalcade-of-brass,VP,j-orefice-1,1
2024,2024-celebration-in-brass,CG,t-landess-1,1
2024,2024-celebration-in-brass,GE1,c-clayton-fisher-1,1
2024,2024-celebration-in-brass,GE2,j-rhodes-1,1
2024,2024-celebration-in-brass,MA,d-argul-1,1
2024,2024-celebration-in-brass,MB,p-mcgarr-1,1
2024,2024-celebration-in-brass,MP,k-burja-1,1
2024,2024-celebration-in-brass,VA,j-pursifull-1,1
2024,2024-celebration-in-brass,VP,c-church-1,1
2024,2024-corps-at-the-crest,CG,r-solomon-1,1
2024,2024-corps-at-the-crest,GE1,c-costanza-1,1
2024,2024-corps-at-the-crest,GE2,w-dillon-1,1
2024,2024-corps-at-the-crest,MA,c-romanowski-1,1
2024,2024-corps-at-the-crest,MB,b-crisp-1,1
2024,2024-corps-at-the-crest,MP,c-rothe-1,1
2024,2024-corps-at-the-crest,VA,d-padilla-1,1
2024,2024-corps-at-the-crest,VP,g-llacer-1,1
2024,2024-corps-at-the-crest-student-edition,CG,g-llacer-1,1
2024,2024-corps-at-the-crest-student-edition,GE1,d-padilla-1,1
2024,2024-corps-at-the-crest-student-edition,GE2,c-rothe-1,1
2024,2024-corps-at-the-crest-student-edition,MA,w-dillon-1,1
2024,2024-corps-at-the-crest-student-edition,MB,p-haines-1,1
2024,2024-corps-at-the-crest-student-edition,MP,c-romanowski-1,1
2024,2024-corps-at-the-crest-student-edition,VA,c-costanza-1,1
2024,2024-corps-at-the-crest-student-edition,VP,r-solomon-1,1
2024,2024-corps-encore,CG,h-nguyen-1,1
2024,2024-corps-encore,GE1,w-chumley-1,1
2024,2024-corps-encore,GE2,j-bell-1,1
2024,2024-corps-encore,MA,c-rapacki-1,1
2024,2024-corps-encore,MB,c-armbruster-1,1
2024,2024-corps-encore,MP,j-brooks-1,1
2024,2024-corps-encore,VA,e-beens-1,1
2024,2024-corps-encore,VP,m-turner-1,1
2024,2024-dci-abilene,CG,j-gilley-1,1
2024,2024-dci-abilene,GE1,a-dalton-1,1
2024,2024-dci-abilene,GE2,k-lejeune-1,1
2024,2024-dci-abilene,MA,c-rothe-1,1
2024,2024-dci-abilene,MB,r-rios-1,1
2024,2024-dci-abilene,MP,m-davis-1,1
2024,2024-dci-abilene,VA,m-gray-1,1
2024,2024-dci-abilene,VP,d-solomonson-1,1
2024,2024-dci-birmingham,CG,m-thompson-1,1
2024,2024-dci-birmingham,GE1,d-deems-1,1
2024,2024-dci-birmingham,GE2,c-phillips-1,1
2024,2024-dci-birmingham,MA,j-denton-1,1
2024,2024-dci-birmingham,MB,m-hoskins-1,1
2024,2024-dci-birmingham,MP,t-sanders-1,1
2024,2024-dci-birmingham,VA,j-tate-1,1
2024,2024-dci-birmingham,VP,a-dalton-1,1
2024,2024-dci-broken-arrow,CG,j-campbell-1,1
2024,2024-dci-broken-arrow,GE1,t-wemhoff-1,1
2024,2024-dci-broken-arrow,GE2,g-miller-1,1
2024,2024-dci-broken-arrow,MA,j-harper-1,1
2024,2024-dci-broken-arrow,MB,m-hoskins-1,1
2024,2024-dci-broken-arrow,MP,m-teal-1,1
2024,2024-dci-broken-arrow,VA,s-adamo-1,1
2024,2024-dci-broken-arrow,VP,j-orefice-1,1
2024,2024-dci-capital-classic,CG,c-moss-1,1
2024,2024-dci-capital-classic,GE1,g-oliviero-1,1
2024,2024-dci-capital-classic,GE2,s-page-1,1
2024,2024-dci-capital-classic,MA,d-carbone-1,1
2024,2024-dci-capital-classic,MB,b-huneycutt-1,1
2024,2024-dci-capital-classic,MP,j-wilson-1,1
2024,2024-dci-capital-classic,VA,t-ochran-1,1
2024,2024-dci-capital-classic,VP,h-nguyen-1,1
2024,2024-dci-central-indiana,CG,t-landess-1,1
2024,2024-dci-central-indiana,GE1,b-spidel-1,1
2024,2024-dci-central-indiana,GE2,n-jones-1,1
2024,2024-dci-central-indiana,MA,j-loyde-1,1
2024,2024-dci-central-indiana,MB,b-crisp-1,1
2024,2024-dci-central-indiana,MP,j-davila-1,1
2024,2024-dci-central-indiana,VA,m-tarr-1,1
2024,2024-dci-central-indiana,VP,d-deems-1,1
2024,2024-dci-delaware,CG,m-thompson-1,1
2024,2024-dci-delaware,GE1,w-rickart-1,1
2024,2024-dci-delaware,GE2,j-rhodes-1,1
2024,2024-dci-delaware,MA,j-webb-1,1
2024,2024-dci-delaware,MB,d-thomas-1,1
2024,2024-dci-delaware,MP,m-teal-1,1
2024,2024-dci-delaware,VA,t-pierce-1,1
2024,2024-dci-delaware,VP,j-sturgeon-1,1
2024,2024-dci-denton,CG,h-nguyen-1,1
2024,2024-dci-denton,GE1,t-wemhoff-1,1
2024,2024-dci-denton,GE2,n-jones-1,1
2024,2024-dci-denton,MA,j-kennedy-1,1
2024,2024-dci-denton,MB,w-dillon-1,1
2024,2024-dci-denton,MP,j-davila-1,1
2024,2024-dci-denton,VA,k-miller-1,1
2024,2024-dci-denton,VP,j-campbell-1,1
2024,2024-dci-east-coast-showcase,CG,c-raichle-1,1
2024,2024-dci-east-coast-showcase,GE1,d-torchia-1,1
2024,2024-dci-east-coast-showcase,GE2,k-turner-1,1
2024,2024-dci-east-coast-showcase,MA,j-webb-1,1
2024,2024-dci-east-coast-showcase,MB,d-thomas-1,1
2024,2024-dci-east-coast-showcase,MP,p-furnari-1,1
2024,2024-dci-east-coast-showcase,VA,g-oliviero-1,1
2024,2024-dci-east-coast-showcase,VP,m-thompson-1,1
2024,2024-dci-eastern-classic,CG,r-solomon-1,1
2024,2024-dci-eastern-classic,GE1,w-chumley-1,1
2024,2024-dci-eastern-classic,GE1,b-brahan-1,2
2024,2024-dci-eastern-classic,GE2,w-dillon-1,1
2024,2024-dci-eastern-classic,GE2,c-rothe-1,2
2024,2024-dci-eastern-classic,MA,d-carbone-1,1
2024,2024-dci-eastern-classic,MA,d-davis-1,2
2024,2024-dci-eastern-classic,MB,m-hoskins-1,1
2024,2024-dci-eastern-classic,MP,m-leitzke-1,1
2024,2024-dci-eastern-classic,VA,j-sturgeon-1,1
2024,2024-dci-eastern-classic,VP,m-tarr-1,1
2024,2024-dci-eastern-classic-2,CG,r-solomon-1,3
2024,2024-dci-eastern-classic-2,GE1,w-chumley-1,1
2024,2024-dci-eastern-classic-2,GE1,b-brahan-1,2
2024,2024-dci-eastern-classic-2,GE2,w-dillon-1,3
2024,2024-dci-eastern-classic-2,GE2,c-rothe-1,4
2024,2024-dci-eastern-classic-2,MA,d-carbone-1,2
2024,2024-dci-eastern-classic-2,MA,d-davis-1,3
2024,2024-dci-eastern-classic-2,MB,m-hoskins-1,1
2024,2024-dci-eastern-classic-2,MP,m-leitzke-1,4
2024,2024-dci-eastern-classic-2,VA,j-sturgeon-1,2
2024,2024-dci-eastern-classic-2,VP,m-tarr-1,1
2024,2024-dci-eastern-illinois,CG,b-spidel-1,1
2024,2024-dci-eastern-illinois,GE1,k-baker-1,1
2024,2024-dci-eastern-illinois,GE2,j-denton-1,1
2024,2024-dci-eastern-illinois,MA,a-cook-1,1
2024,2024-dci-eastern-illinois,MB,s-page-1,1
2024,2024-dci-eastern-illinois,MP,m-davis-1,1
2024,2024-dci-eastern-illinois,VA,j-pursifull-1,1
2024,2024-dci-eastern-illinois,VP,t-landess-1,1
2024,2024-dci-houston,CG,j-campbell-1,1
2024,2024-dci-houston,GE1,j-howell-1,1
2024,2024-dci-houston,GE2,a-snipes-1,1
2024,2024-dci-houston,MA,j-loyde-1,1
2024,2024-dci-houston,MB,b-dacy-1,1
2024,2024-dci-houston,MP,j-prosperie-1,1
2024,2024-dci-houston,VA,g-llacer-1,1
2024,2024-dci-houston,VP,d-solomonson-1,1
2024,2024-dci-huntington,CG,m-turner-1,1
2024,2024-dci-huntington,GE1,d-padilla-1,1
2024,2024-dci-huntington,GE2,j-rhodes-1,1
2024,2024-dci-huntington,MA,j-webb-1,1
2024,2024-dci-huntington,MB,m-brown-1,1
2024,2024-dci-huntington,MP,m-teal-1,1
2024,2024-dci-huntington,VA,t-slaughter-1,1
2024,2024-dci-huntington,VP,k-miller-1,1
2024,2024-dci-little-rock,CG,c-clayton-fisher-1,1
2024,2024-dci-little-rock,GE1,j-tate-1,1
2024,2024-dci-little-rock,GE2,j-rhodes-1,1
2024,2024-dci-little-rock,MA,d-davis-1,1
2024,2024-dci-little-rock,MB,b-dacy-1,1
2024,2024-dci-little-rock,MP,k-burja-1,1
2024,2024-dci-little-rock,VA,j-pursifull-1,1
2024,2024-dci-little-rock,VP,t-landess-1,1
2024,2024-dci-mckinney,CG,d-henderson-1,1
2024,2024-dci-mckinney,GE1,t-ochran-1,1
2024,2024-dci-mckinney,GE2,g-miller-1,1
2024,2024-dci-mckinney,MA,c-romanowski-1,1
2024,2024-dci-mckinney,MB,s-page-1,1
2024,2024-dci-mckinney,MP,j-wilson-1,1
2024,2024-dci-mckinney,VA,c-raichle-1,1
2024,2024-dci-mckinney,VP,k-lejeune-1,1
2024,2024-dci-mesquite,CG,c-raichle-1,1
2024,2024-dci-mesquite,GE1,k-lejeune-1,1
2024,2024-dci-mesquite,GE2,g-miller-1,1
2024,2024-dci-mesquite,MA,c-romanowski-1,1
2024,2024-dci-mesquite,MB,s-page-1,1
2024,2024-dci-mesquite,MP,j-wilson-1,1
2024,2024-dci-mesquite,VA,t-ochran-1,1
2024,2024-dci-mesquite,VP,d-henderson-1,1
2024,2024-dci-monroe,CG,d-henderson-1,1
2024,2024-dci-monroe,GE1,k-lejeune-1,1
2024,2024-dci-monroe,GE2,g-miller-1,1
2024,2024-dci-monroe,MA,j-denton-1,1
2024,2024-dci-monroe,MB,m-brown-1,1
2024,2024-dci-monroe,MP,c-romanowski-1,1
2024,2024-dci-monroe,VA,t-ochran-1,1
2024,2024-dci-monroe,VP,c-raichle-1,1
2024,2024-dci-northern-alabama,CG,b-brahan-1,1
2024,2024-dci-northern-alabama,GE1,r-bailey-1,1
2024,2024-dci-northern-alabama,GE2,g-miller-1,1
2024,2024-dci-northern-alabama,MA,r-rios-1,1
2024,2024-dci-northern-alabama,MB,m-hoskins-1,1
2024,2024-dci-northern-alabama,MP,m-davis-1,1
2024,2024-dci-northern-alabama,VA,c-dillon-1,1
2024,2024-dci-northern-alabama,VP,j-gilley-1,1
2024,2024-dci-northern-ohio,CG,e-martinez-1,1
2024,2024-dci-northern-ohio,GE1,p-madden-1,1
2024,2024-dci-northern-ohio,GE2,c-rapacki-1,1
2024,2024-dci-northern-ohio,MA,m-mcgahey-1,1
2024,2024-dci-northern-ohio,MB,j-missing-1,1
2024,2024-dci-northern-ohio,MP,a-kristensen-1,1
2024,2024-dci-northern-ohio,VA,m-bowers-1,1
2024,2024-dci-northern-ohio,VP,j-tate-1,1
2024,2024-dci-open-class-world-championship-finals,CG,j-campbell-1,1
2024,2024-dci-open-class-world-championship-finals,GE1,b-brahan-1,1
2024,2024-dci-open-class-world-championship-finals,GE1,b-spidel-1,2
2024,2024-dci-open-class-world-championship-finals,GE2,m-howard-1,1
2024,2024-dci-open-class-world-championship-finals,GE2,j-kennedy-1,2
2024,2024-dci-open-class-world-championship-finals,MA,p-haines-1,1
2024,2024-dci-open-class-world-championship-finals,MA,t-fox-1,2
2024,2024-dci-open-class-world-championship-finals,MB,b-fabrizio-1,1
2024,2024-dci-open-class-world-championship-finals,MP,j-davila-1,1
2024,2024-dci-open-class-world-championship-finals,VA,k-baker-1,1
2024,2024-dci-open-class-world-championship-finals,VP,t-landess-1,1
2024,2024-dci-open-class-world-championship-prelims,CG,h-nguyen-1,1
2024,2024-dci-open-class-world-championship-prelims,GE1,c-costanza-1,1
2024,2024-dci-open-class-world-championship-prelims,GE1,t-wemhoff-1,2
2024,2024-dci-open-class-world-championship-prelims,GE2,c-moss-1,1
2024,2024-dci-open-class-world-championship-prelims,GE2,n-jones-1,2
2024,2024-dci-open-class-world-championship-prelims,MA,d-argul-1,1
2024,2024-dci-open-class-world-championship-prelims,MA,g-fugett-1,2
2024,2024-dci-open-class-world-championship-prelims,MB,b-huneycutt-1,1
2024,2024-dci-open-class-world-championship-prelims,MP,p-furnari-1,1
2024,2024-dci-open-class-world-championship-prelims,VA,j-pursifull-1,1
2024,2024-dci-open-class-world-championship-prelims,VP,j-orefice-1,1
2024,2024-dci-pittsburgh,CG,j-barton-1,1
2024,2024-dci-pittsburgh,GE1,j-gilley-1,1
2024,2024-dci-pittsburgh,GE2,c-marra-1,1
2024,2024-dci-pittsburgh,MA,m-rubino-1,1
2024,2024-dci-pittsburgh,MB,p-mcgarr-1,1
2024,2024-dci-pittsburgh,MP,g-howarth-1,1
2024,2024-dci-pittsburgh,VA,s-adamo-1,1
2024,2024-dci-pittsburgh,VP,s-clark-1,1
2024,2024-dci-rochester,CG,d-deems-1,1
2024,2024-dci-rochester,GE1,k-turner-1,1
2024,2024-dci-rochester,GE2,r-rios-1,1
2024,2024-dci-rochester,MA,b-crisp-1,1
2024,2024-dci-rochester,MB,s-halquist-1,1
2024,2024-dci-rochester,MP,j-prosperie-1,1
2024,2024-dci-rochester,VA,p-madden-1,1
2024,2024-dci-rochester,VP,k-miller-1,1
2024,2024-dci-southeastern-championship,CG,w-rickart-1,1
2024,2024-dci-southeastern-championship,GE1,k-miller-1,1
2024,2024-dci-southeastern-championship,GE1,d-deems-1,2
2024,2024-dci-southeastern-championship,GE2,k-young-1,1
2024,2024-dci-southeastern-championship,GE2,d-davis-1,2
2024,2024-dci-southeastern-championship,MA,c-romanowski-1,1
2024,2024-dci-southeastern-championship,MA,j-harper-1,2
2024,2024-dci-southeastern-championship,MB,s-page-1,1
2024,2024-dci-southeastern-championship,MP,j-brooks-1,1
2024,2024-dci-southeastern-championship,VA,t-wingate-1,1
2024,2024-dci-southeastern-championship,VP,c-moss-1,1
2024,2024-dci-southwestern-championship,CG,j-campbell-1,1
2024,2024-dci-southwestern-championship,GE1,g-llacer-1,1
2024,2024-dci-southwestern-championship,GE1,d-padilla-1,2
2024,2024-dci-southwestern-championship,GE2,g-fugett-1,1
2024,2024-dci-southwestern-championship,GE2,j-rhodes-1,2
2024,2024-dci-southwestern-championship,MA,m-griffin-1,1
2024,2024-dci-southwestern-championship,MA,k-young-1,2
2024,2024-dci-southwestern-championship,MB,b-crisp-1,1
2024,2024-dci-southwestern-championship,MP,p-furnari-1,1
2024,2024-dci-southwestern-championship,VA,k-baker-1,1
2024,2024-dci-southwestern-championship,VP,m-turner-1,1
2024,2024-dci-waco,CG,d-henderson-1,1
2024,2024-dci-waco,GE1,k-lejeune-1,1
2024,2024-dci-waco,GE2,a-snipes-1,1
2024,2024-dci-waco,MA,m-teal-1,1
2024,2024-dci-waco,MB,k-shuttlesworth-1,1
2024,2024-dci-waco,MP,j-prosperie-1,1
2024,2024-dci-waco,VA,j-howell-1,1
2024,2024-dci-waco,VP,d-solomonson-1,1
2024,2024-dci-west,CG,h-nguyen-1,1
2024,2024-dci-west,GE1,t-ochran-1,1
2024,2024-dci-west,GE2,d-carbone-1,1
2024,2024-dci-west,MA,j-loyde-1,1
2024,2024-dci-west,MB,s-page-1,1
2024,2024-dci-west,MP,a-kristensen-1,1
2024,2024-dci-west,VA,g-oliviero-1,1
2024,2024-dci-west,VP,c-moss-1,1
2024,2024-dci-world-championship-finals,CG,r-solomon-1,1
2024,2024-dci-world-championship-finals,GE1,d-padilla-1,1
2024,2024-dci-world-championship-finals,GE1,w-chumley-1,2
2024,2024-dci-world-championship-finals,GE2,j-rhodes-1,1
2024,2024-dci-world-championship-finals,GE2,w-dillon-1,2
2024,2024-dci-world-championship-finals,MA,d-carbone-1,1
2024,2024-dci-world-championship-finals,MA,d-davis-1,2
2024,2024-dci-world-championship-finals,MB,b-crisp-1,1
2024,2024-dci-world-championship-finals,MP,m-leitzke-1,1
2024,2024-dci-world-championship-finals,VA,t-wingate-1,1
2024,2024-dci-world-championship-finals,VP,c-moss-1,1
2024,2024-dci-world-championship-prelims,CG,j-campbell-1,1
2024,2024-dci-world-championship-prelims,GE1,b-brahan-1,1
2024,2024-dci-world-championship-prelims,GE1,k-miller-1,2
2024,2024-dci-world-championship-prelims,GE2,g-fugett-1,1
2024,2024-dci-world-championship-prelims,GE2,m-howard-1,2
2024,2024-dci-world-championship-prelims,MA,k-young-1,1
2024,2024-dci-world-championship-prelims,MA,c-romanowski-1,2
2024,2024-dci-world-championship-prelims,MB,m-hoskins-1,1
2024,2024-dci-world-championship-prelims,MP,p-furnari-1,1
2024,2024-dci-world-championship-prelims,VA,k-baker-1,1
2024,2024-dci-world-championship-prelims,VP,m-tarr-1,1
2024,2024-dci-world-championship-semifinals,CG,w-rickart-1,1
2024,2024-dci-world-championship-semifinals,GE1,g-llacer-1,1
2024,2024-dci-world-championship-semifinals,GE1,d-deems-1,2
2024,2024-dci-world-championship-semifinals,GE2,g-miller-1,1
2024,2024-dci-world-championship-semifinals,GE2,c-rothe-1,2
2024,2024-dci-world-championship-semifinals,MA,m-griffin-1,1
2024,2024-dci-world-championship-semifinals,MA,j-harper-1,2
2024,2024-dci-world-championship-semifinals,MB,s-page-1,1
2024,2024-dci-world-championship-semifinals,MP,m-teal-1,1
2024,2024-dci-world-championship-semifinals,VA,j-sturgeon-1,1
2024,2024-dci-world-championship-semifinals,VP,m-turner-1,1
2024,2024-drum-corps-grand-prix,CG,m-bowers-1,1
2024,2024-drum-corps-grand-prix,GE1,w-rickart-1,1
2024,2024-drum-corps-grand-prix,GE2,k-turner-1,1
2024,2024-drum-corps-grand-prix,MA,d-thomas-1,1
2024,2024-drum-corps-grand-prix,MB,s-halquist-1,1
2024,2024-drum-corps-grand-prix,MP,m-griffin-1,1
2024,2024-drum-corps-grand-prix,VA,s-adamo-1,1
2024,2024-drum-corps-grand-prix,VP,d-deems-1,1
2024,2024-drums-across-america,CG,w-rickart-1,1
2024,2024-drums-across-america,GE1,i-jenkins-1,1
2024,2024-drums-across-america,GE2,c-poole-1,1
2024,2024-drums-across-america,MA,m-brown-1,1
2024,2024-drums-across-america,MB,c-phillips-1,1
2024,2024-drums-across-america,MP,j-brooks-1,1
2024,2024-drums-across-america,VA,t-pierce-1,1
2024,2024-drums-across-america,VP,d-solomonson-1,1
2024,2024-drums-across-the-smokies,CG,t-hudnall-1,1
2024,2024-drums-across-the-smokies,GE1,w-rickart-1,1
2024,2024-drums-across-the-smokies,GE2,s-halquist-1,1
2024,2024-drums-across-the-smokies,MA,k-turner-1,1
2024,2024-drums-across-the-smokies,MB,b-crisp-1,1
2024,2024-drums-across-the-smokies,MP,c-poole-1,1
2024,2024-drums-across-the-smokies,VA,d-padilla-1,1
2024,2024-drums-across-the-smokies,VP,j-barton-1,1
2024,2024-drums-along-the-columbia,CG,w-chumley-1,1
2024,2024-drums-along-the-columbia,GE1,c-costanza-1,1
2024,2024-drums-along-the-columbia,GE2,j-webb-1,1
2024,2024-drums-along-the-columbia,MA,n-jones-1,1
2024,2024-drums-along-the-columbia,MB,b-fabrizio-1,1
2024,2024-drums-along-the-columbia,MP,p-furnari-1,1
2024,2024-drums-along-the-columbia,VA,p-madden-1,1
2024,2024-drums-along-the-columbia,VP,b-brahan-1,1
2024,2024-drums-along-the-rockies,CG,t-wingate-1,1
2024,2024-drums-along-the-rockies,GE1,g-oliviero-1,1
2024,2024-drums-along-the-rockies,GE2,j-bell-1,1
2024,2024-drums-along-the-rockies,MA,j-kennedy-1,1
2024,2024-drums-along-the-rockies,MB,a-brown-1,1
2024,2024-drums-along-the-rockies,MP,m-leitzke-1,1
2024,2024-drums-along-the-rockies,VA,e-beens-1,1
2024,2024-drums-along-the-rockies,VP,w-chumley-1,1
2024,2024-drums-along-the-rockies-cheyenne-edition,CG,e-beens-1,1
2024,2024-drums-along-the-rockies-cheyenne-edition,GE1,w-chumley-1,1
2024,2024-drums-along-the-rockies-cheyenne-edition,GE2,m-howard-1,1
2024,2024-drums-along-the-rockies-cheyenne-edition,MA,a-snipes-1,1
2024,2024-drums-along-the-rockies-cheyenne-edition,MB,d-orser-1,1
2024,2024-drums-along-the-rockies-cheyenne-edition,MP,b-williams-1,1
2024,2024-drums-along-the-rockies-cheyenne-edition,VA,g-oliviero-1,1
2024,2024-drums-along-the-rockies-cheyenne-edition,VP,t-wingate-1,1
2024,2024-drums-in-the-heartland,CG,k-baker-1,1
2024,2024-drums-in-the-heartland,GE1,j-gilley-1,1
2024,2024-drums-in-the-heartland,GE2,j-kennedy-1,1
2024,2024-drums-in-the-heartland,MA,g-fugett-1,1
2024,2024-drums-in-the-heartland,MB,b-fabrizio-1,1
2024,2024-drums-in-the-heartland,MP,j-davila-1,1
2024,2024-drums-in-the-heartland,VA,c-nelson-1,1
2024,2024-drums-in-the-heartland,VP,t-slaughter-1,1
2024,2024-drums-on-parade,CG,t-hudnall-1,1
2024,2024-drums-on-parade,GE1,d-torchia-1,1
2024,2024-drums-on-parade,GE2,b-dacy-1,1
2024,2024-drums-on-parade,MA,c-rapacki-1,1
2024,2024-drums-on-parade,MB,c-armbruster-1,1
2024,2024-drums-on-parade,MP,j-davila-1,1
2024,2024-drums-on-parade,VA,b-kuhn-1,1
2024,2024-drums-on-parade,VP,j-orefice-1,1
2024,2024-drums-on-the-ohio,CG,m-bowers-1,1
2024,2024-drums-on-the-ohio,GE1,t-wemhoff-1,1
2024,2024-drums-on-the-ohio,GE2,c-moss-1,1
2024,2024-drums-on-the-ohio,MA,t-fox-1,1
2024,2024-drums-on-the-ohio,MB,k-weirich-1,1
2024,2024-drums-on-the-ohio,MP,g-howarth-1,1
2024,2024-drums-on-the-ohio,VA,c-costanza-1,1
2024,2024-drums-on-the-ohio,VP,s-clark-1,1
2024,2024-gold-showcase,CG,b-spidel-1,1
2024,2024-gold-showcase,GE1,c-nelson-1,1
2024,2024-gold-showcase,GE2,j-davila-1,1
2024,2024-gold-showcase,MA,k-shuttlesworth-1,1
2024,2024-gold-showcase,MB,p-haines-1,1
2024,2024-gold-showcase,MP,t-fox-1,1
2024,2024-gold-showcase,VA,d-torchia-1,1
2024,2024-gold-showcase,VP,e-martinez-1,1
2024,2024-innovations-in-brass,CG,m-turner-1,1
2024,2024-innovations-in-brass,GE1,k-miller-1,1
2024,2024-innovations-in-brass,GE2,k-turner-1,1
2024,2024-innovations-in-brass,MA,j-webb-1,1
2024,2024-innovations-in-brass,MB,a-cook-1,1
2024,2024-innovations-in-brass,MP,j-davila-1,1
2024,2024-innovations-in-brass,VA,j-sturgeon-1,1
2024,2024-innovations-in-brass,VP,r-solomon-1,1
2024,2024-march-on,CG,a-combites-1,1
2024,2024-march-on,GE1,r-bailey-1,1
2024,2024-march-on,GE2,a-cook-1,1
2024,2024-march-on,MA,p-haines-1,1
2024,2024-march-on,MB,c-armbruster-1,1
2024,2024-march-on,MP,b-williams-1,1
2024,2024-march-on,VA,c-church-1,1
2024,2024-march-on,VP,j-missing-1,1
2024,2024-midcal-champions-showcase,CG,m-turner-1,1
2024,2024-midcal-champions-showcase,GE1,c-moss-1,1
2024,2024-midcal-champions-showcase,GE2,a-kristensen-1,1
2024,2024-midcal-champions-showcase,MA,s-page-1,1
2024,2024-midcal-champions-showcase,MB,j-loyde-1,1
2024,2024-midcal-champions-showcase,MP,d-carbone-1,1
2024,2024-midcal-champions-showcase,VA,t-ochran-1,1
2024,2024-midcal-champions-showcase,VP,e-martinez-1,1
2024,2024-midwest-classic,CG,t-hudnall-1,1
2024,2024-midwest-classic,GE1,k-baker-1,1
2024,2024-midwest-classic,GE2,a-cook-1,1
2024,2024-midwest-classic,MA,m-howard-1,1
2024,2024-midwest-classic,MB,d-argul-1,1
2024,2024-midwest-classic,MP,b-williams-1,1
2024,2024-midwest-classic,VA,c-church-1,1
2024,2024-midwest-classic,VP,t-wemhoff-1,1
2024,2024-midwest-premiere,CG,d-deems-1,1
2024,2024-midwest-premiere,GE1,m-tarr-1,1
2024,2024-midwest-premiere,GE2,k-weirich-1,1
2024,2024-midwest-premiere,MA,a-cook-1,1
2024,2024-midwest-premiere,MB,p-mcgarr-1,1
2024,2024-midwest-premiere,MP,m-leitzke-1,1
2024,2024-midwest-premiere,VA,b-kuhn-1,1
2024,2024-midwest-premiere,VP,j-orefice-1,1
2024,2024-music-on-the-march,CG,c-clayton-fisher-1,1
2024,2024-music-on-the-march,GE1,j-howell-1,1
2024,2024-music-on-the-march,GE2,a-snipes-1,1
2024,2024-music-on-the-march,MA,c-armbruster-1,1
2024,2024-music-on-the-march,MB,d-orser-1,1
2024,2024-music-on-the-march,MP,j-brooks-1,1
2024,2024-music-on-the-march,VA,b-jones-1,1
2024,2024-music-on-the-march,VP,s-chumley-1,1
2024,2024-music-on-the-mountain,CG,j-gilley-1,1
2024,2024-music-on-the-mountain,GE1,t-slaughter-1,1
2024,2024-music-on-the-mountain,GE2,t-fox-1,1
2024,2024-music-on-the-mountain,MA,p-smith-1,1
2024,2024-music-on-the-mountain,MB,b-huneycutt-1,1
2024,2024-music-on-the-mountain,MP,t-mengel-1,1
2024,2024-music-on-the-mountain,VA,k-baker-1,1
2024,2024-music-on-the-mountain,VP,c-nelson-1,1
2024,2024-nightbeat,CG,w-rickart-1,1
2024,2024-nightbeat,GE1,d-deems-1,1
2024,2024-nightbeat,GE1,k-miller-1,2
2024,2024-nightbeat,GE2,k-young-1,1
2024,2024-nightbeat,GE2,d-davis-1,2
2024,2024-nightbeat,MA,c-romanowski-1,1
2024,2024-nightbeat,MA,j-harper-1,2
2024,2024-nightbeat,MB,s-page-1,1
2024,2024-nightbeat,MP,j-brooks-1,1
2024,2024-nightbeat,VA,t-wingate-1,1
2024,2024-nightbeat,VP,c-moss-1,1
2024,2024-northwest-youth-music-games-boise,CG,m-turner-1,1
2024,2024-northwest-youth-music-games-boise,GE1,k-miller-1,1
2024,2024-northwest-youth-music-games-boise,GE2,p-haines-1,1
2024,2024-northwest-youth-music-games-boise,MA,j-bell-1,1
2024,2024-northwest-youth-music-games-boise,MB,b-huneycutt-1,1
2024,2024-northwest-youth-music-games-boise,MP,c-rapacki-1,1
2024,2024-northwest-youth-music-games-boise,VA,j-sturgeon-1,1
2024,2024-northwest-youth-music-games-boise,VP,m-turner-1,1
2024,2024-northwest-youth-music-games-boise,VP,h-nguyen-1,1
2024,2024-northwest-youth-music-games-portland,CG,c-costanza-1,1
2024,2024-northwest-youth-music-games-portland,GE1,p-madden-1,1
2024,2024-northwest-youth-music-games-portland,GE2,n-jones-1,1
2024,2024-northwest-youth-music-games-portland,MA,j-webb-1,1
2024,2024-northwest-youth-music-games-portland,MB,b-fabrizio-1,1
2024,2024-northwest-youth-music-games-portland,MP,p-furnari-1,1
2024,2024-northwest-youth-music-games-portland,VA,w-chumley-1,1
2024,2024-northwest-youth-music-games-portland,VP,b-brahan-1,1
2024,2024-northwest-youth-music-games-seattle,CG,b-brahan-1,1
2024,2024-northwest-youth-music-games-seattle,GE1,p-madden-1,1
2024,2024-northwest-youth-music-games-seattle,GE2,p-furnari-1,1
2024,2024-northwest-youth-music-games-seattle,MA,b-fabrizio-1,1
2024,2024-northwest-youth-music-games-seattle,MB,n-jones-1,1
2024,2024-northwest-youth-music-games-seattle,MP,j-webb-1,1
2024,2024-northwest-youth-music-games-seattle,VA,c-costanza-1,1
2024,2024-northwest-youth-music-games-seattle,VP,w-chumley-1,1
2024,2024-river-city-rhapsody,CG,b-spidel-1,1
2024,2024-river-city-rhapsody,GE1,k-baker-1,1
2024,2024-river-city-rhapsody,GE2,k-turner-1,1
2024,2024-river-city-rhapsody,MA,b-williams-1,1
2024,2024-river-city-rhapsody,MB,s-halquist-1,1
2024,2024-river-city-rhapsody,MP,c-poole-1,1
2024,2024-river-city-rhapsody,VA,m-tarr-1,1
2024,2024-river-city-rhapsody,VP,t-slaughter-1,1
2024,2024-riverside-open,CG,e-martinez-1,1
2024,2024-riverside-open,GE1,d-torchia-1,1
2024,2024-riverside-open,GE2,t-fox-1,1
2024,2024-riverside-open,MA,p-haines-1,1
2024,2024-riverside-open,MB,k-shuttlesworth-1,1
2024,2024-riverside-open,MP,j-wilson-1,1
2024,2024-riverside-open,VA,c-nelson-1,1
2024,2024-riverside-open,VP,b-spidel-1,1
2024,2024-rotary-music-festival,CG,i-jenkins-1,1
2024,2024-rotary-music-festival,GE1,d-deems-1,1
2024,2024-rotary-music-festival,GE2,m-howard-1,1
2024,2024-rotary-music-festival,MA,j-harper-1,1
2024,2024-rotary-music-festival,MB,k-weirich-1,1
2024,2024-rotary-music-festival,MP,m-teal-1,1
2024,2024-rotary-music-festival,VA,b-jones-1,1
2024,2024-rotary-music-festival,VP,s-clark-1,1
2024,2024-show-of-shows,CG,b-spidel-1,1
2024,2024-show-of-shows,GE1,i-jenkins-1,1
2024,2024-show-of-shows,GE2,j-denton-1,1
2024,2024-show-of-shows,MA,r-rios-1,1
2024,2024-show-of-shows,MB,k-shuttlesworth-1,1
2024,2024-show-of-shows,MP,g-howarth-1,1
2024,2024-show-of-shows,VA,t-slaughter-1,1
2024,2024-show-of-shows,VP,m-tarr-1,1
2024,2024-so-cal-classic-open-class-pacific-championship-finals,CG,e-martinez-1,1
2024,2024-so-cal-classic-open-class-pacific-championship-finals,GE1,b-spidel-1,1
2024,2024-so-cal-classic-open-class-pacific-championship-finals,GE2,p-haines-1,1
2024,2024-so-cal-classic-open-class-pacific-championship-finals,MA,t-fox-1,1
2024,2024-so-cal-classic-open-class-pacific-championship-finals,MB,k-shuttlesworth-1,1
2024,2024-so-cal-classic-open-class-pacific-championship-finals,MP,j-davila-1,1
2024,2024-so-cal-classic-open-class-pacific-championship-finals,VA,d-torchia-1,1
2024,2024-so-cal-classic-open-class-pacific-championship-finals,VP,c-nelson-1,1
2024,2024-soaring-sounds,CG,j-pursifull-1,1
2024,2024-soaring-sounds,GE1,j-orefice-1,1
2024,2024-soaring-sounds,GE2,k-turner-1,1
2024,2024-soaring-sounds,MA,b-fabrizio-1,1
2024,2024-soaring-sounds,MB,j-mills-1,1
2024,2024-soaring-sounds,MP,t-sanders-1,1
2024,2024-soaring-sounds,VA,c-dillon-1,1
2024,2024-soaring-sounds,VP,s-chumley-1,1
2024,2024-spartan-syracuse-showdown,CG,s-clark-1,1
2024,2024-spartan-syracuse-showdown,GE1,j-campbell-1,1
2024,2024-spartan-syracuse-showdown,GE2,s-halquist-1,1
2024,2024-spartan-syracuse-showdown,MA,d-orser-1,1
2024,2024-spartan-syracuse-showdown,MB,b-fabrizio-1,1
2024,2024-spartan-syracuse-showdown,MP,m-leitzke-1,1
2024,2024-spartan-syracuse-showdown,VA,b-kuhn-1,1
2024,2024-spartan-syracuse-showdown,VP,j-missing-1,1
2024,2024-summer-music-games-in-cincinnati,CG,s-clark-1,1
2024,2024-summer-music-games-in-cincinnati,GE1,d-deems-1,1
2024,2024-summer-music-games-in-cincinnati,GE2,m-howard-1,1
2024,2024-summer-music-games-in-cincinnati,MA,j-harper-1,1
2024,2024-summer-music-games-in-cincinnati,MB,k-weirich-1,1
2024,2024-summer-music-games-in-cincinnati,MP,m-teal-1,1
2024,2024-summer-music-games-in-cincinnati,VA,k-baker-1,1
2024,2024-summer-music-games-in-cincinnati,VP,b-jones-1,1
2024,2024-summer-music-games-of-southwest-virginia,CG,k-miller-1,1
2024,2024-summer-music-games-of-southwest-virginia,GE1,d-padilla-1,1
2024,2024-summer-music-games-of-southwest-virginia,GE2,p-smith-1,1
2024,2024-summer-music-games-of-southwest-virginia,MA,g-fugett-1,1
2024,2024-summer-music-games-of-southwest-virginia,MB,m-brown-1,1
2024,2024-summer-music-games-of-southwest-virginia,MP,j-brooks-1,1
2024,2024-summer-music-games-of-southwest-virginia,VA,t-slaughter-1,1
2024,2024-summer-music-games-of-southwest-virginia,VP,m-turner-1,1
2024,2024-the-buccaneer-classic,CG,t-wingate-1,1
2024,2024-the-buccaneer-classic,GE1,t-fox-1,1
2024,2024-the-buccaneer-classic,GE2,d-orser-1,1
2024,2024-the-buccaneer-classic,MA,g-howarth-1,1
2024,2024-the-buccaneer-classic,MB,c-marra-1,1
2024,2024-the-buccaneer-classic,MP,t-mengel-1,1
2024,2024-the-buccaneer-classic,VA,m-thompson-1,1
2024,2024-the-buccaneer-classic,VP,c-raichle-1,1
2024,2024-the-kiwanis-thunder-of-drums,CG,j-howell-1,1
2024,2024-the-kiwanis-thunder-of-drums,GE1,b-jones-1,1
2024,2024-the-kiwanis-thunder-of-drums,GE2,c-armbruster-1,1
2024,2024-the-kiwanis-thunder-of-drums,MA,c-marra-1,1
2024,2024-the-kiwanis-thunder-of-drums,MB,a-cook-1,1
2024,2024-the-kiwanis-thunder-of-drums,MP,m-davis-1,1
2024,2024-the-kiwanis-thunder-of-drums,VA,s-chumley-1,1
2024,2024-the-kiwanis-thunder-of-drums,VP,s-clark-1,1
2024,2024-the-masters-of-the-summer-music-games,CG,t-wingate-1,1
2024,2024-the-masters-of-the-summer-music-games,GE1,w-rickart-1,1
2024,2024-the-masters-of-the-summer-music-games,GE2,m-howard-1,1
2024,2024-the-masters-of-the-summer-music-games,MA,n-jones-1,1
2024,2024-the-masters-of-the-summer-music-games,MB,b-huneycutt-1,1
2024,2024-the-masters-of-the-summer-music-games,MP,m-davis-1,1
2024,2024-the-masters-of-the-summer-music-games,VA,j-sturgeon-1,1
2024,2024-the-masters-of-the-summer-music-games,VP,t-pierce-1,1
2024,2024-the-whitewater-classic,CG,i-jenkins-1,1
2024,2024-the-whitewater-classic,GE1,m-tarr-1,1
2024,2024-the-whitewater-classic,GE2,k-shuttlesworth-1,1
2024,2024-the-whitewater-classic,MA,g-howarth-1,1
2024,2024-the-whitewater-classic,MB,p-mcgarr-1,1
2024,2024-the-whitewater-classic,MP,b-williams-1,1
2024,2024-the-whitewater-classic,VA,b-spidel-1,1
2024,2024-the-whitewater-classic,VP,t-slaughter-1,1
2024,2024-tournament-of-drums,CG,s-chumley-1,1
2024,2024-tournament-of-drums,GE1,t-wemhoff-1,1
2024,2024-tournament-of-drums,GE2,m-howard-1,1
2024,2024-tournament-of-drums,MA,c-moss-1,1
2024,2024-tournament-of-drums,MB,j-denton-1,1
2024,2024-tournament-of-drums,MP,g-howarth-1,1
2024,2024-tournament-of-drums,VA,t-hudnall-1,1
2024,2024-tournament-of-drums,VP,c-church-1,1
2024,2024-west-texas-drums,CG,a-dalton-1,1
2024,2024-west-texas-drums,GE1,s-adamo-1,1
2024,2024-west-texas-drums,GE2,j-rhodes-1,1
2024,2024-west-texas-drums,MA,j-harper-1,1
2024,2024-west-texas-drums,MB,b-dacy-1,1
2024,2024-west-texas-drums,MP,m-teal-1,1
2024,2024-west-texas-drums,VA,d-solomonson-1,1
2024,2024-west-texas-drums,VP,j-gilley-1,1
2024,2024-western-corps-connection,CG,d-padilla-1,1
2024,2024-western-corps-connection,GE1,r-solomon-1,1
2024,2024-western-corps-connection,GE2,g-fugett-1,1
2024,2024-western-corps-connection,MA,b-crisp-1,1
2024,2024-western-corps-connection,MB,w-dillon-1,1
2024,2024-western-corps-connection,MP,c-rothe-1,1
2024,2024-western-corps-connection,VA,c-nelson-1,1
2024,2024-western-corps-connection,VP,g-llacer-1,1
2024,2024-white-rose-classic,CG,c-nelson-1,1
2024,2024-white-rose-classic,GE1,k-baker-1,1
2024,2024-white-rose-classic,GE2,g-howarth-1,1
2024,2024-white-rose-classic,MA,t-fox-1,1
2024,2024-white-rose-classic,MB,c-marra-1,1
2024,2024-white-rose-classic,MP,j-davila-1,1
2024,2024-white-rose-classic,VA,t-slaughter-1,1
2024,2024-white-rose-classic,VP,j-gilley-1,1
2025,2025-barnum-festival-champions-on-parade,CG,h-nguyen-1,3
2025,2025-barnum-festival-champions-on-parade,GE1,b-jones-1,1
2025,2025-barnum-festival-champions-on-parade,GE2,c-poole-1,2
2025,2025-barnum-festival-champions-on-parade,MA,c-marra-1,2
2025,2025-barnum-festival-champions-on-parade,MB,a-cook-1,1
2025,2025-barnum-festival-champions-on-parade,MP,p-furnari-1,3
2025,2025-barnum-festival-champions-on-parade,VA,s-adamo-1,2
2025,2025-barnum-festival-champions-on-parade,VP,m-thompson-1,1
2025,2025-beats-in-the-brook,CG,b-spidel-1,3
2025,2025-beats-in-the-brook,GE1,g-llacer-1,1
2025,2025-beats-in-the-brook,GE2,g-fugett-1,2
2025,2025-beats-in-the-brook,MA,j-mills-1,2
2025,2025-beats-in-the-brook,MB,m-hoskins-1,1
2025,2025-beats-in-the-brook,MP,j-myers-1,3
2025,2025-beats-in-the-brook,VA,j-orefice-1,2
2025,2025-beats-in-the-brook,VP,j-bierschenk-1,1
2025,2025-big-sounds-in-motion,CG,b-kenny-1,3
2025,2025-big-sounds-in-motion,GE1,k-baker-1,1
2025,2025-big-sounds-in-motion,GE2,p-smith-1,2
2025,2025-big-sounds-in-motion,MA,c-marra-1,2
2025,2025-big-sounds-in-motion,MB,p-haines-1,1
2025,2025-big-sounds-in-motion,MP,k-burja-1,3
2025,2025-big-sounds-in-motion,VA,s-adamo-1,2
2025,2025-big-sounds-in-motion,VP,j-campbell-1,1
2025,2025-brass-at-the-beach,CG,m-thompson-1,3
2025,2025-brass-at-the-beach,GE1,a-dalton-1,1
2025,2025-brass-at-the-beach,GE2,m-leitzke-1,2
2025,2025-brass-at-the-beach,MA,m-brown-1,2
2025,2025-brass-at-the-beach,MB,s-page-1,1
2025,2025-brass-at-the-beach,MP,d-carbone-1,3
2025,2025-brass-at-the-beach,VA,s-adamo-1,2
2025,2025-brass-at-the-beach,VP,j-barton-1,1
2025,2025-brass-impact,CG,m-turner-1,3
2025,2025-brass-impact,GE1,c-moss-1,1
2025,2025-brass-impact,GE2,m-hoskins-1,2
2025,2025-brass-impact,MA,n-konouchi-1,2
2025,2025-brass-impact,MB,k-shuttlesworth-1,1
2025,2025-brass-impact,MP,m-davis-1,3
2025,2025-brass-impact,VA,k-baker-1,2
2025,2025-brass-impact,VP,b-jones-1,1
2025,2025-cavalcade-of-brass,CG,m-turner-1,3
2025,2025-cavalcade-of-brass,GE1,m-mccourt-1,1
2025,2025-cavalcade-of-brass,GE2,m-howard-1,2
2025,2025-cavalcade-of-brass,MA,k-young-1,2
2025,2025-cavalcade-of-brass,MB,m-hoskins-1,1
2025,2025-cavalcade-of-brass,MP,j-brooks-1,3
2025,2025-cavalcade-of-brass,VA,m-gray-1,2
2025,2025-cavalcade-of-brass,VP,t-hudnall-1,1
2025,2025-celebration-in-brass,CG,d-torchia-1,3
2025,2025-celebration-in-brass,GE1,b-kenny-1,1
2025,2025-celebration-in-brass,GE2,k-turner-1,2
2025,2025-celebration-in-brass,MA,r-badua-1,2
2025,2025-celebration-in-brass,MB,r-rios-1,1
2025,2025-celebration-in-brass,MP,j-webb-1,3
2025,2025-celebration-in-brass,VA,j-pursifull-1,2
2025,2025-celebration-in-brass,VP,j-gilley-1,1
2025,2025-corps-encore,CG,j-oswald-1,3
2025,2025-corps-encore,GE1,d-padilla-1,1
2025,2025-corps-encore,GE2,m-hoskins-1,2
2025,2025-corps-encore,MA,d-davis-1,2
2025,2025-corps-encore,MB,r-rios-1,1
2025,2025-corps-encore,MP,j-brooks-1,3
2025,2025-corps-encore,VA,j-sturgeon-1,2
2025,2025-corps-encore,VP,t-slaughter-1,1
2025,2025-crownbeat,CG,t-hudnall-1,3
2025,2025-crownbeat,GE1,r-bailey-1,1
2025,2025-crownbeat,GE2,j-denton-1,2
2025,2025-crownbeat,MA,j-loyde-1,2
2025,2025-crownbeat,MB,m-hoskins-1,1
2025,2025-crownbeat,MP,m-leitzke-1,3
2025,2025-crownbeat,VA,s-adamo-1,2
2025,2025-crownbeat,VP,c-church-1,1
2025,2025-dci-birmingham,CG,d-padilla-1,3
2025,2025-dci-birmingham,GE1,a-combites-1,1
2025,2025-dci-birmingham,GE2,c-phillips-1,2
2025,2025-dci-birmingham,MA,j-harper-1,2
2025,2025-dci-birmingham,MB,n-konouchi-1,1
2025,2025-dci-birmingham,MP,j-wilson-1,3
2025,2025-dci-birmingham,VA,b-kuhn-1,2
2025,2025-dci-birmingham,VP,j-tate-1,1
2025,2025-dci-broken-arrow,CG,m-thompson-1,3
2025,2025-dci-broken-arrow,GE1,m-tarr-1,1
2025,2025-dci-broken-arrow,GE2,j-rhodes-1,2
2025,2025-dci-broken-arrow,MA,d-davis-1,2
2025,2025-dci-broken-arrow,MB,g-miller-1,1
2025,2025-dci-broken-arrow,MP,c-rapacki-1,3
2025,2025-dci-broken-arrow,VA,j-pursifull-1,2
2025,2025-dci-broken-arrow,VP,j-orefice-1,1
2025,2025-dci-capital-classic,CG,g-llacer-1,3
2025,2025-dci-capital-classic,GE1,j-howell-1,1
2025,2025-dci-capital-classic,GE2,j-kennedy-1,2
2025,2025-dci-capital-classic,MA,m-griffin-1,2
2025,2025-dci-capital-classic,MB,m-mcgahey-1,1
2025,2025-dci-capital-classic,MP,j-wilson-1,3
2025,2025-dci-capital-classic,VA,t-ochran-1,2
2025,2025-dci-capital-classic,VP,w-chumley-1,1
2025,2025-dci-central-ohio,CG,c-dillon-1,3
2025,2025-dci-central-ohio,GE1,s-chumley-1,1
2025,2025-dci-central-ohio,GE2,a-snipes-1,2
2025,2025-dci-central-ohio,MA,t-fox-1,2
2025,2025-dci-central-ohio,MB,b-fabrizio-1,1
2025,2025-dci-central-ohio,MP,j-prosperie-1,3
2025,2025-dci-central-ohio,VA,b-kuhn-1,2
2025,2025-dci-central-ohio,VP,k-lejeune-1,1
2025,2025-dci-dallas,CG,j-campbell-1,3
2025,2025-dci-dallas,GE1,d-padilla-1,1
2025,2025-dci-dallas,GE2,g-miller-1,2
2025,2025-dci-dallas,MA,d-carbone-1,2
2025,2025-dci-dallas,MB,k-shuttlesworth-1,1
2025,2025-dci-dallas,MP,m-teal-1,3
2025,2025-dci-dallas,VA,b-kuhn-1,2
2025,2025-dci-dallas,VP,c-raichle-1,1
2025,2025-dci-delaware,CG,b-kenny-1,3
2025,2025-dci-delaware,GE1,c-raichle-1,1
2025,2025-dci-delaware,GE2,a-snipes-1,2
2025,2025-dci-delaware,MA,t-fox-1,2
2025,2025-dci-delaware,MB,s-halquist-1,1
2025,2025-dci-delaware,MP,m-griffin-1,3
2025,2025-dci-delaware,VA,g-oliviero-1,2
2025,2025-dci-delaware,VP,d-solomonson-1,1
2025,2025-dci-denton,CG,b-brahan-1,3
2025,2025-dci-denton,GE1,t-wemhoff-1,1
2025,2025-dci-denton,GE2,j-kennedy-1,2
2025,2025-dci-denton,MA,m-griffin-1,2
2025,2025-dci-denton,MB,j-harper-1,1
2025,2025-dci-denton,MP,j-prosperie-1,3
2025,2025-dci-denton,VA,t-pierce-1,2
2025,2025-dci-denton,VP,j-tate-1,1
2025,2025-dci-eastern-classic,CG,j-barton-1,3
2025,2025-dci-eastern-classic,GE1,j-howell-1,1
2025,2025-dci-eastern-classic,GE1,w-chumley-1,2
2025,2025-dci-eastern-classic,GE2,c-rothe-1,3
2025,2025-dci-eastern-classic,GE2,c-phillips-1,4
2025,2025-dci-eastern-classic,MA,d-davis-1,2
2025,2025-dci-eastern-classic,MA,d-carbone-1,3
2025,2025-dci-eastern-classic,MB,p-mcgarr-1,1
2025,2025-dci-eastern-classic,MP,j-brooks-1,4
2025,2025-dci-eastern-classic,VA,j-pursifull-1,2
2025,2025-dci-eastern-classic,VP,j-orefice-1,1
2025,2025-dci-eastern-classic-2,CG,j-barton-1,3
2025,2025-dci-eastern-classic-2,GE1,w-chumley-1,1
2025,2025-dci-eastern-classic-2,GE1,j-howell-1,2
2025,2025-dci-eastern-classic-2,GE2,c-phillips-1,3
2025,2025-dci-eastern-classic-2,GE2,c-rothe-1,4
2025,2025-dci-eastern-classic-2,MA,d-davis-1,2
2025,2025-dci-eastern-classic-2,MA,d-carbone-1,3
2025,2025-dci-eastern-classic-2,MB,p-mcgarr-1,1
2025,2025-dci-eastern-classic-2,MP,j-brooks-1,4
2025,2025-dci-eastern-classic-2,VA,j-pursifull-1,2
2025,2025-dci-eastern-classic-2,VP,j-orefice-1,1
2025,2025-dci-glassboro,CG,g-oliviero-1,3
2025,2025-dci-glassboro,GE1,s-adamo-1,1
2025,2025-dci-glassboro,GE2,a-snipes-1,2
2025,2025-dci-glassboro,MA,d-thomas-1,2
2025,2025-dci-glassboro,MB,d-argul-1,1
2025,2025-dci-glassboro,MP,k-burja-1,3
2025,2025-dci-glassboro,VA,i-delgado-1,2
2025,2025-dci-glassboro,VP,c-raichle-1,1
2025,2025-dci-houston,CG,d-henderson-1,3
2025,2025-dci-houston,GE1,t-slaughter-1,1
2025,2025-dci-houston,GE2,g-miller-1,2
2025,2025-dci-houston,MA,g-fugett-1,2
2025,2025-dci-houston,MB,b-dacy-1,1
2025,2025-dci-houston,MP,m-teal-1,3
2025,2025-dci-houston,VA,k-miller-1,2
2025,2025-dci-houston,VP,h-nguyen-1,1
2025,2025-dci-huntington,CG,d-deems-1,3
2025,2025-dci-huntington,GE1,b-spidel-1,1
2025,2025-dci-huntington,GE2,g-fugett-1,2
2025,2025-dci-huntington,MA,j-mills-1,2
2025,2025-dci-huntington,MB,s-halquist-1,1
2025,2025-dci-huntington,MP,j-prosperie-1,3
2025,2025-dci-huntington,VA,t-pierce-1,2
2025,2025-dci-huntington,VP,s-chumley-1,1
2025,2025-dci-in-motion,CG,j-campbell-1,3
2025,2025-dci-in-motion,GE1,t-slaughter-1,1
2025,2025-dci-in-motion,GE2,j-rhodes-1,2
2025,2025-dci-in-motion,MA,j-mills-1,2
2025,2025-dci-in-motion,MB,b-fabrizio-1,1
2025,2025-dci-in-motion,MP,p-furnari-1,3
2025,2025-dci-in-motion,VA,j-tate-1,2
2025,2025-dci-in-motion,VP,c-church-1,1
2025,2025-dci-lake-erie,CG,m-thompson-1,3
2025,2025-dci-lake-erie,GE1,m-tarr-1,1
2025,2025-dci-lake-erie,GE2,s-halquist-1,2
2025,2025-dci-lake-erie,MA,m-brown-1,2
2025,2025-dci-lake-erie,MB,s-page-1,1
2025,2025-dci-lake-erie,MP,m-griffin-1,3
2025,2025-dci-lake-erie,VA,j-pursifull-1,2
2025,2025-dci-lake-erie,VP,j-tate-1,1
2025,2025-dci-little-rock,CG,i-jenkins-1,3
2025,2025-dci-little-rock,GE1,b-spidel-1,1
2025,2025-dci-little-rock,GE2,g-fugett-1,2
2025,2025-dci-little-rock,MA,k-weirich-1,2
2025,2025-dci-little-rock,MB,b-crisp-1,1
2025,2025-dci-little-rock,MP,m-teal-1,3
2025,2025-dci-little-rock,VA,j-tate-1,2
2025,2025-dci-little-rock,VP,m-tarr-1,1
2025,2025-dci-mckinney,CG,d-padilla-1,3
2025,2025-dci-mckinney,GE1,c-raichle-1,1
2025,2025-dci-mckinney,GE2,g-miller-1,2
2025,2025-dci-mckinney,MA,d-carbone-1,2
2025,2025-dci-mckinney,MB,b-dacy-1,1
2025,2025-dci-mckinney,MP,j-myers-1,3
2025,2025-dci-mckinney,VA,b-kuhn-1,2
2025,2025-dci-mckinney,VP,j-campbell-1,1
2025,2025-dci-michigan,CG,j-sturgeon-1,3
2025,2025-dci-michigan,GE1,m-tarr-1,1
2025,2025-dci-michigan,GE2,j-denton-1,2
2025,2025-dci-michigan,MA,n-jones-1,2
2025,2025-dci-michigan,MB,p-haines-1,1
2025,2025-dci-michigan,MP,c-rapacki-1,3
2025,2025-dci-michigan,VA,b-kuhn-1,2
2025,2025-dci-michigan,VP,j-bierschenk-1,1
2025,2025-dci-nashville,CG,m-mccourt-1,3
2025,2025-dci-nashville,GE1,t-wemhoff-1,1
2025,2025-dci-nashville,GE2,m-howard-1,2
2025,2025-dci-nashville,MA,k-turner-1,2
2025,2025-dci-nashville,MB,p-mcgarr-1,1
2025,2025-dci-nashville,MP,j-brooks-1,3
2025,2025-dci-nashville,VA,t-ochran-1,2
2025,2025-dci-nashville,VP,j-orefice-1,1
2025,2025-dci-new-mexico,CG,g-llacer-1,3
2025,2025-dci-new-mexico,GE1,c-dillon-1,1
2025,2025-dci-new-mexico,GE2,w-dillon-1,2
2025,2025-dci-new-mexico,MA,j-wilson-1,2
2025,2025-dci-new-mexico,MB,r-badua-1,1
2025,2025-dci-new-mexico,MP,b-williams-1,3
2025,2025-dci-new-mexico,VA,e-beens-1,2
2025,2025-dci-new-mexico,VP,c-nelson-1,1
2025,2025-dci-northern-ohio,CG,d-deems-1,3
2025,2025-dci-northern-ohio,GE1,b-kuhn-1,1
2025,2025-dci-northern-ohio,GE2,p-smith-1,2
2025,2025-dci-northern-ohio,MA,b-fabrizio-1,2
2025,2025-dci-northern-ohio,MB,s-halquist-1,1
2025,2025-dci-northern-ohio,MP,m-davis-1,3
2025,2025-dci-northern-ohio,VA,d-solomonson-1,2
2025,2025-dci-northern-ohio,VP,m-bowers-1,1
2025,2025-dci-open-class-world-championship-finals,CG,c-costanza-1,3
2025,2025-dci-open-class-world-championship-finals,GE1,w-rickart-1,1
2025,2025-dci-open-class-world-championship-finals,GE1,k-lejeune-1,2
2025,2025-dci-open-class-world-championship-finals,GE2,j-denton-1,3
2025,2025-dci-open-class-world-championship-finals,GE2,n-jones-1,4
2025,2025-dci-open-class-world-championship-finals,MA,j-rhodes-1,2
2025,2025-dci-open-class-world-championship-finals,MA,t-fox-1,3
2025,2025-dci-open-class-world-championship-finals,MB,p-haines-1,1
2025,2025-dci-open-class-world-championship-finals,MP,m-davis-1,4
2025,2025-dci-open-class-world-championship-finals,VA,t-wingate-1,2
2025,2025-dci-open-class-world-championship-finals,VP,j-sturgeon-1,1
2025,2025-dci-open-class-world-championship-prelims,CG,j-campbell-1,3
2025,2025-dci-open-class-world-championship-prelims,GE1,c-costanza-1,1
2025,2025-dci-open-class-world-championship-prelims,GE1,j-howell-1,2
2025,2025-dci-open-class-world-championship-prelims,GE2,a-snipes-1,3
2025,2025-dci-open-class-world-championship-prelims,GE2,g-fugett-1,4
2025,2025-dci-open-class-world-championship-prelims,MA,b-fabrizio-1,2
2025,2025-dci-open-class-world-championship-prelims,MA,j-mills-1,3
2025,2025-dci-open-class-world-championship-prelims,MB,k-shuttlesworth-1,1
2025,2025-dci-open-class-world-championship-prelims,MP,c-rapacki-1,4
2025,2025-dci-open-class-world-championship-prelims,VA,w-chumley-1,2
2025,2025-dci-open-class-world-championship-prelims,VP,j-orefice-1,1
2025,2025-dci-pittsburgh,CG,j-barton-1,3
2025,2025-dci-pittsburgh,GE1,k-lejeune-1,1
2025,2025-dci-pittsburgh,GE2,j-webb-1,2
2025,2025-dci-pittsburgh,MA,c-marra-1,2
2025,2025-dci-pittsburgh,MB,n-konouchi-1,1
2025,2025-dci-pittsburgh,MP,g-howarth-1,3
2025,2025-dci-pittsburgh,VA,t-wingate-1,2
2025,2025-dci-pittsburgh,VP,s-clark-1,1
2025,2025-dci-southeastern-championship,CG,b-brahan-1,3
2025,2025-dci-southeastern-championship,GE1,m-mccourt-1,1
2025,2025-dci-southeastern-championship,GE1,d-padilla-1,2
2025,2025-dci-southeastern-championship,GE2,a-snipes-1,3
2025,2025-dci-southeastern-championship,GE2,g-fugett-1,4
2025,2025-dci-southeastern-championship,MA,w-dillon-1,2
2025,2025-dci-southeastern-championship,MA,c-romanowski-1,3
2025,2025-dci-southeastern-championship,MB,p-mcgarr-1,1
2025,2025-dci-southeastern-championship,MP,m-leitzke-1,4
2025,2025-dci-southeastern-championship,VA,d-torchia-1,2
2025,2025-dci-southeastern-championship,VP,c-moss-1,1
2025,2025-dci-southwestern-championship-2,CG,j-oswald-1,3
2025,2025-dci-southwestern-championship-2,GE1,t-wemhoff-1,1
2025,2025-dci-southwestern-championship-2,GE1,d-deems-1,2
2025,2025-dci-southwestern-championship-2,GE2,j-rhodes-1,3
2025,2025-dci-southwestern-championship-2,GE2,m-howard-1,4
2025,2025-dci-southwestern-championship-2,MA,j-kennedy-1,2
2025,2025-dci-southwestern-championship-2,MA,j-harper-1,3
2025,2025-dci-southwestern-championship-2,MB,d-argul-1,1
2025,2025-dci-southwestern-championship-2,MP,m-griffin-1,4
2025,2025-dci-southwestern-championship-2,VA,t-slaughter-1,2
2025,2025-dci-southwestern-championship-2,VP,r-solomon-1,1
2025,2025-dci-st-louis,CG,r-solomon-1,3
2025,2025-dci-st-louis,GE1,k-baker-1,1
2025,2025-dci-st-louis,GE2,d-carbone-1,2
2025,2025-dci-st-louis,MA,j-rhodes-1,2
2025,2025-dci-st-louis,MB,d-orser-1,1
2025,2025-dci-st-louis,MP,m-davis-1,3
2025,2025-dci-st-louis,VA,j-sturgeon-1,2
2025,2025-dci-st-louis,VP,b-jones-1,1
2025,2025-dci-waco,CG,m-turner-1,3
2025,2025-dci-waco,GE1,d-deems-1,1
2025,2025-dci-waco,GE2,k-lejeune-1,2
2025,2025-dci-waco,MA,r-rios-1,2
2025,2025-dci-waco,MB,b-dacy-1,1
2025,2025-dci-waco,MP,m-teal-1,3
2025,2025-dci-waco,VA,g-llacer-1,2
2025,2025-dci-waco,VP,t-slaughter-1,1
2025,2025-dci-west,CG,j-howell-1,3
2025,2025-dci-west,GE1,t-ochran-1,1
2025,2025-dci-west,GE2,m-mcgahey-1,2
2025,2025-dci-west,MA,j-kennedy-1,2
2025,2025-dci-west,MB,b-crisp-1,1
2025,2025-dci-west,MP,m-griffin-1,3
2025,2025-dci-west,VA,w-chumley-1,2
2025,2025-dci-west,VP,g-llacer-1,1
2025,2025-dci-west-texas,CG,j-gilley-1,3
2025,2025-dci-west-texas,GE1,c-nelson-1,1
2025,2025-dci-west-texas,GE2,a-snipes-1,2
2025,2025-dci-west-texas,MA,n-konouchi-1,2
2025,2025-dci-west-texas,MB,k-shuttlesworth-1,1
2025,2025-dci-west-texas,MP,j-prosperie-1,3
2025,2025-dci-west-texas,VA,e-beens-1,2
2025,2025-dci-west-texas,VP,d-henderson-1,1
2025,2025-dci-williamsport,CG,j-campbell-1,3
2025,2025-dci-williamsport,GE1,k-baker-1,1
2025,2025-dci-williamsport,GE2,c-poole-1,2
2025,2025-dci-williamsport,MA,t-fox-1,2
2025,2025-dci-williamsport,MB,s-halquist-1,1
2025,2025-dci-williamsport,MP,j-prosperie-1,3
2025,2025-dci-williamsport,VA,t-pierce-1,2
2025,2025-dci-williamsport,VP,i-jenkins-1,1
2025,2025-dci-world-championship-finals,CG,b-brahan-1,3
2025,2025-dci-world-championship-finals,GE1,d-deems-1,1
2025,2025-dci-world-championship-finals,GE1,d-padilla-1,2
2025,2025-dci-world-championship-finals,GE2,g-miller-1,3
2025,2025-dci-world-championship-finals,GE2,c-rothe-1,4
2025,2025-dci-world-championship-finals,MA,c-romanowski-1,2
2025,2025-dci-world-championship-finals,MA,j-harper-1,3
2025,2025-dci-world-championship-finals,MB,p-mcgarr-1,1
2025,2025-dci-world-championship-finals,MP,j-brooks-1,4
2025,2025-dci-world-championship-finals,VA,t-slaughter-1,2
2025,2025-dci-world-championship-finals,VP,r-solomon-1,1
2025,2025-dci-world-championship-prelims,CG,j-barton-1,3
2025,2025-dci-world-championship-prelims,GE1,m-mccourt-1,1
2025,2025-dci-world-championship-prelims,GE1,j-howell-1,2
2025,2025-dci-world-championship-prelims,GE2,j-rhodes-1,3
2025,2025-dci-world-championship-prelims,GE2,c-phillips-1,4
2025,2025-dci-world-championship-prelims,MA,d-davis-1,2
2025,2025-dci-world-championship-prelims,MA,j-kennedy-1,3
2025,2025-dci-world-championship-prelims,MB,b-crisp-1,1
2025,2025-dci-world-championship-prelims,MP,c-rapacki-1,4
2025,2025-dci-world-championship-prelims,VA,j-pursifull-1,2
2025,2025-dci-world-championship-prelims,VP,j-orefice-1,1
2025,2025-dci-world-championship-semifinals,CG,j-oswald-1,3
2025,2025-dci-world-championship-semifinals,GE1,k-miller-1,1
2025,2025-dci-world-championship-semifinals,GE1,t-wemhoff-1,2
2025,2025-dci-world-championship-semifinals,GE2,m-howard-1,3
2025,2025-dci-world-championship-semifinals,GE2,n-jones-1,4
2025,2025-dci-world-championship-semifinals,MA,d-carbone-1,2
2025,2025-dci-world-championship-semifinals,MA,k-young-1,3
2025,2025-dci-world-championship-semifinals,MB,d-argul-1,1
2025,2025-dci-world-championship-semifinals,MP,m-griffin-1,4
2025,2025-dci-world-championship-semifinals,VA,d-torchia-1,2
2025,2025-dci-world-championship-semifinals,VP,h-nguyen-1,1
2025,2025-drum-corps-at-the-rose-bowl,CG,j-oswald-1,3
2025,2025-drum-corps-at-the-rose-bowl,GE1,w-rickart-1,1
2025,2025-drum-corps-at-the-rose-bowl,GE2,n-jones-1,2
2025,2025-drum-corps-at-the-rose-bowl,MA,c-phillips-1,2
2025,2025-drum-corps-at-the-rose-bowl,MB,d-argul-1,1
2025,2025-drum-corps-at-the-rose-bowl,MP,m-leitzke-1,3
2025,2025-drum-corps-at-the-rose-bowl,VA,t-wingate-1,2
2025,2025-drum-corps-at-the-rose-bowl,VP,r-solomon-1,1
2025,2025-drum-corps-grand-prix,CG,s-clark-1,3
2025,2025-drum-corps-grand-prix,GE1,j-gilley-1,1
2025,2025-drum-corps-grand-prix,GE2,j-webb-1,2
2025,2025-drum-corps-grand-prix,MA,p-furnari-1,2
2025,2025-drum-corps-grand-prix,MB,d-thomas-1,1
2025,2025-drum-corps-grand-prix,MP,g-howarth-1,3
2025,2025-drum-corps-grand-prix,VA,d-solomonson-1,2
2025,2025-drum-corps-grand-prix,VP,m-thompson-1,1
2025,2025-drums-across-america,CG,s-clark-1,3
2025,2025-drums-across-america,GE1,b-spidel-1,1
2025,2025-drums-across-america,GE2,m-brown-1,2
2025,2025-drums-across-america,MA,d-carbone-1,2
2025,2025-drums-across-america,MB,w-dillon-1,1
2025,2025-drums-across-america,MP,t-sanders-1,3
2025,2025-drums-across-america,VA,d-solomonson-1,2
2025,2025-drums-across-america,VP,m-tarr-1,1
2025,2025-drums-across-the-desert,CG,m-turner-1,3
2025,2025-drums-across-the-desert,GE1,j-gilley-1,1
2025,2025-drums-across-the-desert,GE2,j-rhodes-1,2
2025,2025-drums-across-the-desert,MA,c-romanowski-1,2
2025,2025-drums-across-the-desert,MB,j-loyde-1,1
2025,2025-drums-across-the-desert,MP,b-williams-1,3
2025,2025-drums-across-the-desert,VA,e-beens-1,2
2025,2025-drums-across-the-desert,VP,c-nelson-1,1
2025,2025-drums-across-the-smokies,CG,t-hudnall-1,3
2025,2025-drums-across-the-smokies,GE1,m-tarr-1,1
2025,2025-drums-across-the-smokies,GE2,c-moss-1,2
2025,2025-drums-across-the-smokies,MA,c-romanowski-1,2
2025,2025-drums-across-the-smokies,MB,b-crisp-1,1
2025,2025-drums-across-the-smokies,MP,m-davis-1,3
2025,2025-drums-across-the-smokies,VA,d-solomonson-1,2
2025,2025-drums-across-the-smokies,VP,s-clark-1,1
2025,2025-drums-along-the-rockies,CG,d-padilla-1,3
2025,2025-drums-along-the-rockies,GE1,t-wemhoff-1,1
2025,2025-drums-along-the-rockies,GE2,d-davis-1,2
2025,2025-drums-along-the-rockies,MA,r-rios-1,2
2025,2025-drums-along-the-rockies,MB,m-hoskins-1,1
2025,2025-drums-along-the-rockies,MP,j-brooks-1,3
2025,2025-drums-along-the-rockies,VA,t-slaughter-1,2
2025,2025-drums-along-the-rockies,VP,j-sturgeon-1,1
2025,2025-drums-on-parade,CG,w-chumley-1,3
2025,2025-drums-on-parade,GE1,c-costanza-1,1
2025,2025-drums-on-parade,GE2,k-weirich-1,2
2025,2025-drums-on-parade,MA,b-crisp-1,2
2025,2025-drums-on-parade,MB,s-page-1,1
2025,2025-drums-on-parade,MP,t-sanders-1,3
2025,2025-drums-on-parade,VA,d-solomonson-1,2
2025,2025-drums-on-parade,VP,k-miller-1,1
2025,2025-drums-on-the-ohio,CG,b-spidel-1,3
2025,2025-drums-on-the-ohio,GE1,b-jones-1,1
2025,2025-drums-on-the-ohio,GE2,j-webb-1,2
2025,2025-drums-on-the-ohio,MA,j-wilson-1,2
2025,2025-drums-on-the-ohio,MB,a-cook-1,1
2025,2025-drums-on-the-ohio,MP,g-fugett-1,3
2025,2025-drums-on-the-ohio,VA,k-baker-1,2
2025,2025-drums-on-the-ohio,VP,r-solomon-1,1
2025,2025-gold-showcase,CG,j-howell-1,3
2025,2025-gold-showcase,GE1,w-rickart-1,1
2025,2025-gold-showcase,GE2,c-phillips-1,2
2025,2025-gold-showcase,MA,p-haines-1,2
2025,2025-gold-showcase,MB,d-argul-1,1
2025,2025-gold-showcase,MP,c-rothe-1,3
2025,2025-gold-showcase,VA,g-oliviero-1,2
2025,2025-gold-showcase,VP,m-turner-1,1
2025,2025-innovations-in-brass,CG,w-rickart-1,3
2025,2025-innovations-in-brass,GE1,k-miller-1,1
2025,2025-innovations-in-brass,GE2,k-turner-1,2
2025,2025-innovations-in-brass,MA,w-dillon-1,2
2025,2025-innovations-in-brass,MB,p-mcgarr-1,1
2025,2025-innovations-in-brass,MP,m-leitzke-1,3
2025,2025-innovations-in-brass,VA,m-gray-1,2
2025,2025-innovations-in-brass,VP,j-sturgeon-1,1
2025,2025-march-on,CG,a-dalton-1,3
2025,2025-march-on,GE1,a-combites-1,1
2025,2025-march-on,GE2,c-armbruster-1,2
2025,2025-march-on,MA,j-webb-1,2
2025,2025-march-on,MB,j-missing-1,1
2025,2025-march-on,MP,b-williams-1,3
2025,2025-march-on,VA,t-pierce-1,2
2025,2025-march-on,VP,j-bierschenk-1,1
2025,2025-midwest-classic,CG,j-oswald-1,3
2025,2025-midwest-classic,GE1,k-miller-1,1
2025,2025-midwest-classic,GE1,c-costanza-1,2
2025,2025-midwest-classic,GE2,n-jones-1,3
2025,2025-midwest-classic,GE2,g-miller-1,4
2025,2025-midwest-classic,MA,j-webb-1,2
2025,2025-midwest-classic,MA,k-young-1,3
2025,2025-midwest-classic,MB,b-crisp-1,1
2025,2025-midwest-classic,MP,c-rapacki-1,4
2025,2025-midwest-classic,VA,w-chumley-1,2
2025,2025-midwest-classic,VP,h-nguyen-1,1
2025,2025-nightbeat,CG,j-barton-1,3
2025,2025-nightbeat,GE1,c-moss-1,1
2025,2025-nightbeat,GE2,n-jones-1,2
2025,2025-nightbeat,MA,k-young-1,2
2025,2025-nightbeat,MB,b-crisp-1,1
2025,2025-nightbeat,MP,c-rapacki-1,3
2025,2025-nightbeat,VA,t-wingate-1,2
2025,2025-nightbeat,VP,i-jenkins-1,1
2025,2025-northwest-youth-music-games-portland,CG,h-nguyen-1,3
2025,2025-northwest-youth-music-games-portland,GE1,k-miller-1,1
2025,2025-northwest-youth-music-games-portland,GE2,n-jones-1,2
2025,2025-northwest-youth-music-games-portland,MA,j-davila-1,2
2025,2025-northwest-youth-music-games-portland,MB,w-dillon-1,1
2025,2025-northwest-youth-music-games-portland,MP,c-rothe-1,3
2025,2025-northwest-youth-music-games-portland,VA,p-madden-1,2
2025,2025-northwest-youth-music-games-portland,VP,c-dillon-1,1
2025,2025-northwest-youth-music-games-seattle,CG,c-dillon-1,3
2025,2025-northwest-youth-music-games-seattle,GE1,p-madden-1,1
2025,2025-northwest-youth-music-games-seattle,GE2,c-rothe-1,2
2025,2025-northwest-youth-music-games-seattle,MA,w-dillon-1,2
2025,2025-northwest-youth-music-games-seattle,MB,n-jones-1,1
2025,2025-northwest-youth-music-games-seattle,MP,j-davila-1,3
2025,2025-northwest-youth-music-games-seattle,VA,k-miller-1,2
2025,2025-northwest-youth-music-games-seattle,VP,h-nguyen-1,1
2025,2025-resound,CG,m-turner-1,3
2025,2025-resound,GE1,p-madden-1,1
2025,2025-resound,GE2,b-williams-1,2
2025,2025-resound,MA,j-wilson-1,2
2025,2025-resound,MB,m-rubino-1,1
2025,2025-resound,MP,j-myers-1,3
2025,2025-resound,VA,g-oliviero-1,2
2025,2025-resound,VP,j-howell-1,1
2025,2025-river-city-rhapsody,CG,j-barton-1,3
2025,2025-river-city-rhapsody,GE1,t-pierce-1,1
2025,2025-river-city-rhapsody,GE2,d-orser-1,2
2025,2025-river-city-rhapsody,MA,j-loyde-1,2
2025,2025-river-city-rhapsody,MB,c-armbruster-1,1
2025,2025-river-city-rhapsody,MP,c-romanowski-1,3
2025,2025-river-city-rhapsody,VA,d-deems-1,2
2025,2025-river-city-rhapsody,VP,d-henderson-1,1
2025,2025-rotary-music-festival,CG,r-bailey-1,3
2025,2025-rotary-music-festival,GE1,a-dalton-1,1
2025,2025-rotary-music-festival,GE2,b-huneycutt-1,2
2025,2025-rotary-music-festival,MA,c-armbruster-1,2
2025,2025-rotary-music-festival,MB,a-brown-1,1
2025,2025-rotary-music-festival,MP,c-rapacki-1,3
2025,2025-rotary-music-festival,VA,c-raichle-1,2
2025,2025-rotary-music-festival,VP,j-missing-1,1
2025,2025-show-of-shows,CG,c-raichle-1,3
2025,2025-show-of-shows,GE1,r-bailey-1,1
2025,2025-show-of-shows,GE2,c-armbruster-1,2
2025,2025-show-of-shows,MA,a-brown-1,2
2025,2025-show-of-shows,MB,b-huneycutt-1,1
2025,2025-show-of-shows,MP,c-rapacki-1,3
2025,2025-show-of-shows,VA,c-nelson-1,2
2025,2025-show-of-shows,VP,a-dalton-1,1
2025,2025-so-cal-classic-open-class-pacific-championship-finals,CG,c-costanza-1,3
2025,2025-so-cal-classic-open-class-pacific-championship-finals,GE1,r-solomon-1,1
2025,2025-so-cal-classic-open-class-pacific-championship-finals,GE2,n-jones-1,2
2025,2025-so-cal-classic-open-class-pacific-championship-finals,MA,m-leitzke-1,2
2025,2025-so-cal-classic-open-class-pacific-championship-finals,MB,r-badua-1,1
2025,2025-so-cal-classic-open-class-pacific-championship-finals,MP,j-myers-1,3
2025,2025-so-cal-classic-open-class-pacific-championship-finals,VA,t-wingate-1,2
2025,2025-so-cal-classic-open-class-pacific-championship-finals,VP,j-sturgeon-1,1
2025,2025-soaring-sounds,CG,d-deems-1,3
2025,2025-soaring-sounds,GE1,d-padilla-1,1
2025,2025-soaring-sounds,GE2,j-mills-1,2
2025,2025-soaring-sounds,MA,a-cook-1,2
2025,2025-soaring-sounds,MB,a-brown-1,1
2025,2025-soaring-sounds,MP,k-burja-1,3
2025,2025-soaring-sounds,VA,b-jones-1,2
2025,2025-soaring-sounds,VP,t-slaughter-1,1
2025,2025-summer-music-games-in-cincinnati,CG,d-padilla-1,3
2025,2025-summer-music-games-in-cincinnati,GE1,d-deems-1,1
2025,2025-summer-music-games-in-cincinnati,GE2,j-mills-1,2
2025,2025-summer-music-games-in-cincinnati,MA,c-romanowski-1,2
2025,2025-summer-music-games-in-cincinnati,MB,s-page-1,1
2025,2025-summer-music-games-in-cincinnati,MP,p-furnari-1,3
2025,2025-summer-music-games-in-cincinnati,VA,t-slaughter-1,2
2025,2025-summer-music-games-in-cincinnati,VP,b-jones-1,1
2025,2025-the-buccaneer-classic,CG,b-kenny-1,3
2025,2025-the-buccaneer-classic,GE1,c-moss-1,1
2025,2025-the-buccaneer-classic,GE2,m-hoskins-1,2
2025,2025-the-buccaneer-classic,MA,b-fabrizio-1,2
2025,2025-the-buccaneer-classic,MB,c-marra-1,1
2025,2025-the-buccaneer-classic,MP,j-prosperie-1,3
2025,2025-the-buccaneer-classic,VA,i-delgado-1,2
2025,2025-the-buccaneer-classic,VP,m-thompson-1,1
2025,2025-the-kiwanis-thunder-of-drums,CG,b-kenny-1,3
2025,2025-the-kiwanis-thunder-of-drums,GE1,j-gilley-1,1
2025,2025-the-kiwanis-thunder-of-drums,GE2,c-armbruster-1,2
2025,2025-the-kiwanis-thunder-of-drums,MA,j-kennedy-1,2
2025,2025-the-kiwanis-thunder-of-drums,MB,r-badua-1,1
2025,2025-the-kiwanis-thunder-of-drums,MP,m-davis-1,3
2025,2025-the-kiwanis-thunder-of-drums,VA,d-torchia-1,2
2025,2025-the-kiwanis-thunder-of-drums,VP,j-pursifull-1,1
2025,2025-western-corps-connection,CG,w-rickart-1,3
2025,2025-western-corps-connection,GE1,t-wingate-1,1
2025,2025-western-corps-connection,GE2,c-rothe-1,2
2025,2025-western-corps-connection,MA,d-argul-1,2
2025,2025-western-corps-connection,MB,c-phillips-1,1
2025,2025-western-corps-connection,MP,j-myers-1,3
2025,2025-western-corps-connection,VA,r-solomon-1,2
2025,2025-western-corps-connection,VP,j-oswald-1,1
2025,2025-white-rose-classic,CG,b-kenny-1,3
2025,2025-white-rose-classic,GE1,b-jones-1,1
2025,2025-white-rose-classic,GE2,j-denton-1,2
2025,2025-white-rose-classic,MA,p-haines-1,2
2025,2025-white-rose-classic,MB,k-shuttlesworth-1,1
2025,2025-white-rose-classic,MP,m-davis-1,3
2025,2025-white-rose-classic,VA,t-wingate-1,2
2025,2025-white-rose-classic,VP,k-lejeune-1,1
2026,2026-barnum-festival-champions-on-parade,CG,b-kenny-1,3
2026,2026-barnum-festival-champions-on-parade,GE1,b-brahan-1,1
2026,2026-barnum-festival-champions-on-parade,GE2,p-smith-1,2
2026,2026-barnum-festival-champions-on-parade,MA,j-webb-1,2
2026,2026-barnum-festival-champions-on-parade,MB,d-argul-1,1
2026,2026-barnum-festival-champions-on-parade,MP,j-prosperie-1,3
2026,2026-barnum-festival-champions-on-parade,VA,s-adamo-1,2
2026,2026-barnum-festival-champions-on-parade,VP,h-nguyen-1,1
2026,2026-brass-impact,CG,b-kenny-1,3
2026,2026-brass-impact,GE1,a-dalton-1,1
2026,2026-brass-impact,GE2,c-rothe-1,2
2026,2026-brass-impact,MA,b-fabrizio-1,2
2026,2026-brass-impact,MB,s-page-1,1
2026,2026-brass-impact,MP,m-davis-1,3
2026,2026-brass-impact,VA,s-adamo-1,2
2026,2026-brass-impact,VP,b-jones-1,1
2026,2026-cavalcade-of-brass,CG,t-landess-1,3
2026,2026-cavalcade-of-brass,GE1,b-spidel-1,1
2026,2026-cavalcade-of-brass,GE2,j-kennedy-1,2
2026,2026-cavalcade-of-brass,MA,c-moss-1,2
2026,2026-cavalcade-of-brass,MB,j-mills-1,1
2026,2026-cavalcade-of-brass,MP,t-sanders-1,3
2026,2026-cavalcade-of-brass,VA,k-baker-1,2
2026,2026-cavalcade-of-brass,VP,j-bierschenk-1,1
2026,2026-corps-encore,CG,m-thompson-1,3
2026,2026-corps-encore,GE1,d-padilla-1,1
2026,2026-corps-encore,GE2,m-hoskins-1,2
2026,2026-corps-encore,MA,k-young-1,2
2026,2026-corps-encore,MB,b-crisp-1,1
2026,2026-corps-encore,MP,b-williams-1,3
2026,2026-corps-encore,VA,t-slaughter-1,2
2026,2026-corps-encore,VP,j-sturgeon-1,1
2026,2026-dci-broken-arrow,CG,b-kenny-1,3
2026,2026-dci-broken-arrow,GE1,a-dalton-1,1
2026,2026-dci-broken-arrow,GE2,s-page-1,2
2026,2026-dci-broken-arrow,MA,c-rothe-1,2
2026,2026-dci-broken-arrow,MB,b-fabrizio-1,1
2026,2026-dci-broken-arrow,MP,j-prosperie-1,3
2026,2026-dci-broken-arrow,VA,w-chumley-1,2
2026,2026-dci-broken-arrow,VP,j-barton-1,1
2026,2026-dci-capital-classic,CG,m-turner-1,3
2026,2026-dci-capital-classic,GE1,c-costanza-1,1
2026,2026-dci-capital-classic,GE2,c-rothe-1,2
2026,2026-dci-capital-classic,MA,a-snipes-1,2
2026,2026-dci-capital-classic,MB,r-badua-1,1
2026,2026-dci-capital-classic,MP,b-williams-1,3
2026,2026-dci-capital-classic,VA,t-pierce-1,2
2026,2026-dci-capital-classic,VP,w-chumley-1,1
2026,2026-dci-central-texas,CG,b-kenny-1,3
2026,2026-dci-central-texas,GE1,b-brahan-1,1
2026,2026-dci-central-texas,GE2,d-carbone-1,2
2026,2026-dci-central-texas,MA,c-armbruster-1,2
2026,2026-dci-central-texas,MB,p-haines-1,1
2026,2026-dci-central-texas,MP,m-teal-1,3
2026,2026-dci-central-texas,VA,b-kuhn-1,2
2026,2026-dci-central-texas,VP,a-dalton-1,1
2026,2026-dci-dallas,CG,j-gilley-1,3
2026,2026-dci-dallas,GE1,c-dillon-1,1
2026,2026-dci-dallas,GE2,w-dillon-1,2
2026,2026-dci-dallas,MA,j-harper-1,2
2026,2026-dci-dallas,MB,p-mcgarr-1,1
2026,2026-dci-dallas,MP,m-leitzke-1,3
2026,2026-dci-dallas,VA,d-torchia-1,2
2026,2026-dci-dallas,VP,c-raichle-1,1
2026,2026-dci-denton,CG,h-nguyen-1,3
2026,2026-dci-denton,GE1,t-wemhoff-1,1
2026,2026-dci-denton,GE2,a-snipes-1,2
2026,2026-dci-denton,MA,j-kennedy-1,2
2026,2026-dci-denton,MB,b-dacy-1,1
2026,2026-dci-denton,MP,j-prosperie-1,3
2026,2026-dci-denton,VA,k-miller-1,2
2026,2026-dci-denton,VP,d-henderson-1,1
2026,2026-dci-houston,CG,a-dalton-1,3
2026,2026-dci-houston,GE1,t-wemhoff-1,1
2026,2026-dci-houston,GE2,m-howard-1,2
2026,2026-dci-houston,MA,m-mcgahey-1,2
2026,2026-dci-houston,MB,c-armbruster-1,1
2026,2026-dci-houston,MP,g-fugett-1,3
2026,2026-dci-houston,VA,b-kuhn-1,2
2026,2026-dci-houston,VP,d-henderson-1,1
2026,2026-dci-hutchinson,CG,s-adamo-1,3
2026,2026-dci-hutchinson,GE1,b-jones-1,1
2026,2026-dci-hutchinson,GE2,j-mills-1,2
2026,2026-dci-hutchinson,MA,m-davis-1,2
2026,2026-dci-hutchinson,MB,d-thomas-1,1
2026,2026-dci-hutchinson,MP,b-williams-1,3
2026,2026-dci-hutchinson,VA,c-nelson-1,2
2026,2026-dci-hutchinson,VP,m-thompson-1,1
2026,2026-dci-mckinney,CG,d-torchia-1,3
2026,2026-dci-mckinney,GE1,j-gilley-1,1
2026,2026-dci-mckinney,GE2,d-davis-1,2
2026,2026-dci-mckinney,MA,p-mcgarr-1,2
2026,2026-dci-mckinney,MB,w-dillon-1,1
2026,2026-dci-mckinney,MP,c-rapacki-1,3
2026,2026-dci-mckinney,VA,c-raichle-1,2
2026,2026-dci-mckinney,VP,c-dillon-1,1
2026,2026-dci-new-mexico,CG,j-gilley-1,3
2026,2026-dci-new-mexico,GE1,c-dillon-1,1
2026,2026-dci-new-mexico,GE2,p-furnari-1,2
2026,2026-dci-new-mexico,MA,j-rhodes-1,2
2026,2026-dci-new-mexico,MB,b-huneycutt-1,1
2026,2026-dci-new-mexico,MP,j-brooks-1,3
2026,2026-dci-new-mexico,VA,p-madden-1,2
2026,2026-dci-new-mexico,VP,d-deems-1,1
2026,2026-dci-northern-alabama,CG,r-bailey-1,3
2026,2026-dci-northern-alabama,GE1,k-lejeune-1,1
2026,2026-dci-northern-alabama,GE2,j-mills-1,2
2026,2026-dci-northern-alabama,MA,d-orser-1,2
2026,2026-dci-northern-alabama,MB,s-page-1,1
2026,2026-dci-northern-alabama,MP,t-sanders-1,3
2026,2026-dci-northern-alabama,VA,t-pierce-1,2
2026,2026-dci-northern-alabama,VP,m-tarr-1,1
2026,2026-dci-southwestern-championship,CG,d-padilla-1,3
2026,2026-dci-southwestern-championship,GE1,c-costanza-1,1
2026,2026-dci-southwestern-championship,GE1,k-miller-1,2
2026,2026-dci-southwestern-championship,GE2,g-miller-1,3
2026,2026-dci-southwestern-championship,GE2,d-carbone-1,4
2026,2026-dci-southwestern-championship,MA,c-rothe-1,2
2026,2026-dci-southwestern-championship,MA,k-young-1,3
2026,2026-dci-southwestern-championship,MB,b-fabrizio-1,1
2026,2026-dci-southwestern-championship,MP,j-brooks-1,4
2026,2026-dci-southwestern-championship,VA,j-sturgeon-1,2
2026,2026-dci-southwestern-championship,VP,m-thompson-1,1
2026,2026-dci-west,CG,j-oswald-1,3
2026,2026-dci-west,GE1,m-anderson-1,1
2026,2026-dci-west,GE2,g-fugett-1,2
2026,2026-dci-west,MA,b-williams-1,2
2026,2026-dci-west,MB,p-haines-1,1
2026,2026-dci-west,MP,m-leitzke-1,3
2026,2026-dci-west,VA,j-sturgeon-1,2
2026,2026-dci-west,VP,d-padilla-1,1
2026,2026-drum-corps-at-the-rose-bowl,CG,i-jenkins-1,3
2026,2026-drum-corps-at-the-rose-bowl,GE1,w-rickart-1,1
2026,2026-drum-corps-at-the-rose-bowl,GE2,j-rhodes-1,2
2026,2026-drum-corps-at-the-rose-bowl,MA,g-fugett-1,2
2026,2026-drum-corps-at-the-rose-bowl,MA,a-snipes-1,3
2026,2026-drum-corps-at-the-rose-bowl,MB,s-halquist-1,1
2026,2026-drum-corps-at-the-rose-bowl,MP,c-rothe-1,4
2026,2026-drum-corps-at-the-rose-bowl,VA,j-pursifull-1,2
2026,2026-drum-corps-at-the-rose-bowl,VP,j-barton-1,1
2026,2026-drum-corps-grand-prix,CG,m-thompson-1,3
2026,2026-drum-corps-grand-prix,GE1,b-brahan-1,1
2026,2026-drum-corps-grand-prix,GE2,d-orser-1,2
2026,2026-drum-corps-grand-prix,MA,c-marra-1,2
2026,2026-drum-corps-grand-prix,MB,m-hoskins-1,1
2026,2026-drum-corps-grand-prix,MP,p-furnari-1,3
2026,2026-drum-corps-grand-prix,VA,t-ochran-1,2
2026,2026-drum-corps-grand-prix,VP,j-orefice-1,1
2026,2026-drums-across-america,CG,a-dalton-1,3
2026,2026-drums-across-america,GE1,r-bailey-1,1
2026,2026-drums-across-america,GE2,d-carbone-1,2
2026,2026-drums-across-america,MA,b-fabrizio-1,2
2026,2026-drums-across-america,MB,g-miller-1,1
2026,2026-drums-across-america,MP,m-leitzke-1,3
2026,2026-drums-across-america,VA,d-solomonson-1,2
2026,2026-drums-across-america,VP,m-tarr-1,1
2026,2026-drums-across-nebraska,CG,r-bailey-1,3
2026,2026-drums-across-nebraska,GE1,j-howell-1,1
2026,2026-drums-across-nebraska,GE2,d-davis-1,2
2026,2026-drums-across-nebraska,MA,j-loyde-1,2
2026,2026-drums-across-nebraska,MB,b-huneycutt-1,1
2026,2026-drums-across-nebraska,MP,m-teal-1,3
2026,2026-drums-across-nebraska,VA,m-tarr-1,2
2026,2026-drums-across-nebraska,VP,m-turner-1,1
2026,2026-drums-across-the-smokies,CG,t-hudnall-1,3
2026,2026-drums-across-the-smokies,GE1,b-jones-1,1
2026,2026-drums-across-the-smokies,GE2,g-miller-1,2
2026,2026-drums-across-the-smokies,MA,c-romanowski-1,2
2026,2026-drums-across-the-smokies,MB,b-fabrizio-1,1
2026,2026-drums-across-the-smokies,MP,m-leitzke-1,3
2026,2026-drums-across-the-smokies,VA,j-pursifull-1,2
2026,2026-drums-across-the-smokies,VP,m-thompson-1,1
2026,2026-drums-along-the-rockies,CG,d-padilla-1,3
2026,2026-drums-along-the-rockies,GE1,j-sturgeon-1,1
2026,2026-drums-along-the-rockies,GE2,k-young-1,2
2026,2026-drums-along-the-rockies,MA,b-crisp-1,2
2026,2026-drums-along-the-rockies,MB,m-hoskins-1,1
2026,2026-drums-along-the-rockies,MP,j-wilson-1,3
2026,2026-drums-along-the-rockies,VA,t-slaughter-1,2
2026,2026-drums-along-the-rockies,VP,m-thompson-1,1
2026,2026-gold-showcase,CG,j-barton-1,3
2026,2026-gold-showcase,GE1,w-rickart-1,1
2026,2026-gold-showcase,GE2,j-rhodes-1,2
2026,2026-gold-showcase,MA,c-rothe-1,2
2026,2026-gold-showcase,MB,b-crisp-1,1
2026,2026-gold-showcase,MP,j-myers-1,3
2026,2026-gold-showcase,VA,j-pursifull-1,2
2026,2026-gold-showcase,VP,i-jenkins-1,1
2026,2026-music-on-the-march,CG,j-campbell-1,3
2026,2026-music-on-the-march,GE1,b-jones-1,1
2026,2026-music-on-the-march,GE2,c-poole-1,2
2026,2026-music-on-the-march,MA,b-dacy-1,2
2026,2026-music-on-the-march,MB,r-rios-1,1
2026,2026-music-on-the-march,MP,h-gil-1,3
2026,2026-music-on-the-march,VA,j-tate-1,2
2026,2026-music-on-the-march,VP,j-orefice-1,1
2026,2026-northwest-youth-music-games-portland,CG,j-gilley-1,3
2026,2026-northwest-youth-music-games-portland,GE1,w-chumley-1,1
2026,2026-northwest-youth-music-games-portland,GE2,m-griffin-1,2
2026,2026-northwest-youth-music-games-portland,MA,s-halquist-1,2
2026,2026-northwest-youth-music-games-portland,MB,g-miller-1,1
2026,2026-northwest-youth-music-games-portland,MP,c-romanowski-1,3
2026,2026-northwest-youth-music-games-portland,VA,t-pierce-1,2
2026,2026-northwest-youth-music-games-portland,VP,r-solomon-1,1
2026,2026-northwest-youth-music-games-seattle,CG,w-chumley-1,3
2026,2026-northwest-youth-music-games-seattle,GE1,j-gilley-1,1
2026,2026-northwest-youth-music-games-seattle,GE2,g-miller-1,2
2026,2026-northwest-youth-music-games-seattle,MA,c-romanowski-1,2
2026,2026-northwest-youth-music-games-seattle,MB,s-halquist-1,1
2026,2026-northwest-youth-music-games-seattle,MP,m-griffin-1,3
2026,2026-northwest-youth-music-games-seattle,VA,t-pierce-1,2
2026,2026-northwest-youth-music-games-seattle,VP,r-solomon-1,1
2026,2026-river-city-rhapsody,CG,b-spidel-1,3
2026,2026-river-city-rhapsody,GE1,s-chumley-1,1
2026,2026-river-city-rhapsody,GE2,c-armbruster-1,2
2026,2026-river-city-rhapsody,MA,s-halquist-1,2
2026,2026-river-city-rhapsody,MB,b-huneycutt-1,1
2026,2026-river-city-rhapsody,MP,m-griffin-1,3
2026,2026-river-city-rhapsody,VA,j-tate-1,2
2026,2026-river-city-rhapsody,VP,a-combites-1,1
2026,2026-so-cal-classic-open-class-pacific-championship-finals,CG,r-solomon-1,3
2026,2026-so-cal-classic-open-class-pacific-championship-finals,GE1,j-pursifull-1,1
2026,2026-so-cal-classic-open-class-pacific-championship-finals,GE2,a-snipes-1,2
2026,2026-so-cal-classic-open-class-pacific-championship-finals,MA,j-wilson-1,2
2026,2026-so-cal-classic-open-class-pacific-championship-finals,MB,s-halquist-1,1
2026,2026-so-cal-classic-open-class-pacific-championship-finals,MP,j-myers-1,3
2026,2026-so-cal-classic-open-class-pacific-championship-finals,VA,j-barton-1,2
2026,2026-so-cal-classic-open-class-pacific-championship-finals,VP,j-oswald-1,1
2026,2026-the-buccaneer-classic,CG,d-deems-1,3
2026,2026-the-buccaneer-classic,GE1,b-spidel-1,1
2026,2026-the-buccaneer-classic,GE2,p-smith-1,2
2026,2026-the-buccaneer-classic,MA,c-marra-1,2
2026,2026-the-buccaneer-classic,MB,j-harper-1,1
2026,2026-the-buccaneer-classic,MP,t-fox-1,3
2026,2026-the-buccaneer-classic,VA,k-baker-1,2
2026,2026-the-buccaneer-classic,VP,c-nelson-1,1
2026,2026-the-kiwanis-thunder-of-drums,CG,b-spidel-1,3
2026,2026-the-kiwanis-thunder-of-drums,GE1,m-anderson-1,1
2026,2026-the-kiwanis-thunder-of-drums,GE2,c-armbruster-1,2
2026,2026-the-kiwanis-thunder-of-drums,MA,k-weirich-1,2
2026,2026-the-kiwanis-thunder-of-drums,MB,m-brown-1,1
2026,2026-the-kiwanis-thunder-of-drums,MP,m-davis-1,3
2026,2026-the-kiwanis-thunder-of-drums,VA,t-slaughter-1,2
2026,2026-the-kiwanis-thunder-of-drums,VP,j-tate-1,1
2026,2026-the-whitewater-classic,CG,t-landess-1,3
2026,2026-the-whitewater-classic,GE1,b-spidel-1,1
2026,2026-the-whitewater-classic,GE2,r-rios-1,2
2026,2026-the-whitewater-classic,MA,c-poole-1,2
2026,2026-the-whitewater-classic,MA,j-harper-1,3
2026,2026-the-whitewater-classic,MB,b-dacy-1,1
2026,2026-the-whitewater-classic,MP,j-brooks-1,4
2026,2026-the-whitewater-classic,VA,k-baker-1,2
2026,2026-the-whitewater-classic,VP,j-bierschenk-1,1
2026,2026-western-corps-connection,CG,w-rickart-1,3
2026,2026-western-corps-connection,GE1,j-pursifull-1,1
2026,2026-western-corps-connection,GE2,a-snipes-1,2
2026,2026-western-corps-connection,MA,j-rhodes-1,2
2026,2026-western-corps-connection,MB,p-haines-1,1
2026,2026-western-corps-connection,MP,m-teal-1,3
2026,2026-western-corps-connection,VA,j-barton-1,2
2026,2026-western-corps-connection,VP,i-jenkins-1,1
